condition,speaker_type,conv_id,jsd
HH_CAIA_mail,Client,::44,0.49333059028718373
HH_CAIA_mail,Client,::45,0.6414977624802904
HH_CAIA_mail,Client,::47,0.4574052198534785
HH_CAIA_mail,Client,::48,0.626959983693644
HH_CAIA_mail,Client,::50,0.5218021060225153
HH_CAIA_mail,Client,::53,0.5033226319486276
HH_CAIA_mail,Client,::56,0.5076766080475847
HH_CAIA_mail,Client,::59,0.529224812899695
HH_CAIA_mail,Client,::60,0.4156528968812487
HH_CAIA_mail,Client,::61,0.47688967387386305
HH_CAIA_mail,Client,::62,0.5151257600959747
HH_CAIA_mail,Client,::63,0.3842179791450555
HH_CAIA_mail,Client,::64,0.502444283684449
HH_CAIA_mail,Client,::65,0.42344355951412327
HH_CAIA_mail,Client,::66,0.4877367572130374
HH_CAIA_mail,Client,::67,0.40527794187626026
HH_CAIA_mail,Client,::68,0.5500648937728068
HH_CAIA_mail,Client,::70,0.4397665013130123
HH_CAIA_mail,Client,::71,0.5740933122133935
HH_CAIA_mail,Client,::72,0.44690972253858685
HH_CAIA_mail,Client,::73,0.4687069576869094
HH_CAIA_mail,Client,::74,0.42020892203492405
HH_CAIA_mail,Client,::75,0.5095835460475087
HH_CAIA_mail,Client,::77,0.4066738571431159
HH_CAIA_mail,Client,::78,0.5710937583929884
HH_CAIA_mail,Client,::81,0.40555450750560496
HH_CAIA_mail,Client,::82,0.542237314049607
HH_CAIA_mail,Client,::84,0.3472846437895059
HH_CAIA_mail,Client,::85,0.537155987345049
HH_CAIA_mail,Client,::87,0.4057822455999676
HH_CAIA_mail,Client,::88,0.4275933651470554
HH_CAIA_mail,Client,::89,0.338505594193809
HH_CAIA_mail,Client,::90,0.5294745526432559
HH_CAIA_mail,Client,::91,0.4352221089140751
HH_CAIA_mail,Client,::93,0.47186364407172976
HH_CAIA_mail,Client,::94,0.4360495429856369
HH_CAIA_mail,Counsellor,::44,0.3363345823303092
HH_CAIA_mail,Counsellor,::45,0.616917069864196
HH_CAIA_mail,Counsellor,::47,0.5396459965340539
HH_CAIA_mail,Counsellor,::48,0.5211986175386579
HH_CAIA_mail,Counsellor,::50,0.5696473423662505
HH_CAIA_mail,Counsellor,::53,0.3197873312192768
HH_CAIA_mail,Counsellor,::56,0.45218163782324544
HH_CAIA_mail,Counsellor,::59,0.5211986175386579
HH_CAIA_mail,Counsellor,::60,0.3781643654143242
HH_CAIA_mail,Counsellor,::61,0.5593397071281471
HH_CAIA_mail,Counsellor,::62,0.49477688909304834
HH_CAIA_mail,Counsellor,::63,0.44769880908608756
HH_CAIA_mail,Counsellor,::64,0.3515960572688914
HH_CAIA_mail,Counsellor,::65,0.5528028933829897
HH_CAIA_mail,Counsellor,::66,0.4741665535074697
HH_CAIA_mail,Counsellor,::67,0.45278981765106624
HH_CAIA_mail,Counsellor,::68,0.5663299321341605
HH_CAIA_mail,Counsellor,::70,0.3215735682772839
HH_CAIA_mail,Counsellor,::71,0.46784220081869743
HH_CAIA_mail,Counsellor,::72,0.3477545782455861
HH_CAIA_mail,Counsellor,::73,0.49751756494211896
HH_CAIA_mail,Counsellor,::74,0.5303354978352558
HH_CAIA_mail,Counsellor,::75,0.33861565172978647
HH_CAIA_mail,Counsellor,::77,0.5150443173755767
HH_CAIA_mail,Counsellor,::78,0.6823107369892645
HH_CAIA_mail,Counsellor,::81,0.3240829824871497
HH_CAIA_mail,Counsellor,::82,0.41217365456205096
HH_CAIA_mail,Counsellor,::84,0.36744566879256946
HH_CAIA_mail,Counsellor,::85,0.5412029194205152
HH_CAIA_mail,Counsellor,::87,0.36835013929891397
HH_CAIA_mail,Counsellor,::88,0.4330777246287614
HH_CAIA_mail,Counsellor,::89,0.38068887984313304
HH_CAIA_mail,Counsellor,::90,0.5208412206870336
HH_CAIA_mail,Counsellor,::91,0.3814022475619318
HH_CAIA_mail,Counsellor,::93,0.4476665823150399
HH_CAIA_mail,Counsellor,::94,0.3733088517335647
HH_real_chat,Client,data/raw/human_human/chats/RealCounsellings.json::1000,0.4653843633328087
HH_real_chat,Client,data/raw/human_human/chats/RealCounsellings.json::1001,0.3392794298894121
HH_real_chat,Client,data/raw/human_human/chats/RealCounsellings.json::1002,0.4264948853688737
HH_real_chat,Client,data/raw/human_human/chats/RealCounsellings.json::1003,0.47141729518220216
HH_real_chat,Client,data/raw/human_human/chats/RealCounsellings.json::1004,0.3844334410980679
HH_real_chat,Client,data/raw/human_human/chats/RealCounsellings.json::1005,0.4297893274946824
HH_real_chat,Client,data/raw/human_human/chats/RealCounsellings.json::1006,0.36531303300098117
HH_real_chat,Client,data/raw/human_human/chats/RealCounsellings.json::1007,0.4132552800471874
HH_real_chat,Client,data/raw/human_human/chats/RealCounsellings.json::1008,0.28527972900017395
HH_real_chat,Client,data/raw/human_human/chats/RealCounsellings.json::1009,0.39862382382471995
HH_real_chat,Client,data/raw/human_human/chats/RealCounsellings.json::1010,0.5211286686897028
HH_real_chat,Client,data/raw/human_human/chats/RealCounsellings.json::1011,0.40034005170759246
HH_real_chat,Client,data/raw/human_human/chats/RealCounsellings.json::1012,0.35158972897243285
HH_real_chat,Client,data/raw/human_human/chats/RealCounsellings.json::1013,0.3988690864168283
HH_real_chat,Client,data/raw/human_human/chats/RealCounsellings.json::1014,0.4371987079859904
HH_real_chat,Client,data/raw/human_human/chats/RealCounsellings.json::1015,0.3567356304765296
HH_real_chat,Client,data/raw/human_human/chats/RealCounsellings.json::1016,0.3883761699259411
HH_real_chat,Client,data/raw/human_human/chats/RealCounsellings.json::1017,0.3337079731336689
HH_real_chat,Client,data/raw/human_human/chats/RealCounsellings.json::1018,0.32394193855166215
HH_real_chat,Client,data/raw/human_human/chats/RealCounsellings.json::1019,0.37592306631126454
HH_real_chat,Client,data/raw/human_human/chats/RealCounsellings.json::1020,0.43289309293522155
HH_real_chat,Client,data/raw/human_human/chats/RealCounsellings.json::1021,0.4081420829506074
HH_real_chat,Client,data/raw/human_human/chats/RealCounsellings.json::1022,0.36294067273296504
HH_real_chat,Client,data/raw/human_human/chats/RealCounsellings.json::1023,0.31118950868975415
HH_real_chat,Client,data/raw/human_human/chats/RealCounsellings.json::1024,0.2798502666584234
HH_real_chat,Client,data/raw/human_human/chats/RealCounsellings.json::1025,0.41573909898106276
HH_real_chat,Client,data/raw/human_human/chats/RealCounsellings.json::1026,0.4275609957289376
HH_real_chat,Client,data/raw/human_human/chats/RealCounsellings.json::1027,0.34549327629618093
HH_real_chat,Client,data/raw/human_human/chats/RealCounsellings.json::1028,0.3394560701716496
HH_real_chat,Client,data/raw/human_human/chats/RealCounsellings.json::1029,0.39404381174178743
HH_real_chat,Client,data/raw/human_human/chats/RealCounsellings.json::1030,0.33959424486350165
HH_real_chat,Client,data/raw/human_human/chats/RealCounsellings.json::1031,0.2592499330470283
HH_real_chat,Client,data/raw/human_human/chats/RealCounsellings.json::1032,0.42593564383244087
HH_real_chat,Client,data/raw/human_human/chats/RealCounsellings.json::1033,0.36147199997065527
HH_real_chat,Client,data/raw/human_human/chats/RealCounsellings.json::1034,0.5127697717919758
HH_real_chat,Client,data/raw/human_human/chats/RealCounsellings.json::1035,0.2827966473803582
HH_real_chat,Client,data/raw/human_human/chats/RealCounsellings.json::1036,0.38958829450540966
HH_real_chat,Client,data/raw/human_human/chats/RealCounsellings.json::1037,0.41325947172617883
HH_real_chat,Client,data/raw/human_human/chats/RealCounsellings.json::1038,0.41785478012338584
HH_real_chat,Client,data/raw/human_human/chats/RealCounsellings.json::1039,0.37990746471377895
HH_real_chat,Client,data/raw/human_human/chats/RealCounsellings.json::1040,0.4129874712709048
HH_real_chat,Client,data/raw/human_human/chats/RealCounsellings.json::1041,0.34946682400147283
HH_real_chat,Client,data/raw/human_human/chats/RealCounsellings.json::1042,0.38000018998328594
HH_real_chat,Client,data/raw/human_human/chats/RealCounsellings.json::1043,0.37752742891190133
HH_real_chat,Client,data/raw/human_human/chats/RealCounsellings.json::1044,0.2945555816098206
HH_real_chat,Client,data/raw/human_human/chats/RealCounsellings.json::1045,0.5614607033101763
HH_real_chat,Client,data/raw/human_human/chats/RealCounsellings.json::1046,0.21165537329977457
HH_real_chat,Client,data/raw/human_human/chats/RealCounsellings.json::1047,0.46371002221617846
HH_real_chat,Client,data/raw/human_human/chats/RealCounsellings.json::1048,0.3002024368313777
HH_real_chat,Client,data/raw/human_human/chats/RealCounsellings.json::1049,0.40460844523550094
HH_real_chat,Client,data/raw/human_human/chats/RealCounsellings.json::1050,0.3698473137539668
HH_real_chat,Client,data/raw/human_human/chats/RealCounsellings.json::1051,0.3713323870326857
HH_real_chat,Client,data/raw/human_human/chats/RealCounsellings.json::1053,0.39752112528994304
HH_real_chat,Counsellor,data/raw/human_human/chats/RealCounsellings.json::1000,0.5481767350355609
HH_real_chat,Counsellor,data/raw/human_human/chats/RealCounsellings.json::1001,0.4427509523991736
HH_real_chat,Counsellor,data/raw/human_human/chats/RealCounsellings.json::1002,0.5251787677715574
HH_real_chat,Counsellor,data/raw/human_human/chats/RealCounsellings.json::1003,0.4374397859306456
HH_real_chat,Counsellor,data/raw/human_human/chats/RealCounsellings.json::1004,0.3550755440923356
HH_real_chat,Counsellor,data/raw/human_human/chats/RealCounsellings.json::1005,0.3722420769939183
HH_real_chat,Counsellor,data/raw/human_human/chats/RealCounsellings.json::1006,0.4194399346960936
HH_real_chat,Counsellor,data/raw/human_human/chats/RealCounsellings.json::1007,0.5569543706858834
HH_real_chat,Counsellor,data/raw/human_human/chats/RealCounsellings.json::1008,0.5604735812777224
HH_real_chat,Counsellor,data/raw/human_human/chats/RealCounsellings.json::1009,0.6060336846889096
HH_real_chat,Counsellor,data/raw/human_human/chats/RealCounsellings.json::1010,0.5616831500108977
HH_real_chat,Counsellor,data/raw/human_human/chats/RealCounsellings.json::1011,0.6333149539758304
HH_real_chat,Counsellor,data/raw/human_human/chats/RealCounsellings.json::1012,0.4293602471795513
HH_real_chat,Counsellor,data/raw/human_human/chats/RealCounsellings.json::1013,0.44616888808424926
HH_real_chat,Counsellor,data/raw/human_human/chats/RealCounsellings.json::1014,0.4436838365115248
HH_real_chat,Counsellor,data/raw/human_human/chats/RealCounsellings.json::1015,0.33886936022591896
HH_real_chat,Counsellor,data/raw/human_human/chats/RealCounsellings.json::1016,0.5506539073392384
HH_real_chat,Counsellor,data/raw/human_human/chats/RealCounsellings.json::1017,0.4621603604485313
HH_real_chat,Counsellor,data/raw/human_human/chats/RealCounsellings.json::1018,0.3173762489882126
HH_real_chat,Counsellor,data/raw/human_human/chats/RealCounsellings.json::1019,0.5255501491057853
HH_real_chat,Counsellor,data/raw/human_human/chats/RealCounsellings.json::1020,0.500821092069389
HH_real_chat,Counsellor,data/raw/human_human/chats/RealCounsellings.json::1021,0.4756016226976743
HH_real_chat,Counsellor,data/raw/human_human/chats/RealCounsellings.json::1022,0.48086574263483345
HH_real_chat,Counsellor,data/raw/human_human/chats/RealCounsellings.json::1023,0.48557290382321183
HH_real_chat,Counsellor,data/raw/human_human/chats/RealCounsellings.json::1024,0.381596169837168
HH_real_chat,Counsellor,data/raw/human_human/chats/RealCounsellings.json::1025,0.5391859574237828
HH_real_chat,Counsellor,data/raw/human_human/chats/RealCounsellings.json::1026,0.48474164042941714
HH_real_chat,Counsellor,data/raw/human_human/chats/RealCounsellings.json::1027,0.3667716688688803
HH_real_chat,Counsellor,data/raw/human_human/chats/RealCounsellings.json::1028,0.4129443304102548
HH_real_chat,Counsellor,data/raw/human_human/chats/RealCounsellings.json::1029,0.4232704431723884
HH_real_chat,Counsellor,data/raw/human_human/chats/RealCounsellings.json::1030,0.38493066224097416
HH_real_chat,Counsellor,data/raw/human_human/chats/RealCounsellings.json::1031,0.4032888984085366
HH_real_chat,Counsellor,data/raw/human_human/chats/RealCounsellings.json::1032,0.5486511131381673
HH_real_chat,Counsellor,data/raw/human_human/chats/RealCounsellings.json::1033,0.5284159184766354
HH_real_chat,Counsellor,data/raw/human_human/chats/RealCounsellings.json::1034,0.5505907606921278
HH_real_chat,Counsellor,data/raw/human_human/chats/RealCounsellings.json::1035,0.33711264655845236
HH_real_chat,Counsellor,data/raw/human_human/chats/RealCounsellings.json::1036,0.44453761722651325
HH_real_chat,Counsellor,data/raw/human_human/chats/RealCounsellings.json::1037,0.4843463452309967
HH_real_chat,Counsellor,data/raw/human_human/chats/RealCounsellings.json::1038,0.45692776479524894
HH_real_chat,Counsellor,data/raw/human_human/chats/RealCounsellings.json::1039,0.36633335287514984
HH_real_chat,Counsellor,data/raw/human_human/chats/RealCounsellings.json::1040,0.44292964481098157
HH_real_chat,Counsellor,data/raw/human_human/chats/RealCounsellings.json::1041,0.4005721251024982
HH_real_chat,Counsellor,data/raw/human_human/chats/RealCounsellings.json::1042,0.37849552482234977
HH_real_chat,Counsellor,data/raw/human_human/chats/RealCounsellings.json::1043,0.5046857659896803
HH_real_chat,Counsellor,data/raw/human_human/chats/RealCounsellings.json::1044,0.4488663920528253
HH_real_chat,Counsellor,data/raw/human_human/chats/RealCounsellings.json::1045,0.6978846795113345
HH_real_chat,Counsellor,data/raw/human_human/chats/RealCounsellings.json::1046,0.3706709785089262
HH_real_chat,Counsellor,data/raw/human_human/chats/RealCounsellings.json::1047,0.43609626658187955
HH_real_chat,Counsellor,data/raw/human_human/chats/RealCounsellings.json::1048,0.3945112764921188
HH_real_chat,Counsellor,data/raw/human_human/chats/RealCounsellings.json::1049,0.4960237598786645
HH_real_chat,Counsellor,data/raw/human_human/chats/RealCounsellings.json::1050,0.4543425083125791
HH_real_chat,Counsellor,data/raw/human_human/chats/RealCounsellings.json::1051,0.5164649730004499
HH_real_chat,Counsellor,data/raw/human_human/chats/RealCounsellings.json::1053,0.5514678986672067
HH_real_mail,Client,::167,0.5288735824039781
HH_real_mail,Client,::168,0.7646514228863979
HH_real_mail,Client,::170,0.5478580986125798
HH_real_mail,Client,::171,0.6438924516562614
HH_real_mail,Client,::176,0.6438924516562614
HH_real_mail,Client,::177,0.5345274404986017
HH_real_mail,Client,::178,0.3995508898603461
HH_real_mail,Client,::179,0.47584745299231984
HH_real_mail,Client,::196,0.47392843582263744
HH_real_mail,Client,::209,0.5879774139891496
HH_real_mail,Client,::212,0.49915544014431035
HH_real_mail,Client,::213,0.5374431594821187
HH_real_mail,Client,::217,0.4627768279026923
HH_real_mail,Client,::218,0.5431164167070116
HH_real_mail,Client,::224,0.7185239215821598
HH_real_mail,Client,::234,0.5314681585969625
HH_real_mail,Client,::240,0.5727655712135244
HH_real_mail,Client,::249,0.5374431594821187
HH_real_mail,Client,::251,0.4762879964646939
HH_real_mail,Client,::256,0.491869858336708
HH_real_mail,Client,::257,0.6005818780787917
HH_real_mail,Client,::261,0.6438924516562614
HH_real_mail,Client,::267,0.5970989580787637
HH_real_mail,Client,::271,0.5727655712135244
HH_real_mail,Client,::274,0.6820919088784381
HH_real_mail,Client,::275,0.6823208671966358
HH_real_mail,Client,::276,0.6438924516562614
HH_real_mail,Client,::277,0.6409362341578893
HH_real_mail,Client,::279,0.8093178368163587
HH_real_mail,Client,::280,0.4561808372124753
HH_real_mail,Client,::281,0.5597399523204527
HH_real_mail,Client,::285,0.504858537783978
HH_real_mail,Client,::292,0.5314681585969625
HH_real_mail,Client,::293,0.5597399523204527
HH_real_mail,Client,::296,0.5982110015541527
HH_real_mail,Client,::298,0.49357613893917757
HH_real_mail,Client,::300,0.3892350438549281
HH_real_mail,Client,::304,0.47840697198833915
HH_real_mail,Client,::311,0.4526932519327993
HH_real_mail,Client,::312,0.585974971583285
HH_real_mail,Client,::314,0.36731825416891056
HH_real_mail,Client,::316,0.5506674758971348
HH_real_mail,Client,::324,0.49016579204020144
HH_real_mail,Client,::325,0.48798873813192284
HH_real_mail,Client,::328,0.48332425621133907
HH_real_mail,Client,::329,0.5879774139891496
HH_real_mail,Client,::331,0.6425945422911149
HH_real_mail,Client,::332,0.5294356652394236
HH_real_mail,Client,::334,0.5597399523204527
HH_real_mail,Client,::335,0.49424561884126933
HH_real_mail,Client,::338,0.6256183292692866
HH_real_mail,Client,::339,0.5261639452968571
HH_real_mail,Client,::343,0.5230358887138072
HH_real_mail,Client,::351,0.4574714714692792
HH_real_mail,Client,::353,0.6155366512873927
HH_real_mail,Client,::355,0.61201436232738
HH_real_mail,Client,::356,0.6770701365969042
HH_real_mail,Client,::358,0.7188454476253507
HH_real_mail,Client,::359,0.43943853067162236
HH_real_mail,Client,::360,0.5374431594821187
HH_real_mail,Client,::361,0.4515539047997437
HH_real_mail,Client,::367,0.6138552213838173
HH_real_mail,Client,::369,0.4966728668223469
HH_real_mail,Client,::371,0.6001896967326122
HH_real_mail,Client,::373,0.5749080759984886
HH_real_mail,Client,::374,0.5456766336339783
HH_real_mail,Client,::376,0.5374431594821187
HH_real_mail,Client,::380,0.5703761126943019
HH_real_mail,Client,::381,0.7184821330771954
HH_real_mail,Client,::382,0.5374431594821187
HH_real_mail,Client,::383,0.5317874727164651
HH_real_mail,Client,::386,0.5729530894927625
HH_real_mail,Client,::389,0.5977886250523293
HH_real_mail,Client,::390,0.5556333239700548
HH_real_mail,Client,::391,0.5619879001589385
HH_real_mail,Client,::410,0.7847042574938672
HH_real_mail,Client,::411,0.5374431594821187
HH_real_mail,Client,::412,0.6001248450800577
HH_real_mail,Client,::415,0.6390938820207377
HH_real_mail,Client,::417,0.5879774139891496
HH_real_mail,Client,::421,0.6697641718526373
HH_real_mail,Client,::423,0.5322231515896294
HH_real_mail,Client,::425,0.541290144169814
HH_real_mail,Client,::431,0.8093178368163587
HH_real_mail,Client,::438,0.6927560435467738
HH_real_mail,Client,::440,0.4707139541062005
HH_real_mail,Client,::443,0.5999509842842577
HH_real_mail,Client,::450,0.6438924516562614
HH_real_mail,Client,::453,0.5879774139891496
HH_real_mail,Client,::455,0.5105076699297311
HH_real_mail,Client,::457,0.5374431594821187
HH_real_mail,Client,::459,0.5314681585969625
HH_real_mail,Client,::460,0.8093178368163587
HH_real_mail,Client,::461,0.5314681585969625
HH_real_mail,Client,::462,0.5879774139891496
HH_real_mail,Client,::464,0.5374431594821187
HH_real_mail,Client,::467,0.5374431594821187
HH_real_mail,Client,::468,0.5374431594821187
HH_real_mail,Client,::470,0.39581102672473095
HH_real_mail,Client,::471,0.7233033309082103
HH_real_mail,Client,::478,0.4049552463745224
HH_real_mail,Client,::483,0.5230861635144463
HH_real_mail,Client,::485,0.5952565721360167
HH_real_mail,Client,::487,0.5727655712135244
HH_real_mail,Client,::508,0.5374431594821187
HH_real_mail,Client,::547,0.5958714910228055
HH_real_mail,Client,::576,0.5879774139891496
HH_real_mail,Client,::579,0.391752515423836
HH_real_mail,Client,::586,0.5374431594821187
HH_real_mail,Client,::608,0.5374431594821187
HH_real_mail,Client,::610,0.5374431594821187
HH_real_mail,Client,::625,0.5374431594821187
HH_real_mail,Client,::712,0.46081261795785106
HH_real_mail,Counsellor,::167,0.5236950853389407
HH_real_mail,Counsellor,::168,0.5188175292499997
HH_real_mail,Counsellor,::170,0.5139555099885853
HH_real_mail,Counsellor,::171,0.5188175292499997
HH_real_mail,Counsellor,::176,0.46607331904601657
HH_real_mail,Counsellor,::177,0.3671395762648194
HH_real_mail,Counsellor,::178,0.3779154911429849
HH_real_mail,Counsellor,::179,0.36943729392300184
HH_real_mail,Counsellor,::196,0.564632823353081
HH_real_mail,Counsellor,::209,0.5188175292499997
HH_real_mail,Counsellor,::212,0.5742379940032314
HH_real_mail,Counsellor,::213,0.5359580743899438
HH_real_mail,Counsellor,::217,0.506536911213417
HH_real_mail,Counsellor,::218,0.6375201239757738
HH_real_mail,Counsellor,::224,0.5734038581911022
HH_real_mail,Counsellor,::234,0.5188175292499997
HH_real_mail,Counsellor,::240,0.4576047595228488
HH_real_mail,Counsellor,::249,0.5712111258439704
HH_real_mail,Counsellor,::251,0.4079911027827644
HH_real_mail,Counsellor,::256,0.48848900781353033
HH_real_mail,Counsellor,::257,0.5239540392478363
HH_real_mail,Counsellor,::261,0.395275698325281
HH_real_mail,Counsellor,::267,0.49884685642883597
HH_real_mail,Counsellor,::271,0.5651074944507237
HH_real_mail,Counsellor,::274,0.4237357380401406
HH_real_mail,Counsellor,::275,0.5292712228169265
HH_real_mail,Counsellor,::276,0.4887986331762125
HH_real_mail,Counsellor,::277,0.5188175292499997
HH_real_mail,Counsellor,::279,0.5357223094565359
HH_real_mail,Counsellor,::280,0.5458232120267565
HH_real_mail,Counsellor,::281,0.4307141209156587
HH_real_mail,Counsellor,::285,0.5621996046873761
HH_real_mail,Counsellor,::292,0.5148150462058922
HH_real_mail,Counsellor,::293,0.4561666298756536
HH_real_mail,Counsellor,::296,0.5508860611805285
HH_real_mail,Counsellor,::298,0.42789692915748445
HH_real_mail,Counsellor,::300,0.44585907642885236
HH_real_mail,Counsellor,::304,0.45240291422852535
HH_real_mail,Counsellor,::311,0.33551416160912734
HH_real_mail,Counsellor,::312,0.40923803592946856
HH_real_mail,Counsellor,::314,0.46033400474676595
HH_real_mail,Counsellor,::316,0.4622987341725057
HH_real_mail,Counsellor,::324,0.4464958471734377
HH_real_mail,Counsellor,::325,0.5471543443482142
HH_real_mail,Counsellor,::328,0.46459644302811703
HH_real_mail,Counsellor,::329,0.46607331904601657
HH_real_mail,Counsellor,::331,0.4346847768468126
HH_real_mail,Counsellor,::332,0.30003595501833985
HH_real_mail,Counsellor,::334,0.4113847259952107
HH_real_mail,Counsellor,::335,0.272329193781565
HH_real_mail,Counsellor,::338,0.36898716162574424
HH_real_mail,Counsellor,::339,0.41329440942746654
HH_real_mail,Counsellor,::343,0.4824197915731729
HH_real_mail,Counsellor,::351,0.5229233502276835
HH_real_mail,Counsellor,::353,0.5690072347244545
HH_real_mail,Counsellor,::355,0.5690072347244545
HH_real_mail,Counsellor,::356,0.5690072347244545
HH_real_mail,Counsellor,::358,0.5252200205829051
HH_real_mail,Counsellor,::359,0.45024208852866604
HH_real_mail,Counsellor,::360,0.5188175292499997
HH_real_mail,Counsellor,::361,0.44922513594042557
HH_real_mail,Counsellor,::367,0.4631991821751285
HH_real_mail,Counsellor,::369,0.3836325465013462
HH_real_mail,Counsellor,::371,0.5840137946407631
HH_real_mail,Counsellor,::373,0.48968141128153747
HH_real_mail,Counsellor,::374,0.34097821416895724
HH_real_mail,Counsellor,::376,0.5690072347244545
HH_real_mail,Counsellor,::380,0.5840137946407631
HH_real_mail,Counsellor,::381,0.49826033918353246
HH_real_mail,Counsellor,::382,0.48905701962988507
HH_real_mail,Counsellor,::383,0.5234642705032052
HH_real_mail,Counsellor,::386,0.48758715106874145
HH_real_mail,Counsellor,::389,0.42209972304028387
HH_real_mail,Counsellor,::390,0.4712791964041331
HH_real_mail,Counsellor,::391,0.5239849576018745
HH_real_mail,Counsellor,::410,0.5957116976627251
HH_real_mail,Counsellor,::411,0.5957116976627251
HH_real_mail,Counsellor,::412,0.5438223212326403
HH_real_mail,Counsellor,::415,0.5734038581911022
HH_real_mail,Counsellor,::417,0.5734038581911022
HH_real_mail,Counsellor,::421,0.6153672996279642
HH_real_mail,Counsellor,::423,0.391609010990967
HH_real_mail,Counsellor,::425,0.44207782329551054
HH_real_mail,Counsellor,::431,0.6220941938714749
HH_real_mail,Counsellor,::438,0.6702518990349197
HH_real_mail,Counsellor,::440,0.5035659315739401
HH_real_mail,Counsellor,::443,0.37502011382326317
HH_real_mail,Counsellor,::450,0.5123289961558213
HH_real_mail,Counsellor,::453,0.41130809243733185
HH_real_mail,Counsellor,::455,0.47563114389927164
HH_real_mail,Counsellor,::457,0.5076320975195106
HH_real_mail,Counsellor,::459,0.4887986331762125
HH_real_mail,Counsellor,::460,0.5653342694698156
HH_real_mail,Counsellor,::461,0.5631884589657115
HH_real_mail,Counsellor,::462,0.5588646168272423
HH_real_mail,Counsellor,::464,0.5653342694698156
HH_real_mail,Counsellor,::467,0.6479318400455562
HH_real_mail,Counsellor,::468,0.41673505620977075
HH_real_mail,Counsellor,::470,0.4512206085751374
HH_real_mail,Counsellor,::471,0.5045299992093176
HH_real_mail,Counsellor,::478,0.4619831415268581
HH_real_mail,Counsellor,::483,0.5142746894012817
HH_real_mail,Counsellor,::485,0.5766018968182575
HH_real_mail,Counsellor,::487,0.48905701962988507
HH_real_mail,Counsellor,::508,0.5357223094565359
HH_real_mail,Counsellor,::547,0.5270250307273938
HH_real_mail,Counsellor,::576,0.5188175292499997
HH_real_mail,Counsellor,::579,0.4581546053306393
HH_real_mail,Counsellor,::586,0.6376992985688518
HH_real_mail,Counsellor,::608,0.548407651657951
HH_real_mail,Counsellor,::610,0.5734038581911022
HH_real_mail,Counsellor,::625,0.5188175292499997
HH_real_mail,Counsellor,::712,0.32505187527236945
HH_roleplay_chat,Client,data/raw/human_human/chats/E01.json::1001,0.4541968906096484
HH_roleplay_chat,Client,data/raw/human_human/chats/E01.json::1002,0.4951922805044694
HH_roleplay_chat,Client,data/raw/human_human/chats/E01.json::1003,0.49708699716474025
HH_roleplay_chat,Client,data/raw/human_human/chats/E01.json::1004,0.48833457637564576
HH_roleplay_chat,Client,data/raw/human_human/chats/E01.json::1005,0.5380039962043053
HH_roleplay_chat,Client,data/raw/human_human/chats/E01.json::1006,0.49638210543837535
HH_roleplay_chat,Client,data/raw/human_human/chats/E01.json::1007,0.4508723013358898
HH_roleplay_chat,Client,data/raw/human_human/chats/E01.json::1008,0.5167242252921557
HH_roleplay_chat,Client,data/raw/human_human/chats/E01.json::1009,0.5157177049845533
HH_roleplay_chat,Client,data/raw/human_human/chats/E01.json::1010,0.49765999638746566
HH_roleplay_chat,Client,data/raw/human_human/chats/E01.json::1011,0.5200500468558367
HH_roleplay_chat,Client,data/raw/human_human/chats/E01.json::1012,0.4312523250746219
HH_roleplay_chat,Client,data/raw/human_human/chats/E01.json::1013,0.49920352458153816
HH_roleplay_chat,Client,data/raw/human_human/chats/E01.json::1014,0.43918940827898734
HH_roleplay_chat,Client,data/raw/human_human/chats/E01.json::1015,0.4244520354729591
HH_roleplay_chat,Client,data/raw/human_human/chats/E01.json::1016,0.4523364868023887
HH_roleplay_chat,Client,data/raw/human_human/chats/E01.json::1017,0.44027592094758006
HH_roleplay_chat,Client,data/raw/human_human/chats/E01.json::1018,0.48894974109879225
HH_roleplay_chat,Client,data/raw/human_human/chats/E01.json::1019,0.586426959033746
HH_roleplay_chat,Client,data/raw/human_human/chats/E01.json::1020,0.5438158851822087
HH_roleplay_chat,Client,data/raw/human_human/chats/E01.json::1021,0.390121990798395
HH_roleplay_chat,Client,data/raw/human_human/chats/E01.json::1022,0.3925770265398369
HH_roleplay_chat,Client,data/raw/human_human/chats/E01.json::1023,0.43250658210017456
HH_roleplay_chat,Client,data/raw/human_human/chats/E01.json::1024,0.4834681793258186
HH_roleplay_chat,Client,data/raw/human_human/chats/E01.json::1025,0.524666468794861
HH_roleplay_chat,Client,data/raw/human_human/chats/E01.json::1026,0.5088913438577941
HH_roleplay_chat,Client,data/raw/human_human/chats/E01.json::1027,0.5241933240205544
HH_roleplay_chat,Client,data/raw/human_human/chats/E01.json::1028,0.45388241482984687
HH_roleplay_chat,Client,data/raw/human_human/chats/E01.json::1029,0.37417368911388377
HH_roleplay_chat,Client,data/raw/human_human/chats/E01.json::1030,0.6451336877573363
HH_roleplay_chat,Client,data/raw/human_human/chats/E01.json::1031,0.3624521662304118
HH_roleplay_chat,Client,data/raw/human_human/chats/E01.json::1032,0.45606270947456873
HH_roleplay_chat,Client,data/raw/human_human/chats/E01.json::1033,0.5683977704079748
HH_roleplay_chat,Client,data/raw/human_human/chats/E01.json::1034,0.346640557927674
HH_roleplay_chat,Client,data/raw/human_human/chats/E01.json::1035,0.588942415839648
HH_roleplay_chat,Client,data/raw/human_human/chats/E01.json::1036,0.39572060461403225
HH_roleplay_chat,Client,data/raw/human_human/chats/E01.json::1037,0.41926587194320336
HH_roleplay_chat,Client,data/raw/human_human/chats/E01.json::1038,0.3486015548387086
HH_roleplay_chat,Client,data/raw/human_human/chats/E01.json::1039,0.3222855128962725
HH_roleplay_chat,Client,data/raw/human_human/chats/E01.json::1040,0.5316629160860047
HH_roleplay_chat,Client,data/raw/human_human/chats/E01.json::1041,0.45056374752089545
HH_roleplay_chat,Client,data/raw/human_human/chats/E01.json::1042,0.40992133865088415
HH_roleplay_chat,Client,data/raw/human_human/chats/E01.json::1043,0.4000750782624793
HH_roleplay_chat,Client,data/raw/human_human/chats/E01.json::1044,0.41926587194320336
HH_roleplay_chat,Client,data/raw/human_human/chats/E01.json::1045,0.3275884229302777
HH_roleplay_chat,Client,data/raw/human_human/chats/E01.json::1046,0.35126201379414385
HH_roleplay_chat,Client,data/raw/human_human/chats/E01.json::1047,0.3303815750479716
HH_roleplay_chat,Client,data/raw/human_human/chats/E01.json::1048,0.4460471699174363
HH_roleplay_chat,Client,data/raw/human_human/chats/E01.json::1049,0.3779912219977987
HH_roleplay_chat,Client,data/raw/human_human/chats/E01.json::1050,0.4053239190735206
HH_roleplay_chat,Client,data/raw/human_human/chats/E01.json::1051,0.46813208653805816
HH_roleplay_chat,Client,data/raw/human_human/chats/E01.json::1052,0.38360223653829084
HH_roleplay_chat,Client,data/raw/human_human/chats/E01.json::1053,0.4267800636792161
HH_roleplay_chat,Client,data/raw/human_human/chats/E01.json::1054,0.3617673008037017
HH_roleplay_chat,Client,data/raw/human_human/chats/E01.json::1055,0.43216748220196805
HH_roleplay_chat,Client,data/raw/human_human/chats/E01.json::1056,0.3694754209779195
HH_roleplay_chat,Client,data/raw/human_human/chats/E01.json::1057,0.435249625241427
HH_roleplay_chat,Client,data/raw/human_human/chats/E01.json::1058,0.5089891872804577
HH_roleplay_chat,Client,data/raw/human_human/chats/E01.json::1059,0.33662615097069565
HH_roleplay_chat,Client,data/raw/human_human/chats/E01.json::1060,0.556673102237921
HH_roleplay_chat,Client,data/raw/human_human/chats/E01.json::1061,0.6023256970064023
HH_roleplay_chat,Client,data/raw/human_human/chats/E01.json::1062,0.5852162583969186
HH_roleplay_chat,Client,data/raw/human_human/chats/E01.json::1063,0.7306693856575179
HH_roleplay_chat,Client,data/raw/human_human/chats/E01.json::1064,0.38112159934541306
HH_roleplay_chat,Client,data/raw/human_human/chats/E02.json::3105,0.48835066092556817
HH_roleplay_chat,Client,data/raw/human_human/chats/E02.json::3110,0.4441065137532769
HH_roleplay_chat,Client,data/raw/human_human/chats/E02.json::3111,0.5868613690108655
HH_roleplay_chat,Client,data/raw/human_human/chats/E02.json::3112,0.4229545657526299
HH_roleplay_chat,Counsellor,data/raw/human_human/chats/E01.json::1001,0.4941980025425615
HH_roleplay_chat,Counsellor,data/raw/human_human/chats/E01.json::1002,0.43605496599646165
HH_roleplay_chat,Counsellor,data/raw/human_human/chats/E01.json::1003,0.46666840723389286
HH_roleplay_chat,Counsellor,data/raw/human_human/chats/E01.json::1004,0.48807463563888914
HH_roleplay_chat,Counsellor,data/raw/human_human/chats/E01.json::1005,0.595706034864627
HH_roleplay_chat,Counsellor,data/raw/human_human/chats/E01.json::1006,0.565238481995086
HH_roleplay_chat,Counsellor,data/raw/human_human/chats/E01.json::1007,0.4903362150795031
HH_roleplay_chat,Counsellor,data/raw/human_human/chats/E01.json::1008,0.6410663834186301
HH_roleplay_chat,Counsellor,data/raw/human_human/chats/E01.json::1009,0.626045593878147
HH_roleplay_chat,Counsellor,data/raw/human_human/chats/E01.json::1010,0.44892063716923375
HH_roleplay_chat,Counsellor,data/raw/human_human/chats/E01.json::1011,0.4601710332363606
HH_roleplay_chat,Counsellor,data/raw/human_human/chats/E01.json::1012,0.5334243827356789
HH_roleplay_chat,Counsellor,data/raw/human_human/chats/E01.json::1013,0.4968183125716867
HH_roleplay_chat,Counsellor,data/raw/human_human/chats/E01.json::1014,0.4064701344433902
HH_roleplay_chat,Counsellor,data/raw/human_human/chats/E01.json::1015,0.5008131465899823
HH_roleplay_chat,Counsellor,data/raw/human_human/chats/E01.json::1016,0.4699031574486972
HH_roleplay_chat,Counsellor,data/raw/human_human/chats/E01.json::1017,0.6689507519391451
HH_roleplay_chat,Counsellor,data/raw/human_human/chats/E01.json::1018,0.519875532451174
HH_roleplay_chat,Counsellor,data/raw/human_human/chats/E01.json::1019,0.49291485220622316
HH_roleplay_chat,Counsellor,data/raw/human_human/chats/E01.json::1020,0.5458883691500798
HH_roleplay_chat,Counsellor,data/raw/human_human/chats/E01.json::1021,0.45292212489223627
HH_roleplay_chat,Counsellor,data/raw/human_human/chats/E01.json::1022,0.4503038055096716
HH_roleplay_chat,Counsellor,data/raw/human_human/chats/E01.json::1023,0.42403595661466825
HH_roleplay_chat,Counsellor,data/raw/human_human/chats/E01.json::1024,0.6010571085587446
HH_roleplay_chat,Counsellor,data/raw/human_human/chats/E01.json::1025,0.4942219763562874
HH_roleplay_chat,Counsellor,data/raw/human_human/chats/E01.json::1026,0.4389348676097087
HH_roleplay_chat,Counsellor,data/raw/human_human/chats/E01.json::1027,0.45159416457829593
HH_roleplay_chat,Counsellor,data/raw/human_human/chats/E01.json::1028,0.4226654078780532
HH_roleplay_chat,Counsellor,data/raw/human_human/chats/E01.json::1029,0.49889955216214854
HH_roleplay_chat,Counsellor,data/raw/human_human/chats/E01.json::1030,0.5601073827309861
HH_roleplay_chat,Counsellor,data/raw/human_human/chats/E01.json::1031,0.40938864232954836
HH_roleplay_chat,Counsellor,data/raw/human_human/chats/E01.json::1032,0.5093234724909949
HH_roleplay_chat,Counsellor,data/raw/human_human/chats/E01.json::1033,0.7048306008690438
HH_roleplay_chat,Counsellor,data/raw/human_human/chats/E01.json::1034,0.47086168220372093
HH_roleplay_chat,Counsellor,data/raw/human_human/chats/E01.json::1035,0.6540088974936911
HH_roleplay_chat,Counsellor,data/raw/human_human/chats/E01.json::1036,0.42902470243881924
HH_roleplay_chat,Counsellor,data/raw/human_human/chats/E01.json::1037,0.48938206366114445
HH_roleplay_chat,Counsellor,data/raw/human_human/chats/E01.json::1038,0.45272536273128955
HH_roleplay_chat,Counsellor,data/raw/human_human/chats/E01.json::1039,0.40222314136241477
HH_roleplay_chat,Counsellor,data/raw/human_human/chats/E01.json::1040,0.3871846645754175
HH_roleplay_chat,Counsellor,data/raw/human_human/chats/E01.json::1041,0.45484709589847705
HH_roleplay_chat,Counsellor,data/raw/human_human/chats/E01.json::1042,0.4186560013037146
HH_roleplay_chat,Counsellor,data/raw/human_human/chats/E01.json::1043,0.4773779131990141
HH_roleplay_chat,Counsellor,data/raw/human_human/chats/E01.json::1044,0.48938206366114445
HH_roleplay_chat,Counsellor,data/raw/human_human/chats/E01.json::1045,0.4490803509504042
HH_roleplay_chat,Counsellor,data/raw/human_human/chats/E01.json::1046,0.42869473463791785
HH_roleplay_chat,Counsellor,data/raw/human_human/chats/E01.json::1047,0.43110760766958084
HH_roleplay_chat,Counsellor,data/raw/human_human/chats/E01.json::1048,0.47923056979254763
HH_roleplay_chat,Counsellor,data/raw/human_human/chats/E01.json::1049,0.5725853728040212
HH_roleplay_chat,Counsellor,data/raw/human_human/chats/E01.json::1050,0.4793271360382965
HH_roleplay_chat,Counsellor,data/raw/human_human/chats/E01.json::1051,0.48807825630452123
HH_roleplay_chat,Counsellor,data/raw/human_human/chats/E01.json::1052,0.45475479651435136
HH_roleplay_chat,Counsellor,data/raw/human_human/chats/E01.json::1053,0.3569546113413698
HH_roleplay_chat,Counsellor,data/raw/human_human/chats/E01.json::1054,0.3726378613582507
HH_roleplay_chat,Counsellor,data/raw/human_human/chats/E01.json::1055,0.4271803796231497
HH_roleplay_chat,Counsellor,data/raw/human_human/chats/E01.json::1056,0.4067619591574706
HH_roleplay_chat,Counsellor,data/raw/human_human/chats/E01.json::1057,0.5628088933259708
HH_roleplay_chat,Counsellor,data/raw/human_human/chats/E01.json::1058,0.5281564287565176
HH_roleplay_chat,Counsellor,data/raw/human_human/chats/E01.json::1059,0.5002502878443671
HH_roleplay_chat,Counsellor,data/raw/human_human/chats/E01.json::1060,0.6430923989361534
HH_roleplay_chat,Counsellor,data/raw/human_human/chats/E01.json::1061,0.6521333323464291
HH_roleplay_chat,Counsellor,data/raw/human_human/chats/E01.json::1062,0.6935610460016731
HH_roleplay_chat,Counsellor,data/raw/human_human/chats/E01.json::1063,0.7090962265090414
HH_roleplay_chat,Counsellor,data/raw/human_human/chats/E01.json::1064,0.5498053659554237
HH_roleplay_chat,Counsellor,data/raw/human_human/chats/E02.json::3105,0.5028575824052635
HH_roleplay_chat,Counsellor,data/raw/human_human/chats/E02.json::3110,0.4129267253914534
HH_roleplay_chat,Counsellor,data/raw/human_human/chats/E02.json::3111,0.5061625367264854
HH_roleplay_chat,Counsellor,data/raw/human_human/chats/E02.json::3112,0.36160295413711613
HH_roleplay_mail,Client,::1,0.5177418840510479
HH_roleplay_mail,Client,::10,0.49311816235249883
HH_roleplay_mail,Client,::11,0.5825627007997959
HH_roleplay_mail,Client,::12,0.46236573192993435
HH_roleplay_mail,Client,::13,0.579423206183935
HH_roleplay_mail,Client,::14,0.38058495095793965
HH_roleplay_mail,Client,::15,0.48011285870076087
HH_roleplay_mail,Client,::16,0.5044625281022184
HH_roleplay_mail,Client,::17,0.9014897364524165
HH_roleplay_mail,Client,::18,0.6351592077578123
HH_roleplay_mail,Client,::19,0.6401544400822379
HH_roleplay_mail,Client,::2,0.48013969484841673
HH_roleplay_mail,Client,::20,0.5081932614873805
HH_roleplay_mail,Client,::21,0.6258436397624394
HH_roleplay_mail,Client,::22,0.5159112330736126
HH_roleplay_mail,Client,::23,0.5604519400848509
HH_roleplay_mail,Client,::24,0.4647063430009847
HH_roleplay_mail,Client,::25,0.5617562944480889
HH_roleplay_mail,Client,::26,0.5120205195493743
HH_roleplay_mail,Client,::27,0.4878904270921344
HH_roleplay_mail,Client,::28,0.353146013344068
HH_roleplay_mail,Client,::29,0.36859186218191387
HH_roleplay_mail,Client,::3,0.5104713463976728
HH_roleplay_mail,Client,::30,0.3566788367390164
HH_roleplay_mail,Client,::31,0.35679838728960206
HH_roleplay_mail,Client,::32,0.6002204124272311
HH_roleplay_mail,Client,::33,0.4874543384387148
HH_roleplay_mail,Client,::34,0.4509977573673749
HH_roleplay_mail,Client,::35,0.5478694356593367
HH_roleplay_mail,Client,::36,0.5858459087033552
HH_roleplay_mail,Client,::37,0.3428785118755857
HH_roleplay_mail,Client,::38,0.46848998348892945
HH_roleplay_mail,Client,::39,0.416892907662319
HH_roleplay_mail,Client,::4,0.5055387322225501
HH_roleplay_mail,Client,::40,0.3311099804861934
HH_roleplay_mail,Client,::41,0.5371957504096742
HH_roleplay_mail,Client,::42,0.4302331484619298
HH_roleplay_mail,Client,::43,0.31863262819152594
HH_roleplay_mail,Client,::44,0.5986041492613756
HH_roleplay_mail,Client,::45,0.3930062481263868
HH_roleplay_mail,Client,::46,0.4665600368116928
HH_roleplay_mail,Client,::47,0.4205415349510484
HH_roleplay_mail,Client,::48,0.48377726961843137
HH_roleplay_mail,Client,::49,0.4142183918417138
HH_roleplay_mail,Client,::5,0.5228102946575625
HH_roleplay_mail,Client,::50,0.4911845381338535
HH_roleplay_mail,Client,::6,0.5961915859324567
HH_roleplay_mail,Client,::7,0.4450389527093845
HH_roleplay_mail,Client,::8,0.5050600983952324
HH_roleplay_mail,Client,::9,0.5708519349129536
HH_roleplay_mail,Client,data/pillar_4/few_shot/1.json::101,0.3411181219362999
HH_roleplay_mail,Client,data/pillar_4/few_shot/10.json::133,0.44822110707688667
HH_roleplay_mail,Client,data/pillar_4/few_shot/11.json::137,0.43419068982196
HH_roleplay_mail,Client,data/pillar_4/few_shot/12.json::142,0.539628155064384
HH_roleplay_mail,Client,data/pillar_4/few_shot/13.json::145,0.48769514554083515
HH_roleplay_mail,Client,data/pillar_4/few_shot/14.json::148,0.5485406003573698
HH_roleplay_mail,Client,data/pillar_4/few_shot/16.json::156,0.514152482496646
HH_roleplay_mail,Client,data/pillar_4/few_shot/2.json::105,0.4359645391016992
HH_roleplay_mail,Client,data/pillar_4/few_shot/3.json::108,0.4804276930937459
HH_roleplay_mail,Client,data/pillar_4/few_shot/4.json::112,0.5074584439345246
HH_roleplay_mail,Client,data/pillar_4/few_shot/6.json::118,0.5887257520262942
HH_roleplay_mail,Client,data/pillar_4/few_shot/8.json::125,0.3907312927289913
HH_roleplay_mail,Client,data/pillar_4/few_shot/9.json::129,0.5603931559797504
HH_roleplay_mail,Counsellor,::1,0.41270046101169483
HH_roleplay_mail,Counsellor,::10,0.39806373997605365
HH_roleplay_mail,Counsellor,::11,0.44750971554370117
HH_roleplay_mail,Counsellor,::12,0.3523749600992769
HH_roleplay_mail,Counsellor,::13,0.5356848955114037
HH_roleplay_mail,Counsellor,::14,0.41058952200702836
HH_roleplay_mail,Counsellor,::15,0.4699253211546151
HH_roleplay_mail,Counsellor,::16,0.5309727666592589
HH_roleplay_mail,Counsellor,::17,0.4980712260511222
HH_roleplay_mail,Counsellor,::18,0.6333378236811533
HH_roleplay_mail,Counsellor,::19,0.6225927115187043
HH_roleplay_mail,Counsellor,::2,0.46932770318836287
HH_roleplay_mail,Counsellor,::20,0.6465504374572717
HH_roleplay_mail,Counsellor,::21,0.4363530405093544
HH_roleplay_mail,Counsellor,::22,0.5087870540955125
HH_roleplay_mail,Counsellor,::23,0.5156105366884657
HH_roleplay_mail,Counsellor,::24,0.5644362763345874
HH_roleplay_mail,Counsellor,::25,0.6105632313072308
HH_roleplay_mail,Counsellor,::26,0.5022280557356815
HH_roleplay_mail,Counsellor,::27,0.400586370579327
HH_roleplay_mail,Counsellor,::28,0.530135322647671
HH_roleplay_mail,Counsellor,::29,0.488135150438932
HH_roleplay_mail,Counsellor,::3,0.5496083725666185
HH_roleplay_mail,Counsellor,::30,0.47654033424542924
HH_roleplay_mail,Counsellor,::31,0.43027386320520195
HH_roleplay_mail,Counsellor,::32,0.427852568122211
HH_roleplay_mail,Counsellor,::33,0.3961983301284472
HH_roleplay_mail,Counsellor,::34,0.4384886786834805
HH_roleplay_mail,Counsellor,::35,0.3891506356487092
HH_roleplay_mail,Counsellor,::36,0.4704499465792144
HH_roleplay_mail,Counsellor,::37,0.42187626447754123
HH_roleplay_mail,Counsellor,::38,0.454289149208888
HH_roleplay_mail,Counsellor,::39,0.4106336966049793
HH_roleplay_mail,Counsellor,::4,0.5309727666592589
HH_roleplay_mail,Counsellor,::40,0.34100454926834994
HH_roleplay_mail,Counsellor,::41,0.42316742037198657
HH_roleplay_mail,Counsellor,::42,0.44898964548558307
HH_roleplay_mail,Counsellor,::43,0.417963829385024
HH_roleplay_mail,Counsellor,::44,0.3883302652766701
HH_roleplay_mail,Counsellor,::45,0.4955505744875776
HH_roleplay_mail,Counsellor,::46,0.3970163289584508
HH_roleplay_mail,Counsellor,::47,0.4085350208418775
HH_roleplay_mail,Counsellor,::48,0.4073463374583116
HH_roleplay_mail,Counsellor,::49,0.4449423363729712
HH_roleplay_mail,Counsellor,::5,0.3713205157309247
HH_roleplay_mail,Counsellor,::50,0.4529738730169418
HH_roleplay_mail,Counsellor,::6,0.6437599941334188
HH_roleplay_mail,Counsellor,::7,0.38994716211328667
HH_roleplay_mail,Counsellor,::8,0.5279708517494649
HH_roleplay_mail,Counsellor,::9,0.6230847578991993
HH_roleplay_mail,Counsellor,data/pillar_4/few_shot/1.json::101,0.4182820594975026
HH_roleplay_mail,Counsellor,data/pillar_4/few_shot/10.json::133,0.6039938212095018
HH_roleplay_mail,Counsellor,data/pillar_4/few_shot/11.json::137,0.43484846382074666
HH_roleplay_mail,Counsellor,data/pillar_4/few_shot/12.json::142,0.44946114750861754
HH_roleplay_mail,Counsellor,data/pillar_4/few_shot/13.json::145,0.44266424055752845
HH_roleplay_mail,Counsellor,data/pillar_4/few_shot/14.json::148,0.42863650185057467
HH_roleplay_mail,Counsellor,data/pillar_4/few_shot/16.json::156,0.4324354164797416
HH_roleplay_mail,Counsellor,data/pillar_4/few_shot/2.json::105,0.453330615101694
HH_roleplay_mail,Counsellor,data/pillar_4/few_shot/3.json::108,0.44060143730195994
HH_roleplay_mail,Counsellor,data/pillar_4/few_shot/4.json::112,0.4863524105001151
HH_roleplay_mail,Counsellor,data/pillar_4/few_shot/6.json::118,0.6293290157445587
HH_roleplay_mail,Counsellor,data/pillar_4/few_shot/8.json::125,0.41578282111489945
HH_roleplay_mail,Counsellor,data/pillar_4/few_shot/9.json::129,0.6413191472283809
H_LLM_roleplay_chat,Client,data/raw/human_llm/chats/GPT_OSS_120B/E10.json::100,0.49198939988794643
H_LLM_roleplay_chat,Client,data/raw/human_llm/chats/GPT_OSS_120B/E10.json::101,0.5523112748449542
H_LLM_roleplay_chat,Client,data/raw/human_llm/chats/GPT_OSS_120B/E10.json::11,0.5317657446097461
H_LLM_roleplay_chat,Client,data/raw/human_llm/chats/GPT_OSS_120B/E10.json::114,0.5479157765356003
H_LLM_roleplay_chat,Client,data/raw/human_llm/chats/GPT_OSS_120B/E10.json::13,0.551822744121468
H_LLM_roleplay_chat,Client,data/raw/human_llm/chats/GPT_OSS_120B/E10.json::14,0.5214788176181244
H_LLM_roleplay_chat,Client,data/raw/human_llm/chats/GPT_OSS_120B/E10.json::15,0.5805873910933324
H_LLM_roleplay_chat,Client,data/raw/human_llm/chats/GPT_OSS_120B/E10.json::16,0.5629071231700106
H_LLM_roleplay_chat,Client,data/raw/human_llm/chats/GPT_OSS_120B/E10.json::19,0.5491284354498667
H_LLM_roleplay_chat,Client,data/raw/human_llm/chats/GPT_OSS_120B/E10.json::21,0.6559860555050436
H_LLM_roleplay_chat,Client,data/raw/human_llm/chats/GPT_OSS_120B/E10.json::22,0.4691549504104248
H_LLM_roleplay_chat,Client,data/raw/human_llm/chats/GPT_OSS_120B/E10.json::24,0.5484491203179681
H_LLM_roleplay_chat,Client,data/raw/human_llm/chats/GPT_OSS_120B/E10.json::27,0.5598216346665412
H_LLM_roleplay_chat,Client,data/raw/human_llm/chats/GPT_OSS_120B/E10.json::30,0.4906036083804704
H_LLM_roleplay_chat,Client,data/raw/human_llm/chats/GPT_OSS_120B/E10.json::32,0.5432184441667153
H_LLM_roleplay_chat,Client,data/raw/human_llm/chats/GPT_OSS_120B/E10.json::34,0.4840236248844194
H_LLM_roleplay_chat,Client,data/raw/human_llm/chats/GPT_OSS_120B/E10.json::36,0.5174344025000026
H_LLM_roleplay_chat,Client,data/raw/human_llm/chats/GPT_OSS_120B/E10.json::37,0.5941411091611841
H_LLM_roleplay_chat,Client,data/raw/human_llm/chats/GPT_OSS_120B/E10.json::39,0.429472184728152
H_LLM_roleplay_chat,Client,data/raw/human_llm/chats/GPT_OSS_120B/E10.json::40,0.7185756966668316
H_LLM_roleplay_chat,Client,data/raw/human_llm/chats/GPT_OSS_120B/E10.json::41,0.5607435763611304
H_LLM_roleplay_chat,Client,data/raw/human_llm/chats/GPT_OSS_120B/E10.json::42,0.6328935251166438
H_LLM_roleplay_chat,Client,data/raw/human_llm/chats/GPT_OSS_120B/E10.json::46,0.5124648672950691
H_LLM_roleplay_chat,Client,data/raw/human_llm/chats/GPT_OSS_120B/E10.json::49,0.5515501127867551
H_LLM_roleplay_chat,Client,data/raw/human_llm/chats/GPT_OSS_120B/E10.json::56,0.4459371627019897
H_LLM_roleplay_chat,Client,data/raw/human_llm/chats/GPT_OSS_120B/E10.json::64,0.5879693640876829
H_LLM_roleplay_chat,Client,data/raw/human_llm/chats/GPT_OSS_120B/E10.json::65,0.5389204013743697
H_LLM_roleplay_chat,Client,data/raw/human_llm/chats/GPT_OSS_120B/E10.json::66,0.4584495070355502
H_LLM_roleplay_chat,Client,data/raw/human_llm/chats/GPT_OSS_120B/E10.json::69,0.5266167506619093
H_LLM_roleplay_chat,Client,data/raw/human_llm/chats/GPT_OSS_120B/E10.json::7,0.5006932139621878
H_LLM_roleplay_chat,Client,data/raw/human_llm/chats/GPT_OSS_120B/E10.json::75,0.5548067032308829
H_LLM_roleplay_chat,Client,data/raw/human_llm/chats/GPT_OSS_120B/E10.json::78,0.4531110303148606
H_LLM_roleplay_chat,Client,data/raw/human_llm/chats/GPT_OSS_120B/E10.json::80,0.5626756972977586
H_LLM_roleplay_chat,Client,data/raw/human_llm/chats/GPT_OSS_120B/E10.json::81,0.524658017192039
H_LLM_roleplay_chat,Client,data/raw/human_llm/chats/GPT_OSS_120B/E10.json::83,0.5253866803031421
H_LLM_roleplay_chat,Client,data/raw/human_llm/chats/GPT_OSS_120B/E10.json::84,0.5876525959288489
H_LLM_roleplay_chat,Client,data/raw/human_llm/chats/GPT_OSS_120B/E10.json::86,0.5377295697063443
H_LLM_roleplay_chat,Client,data/raw/human_llm/chats/GPT_OSS_120B/E10.json::88,0.4845318344029559
H_LLM_roleplay_chat,Client,data/raw/human_llm/chats/GPT_OSS_120B/E10.json::90,0.5640946470535544
H_LLM_roleplay_chat,Client,data/raw/human_llm/chats/GPT_OSS_120B/E10.json::92,0.6099198433771653
H_LLM_roleplay_chat,Client,data/raw/human_llm/chats/GPT_OSS_120B/E10.json::98,0.5651806851236364
H_LLM_roleplay_chat,Client,data/raw/human_llm/chats/GPT_OSS_120B/E10.json::99,0.5711488937566064
H_LLM_roleplay_chat,Client,data/raw/human_llm/chats/GPT_OSS_120B/E11.json::173,0.5360604632650142
H_LLM_roleplay_chat,Client,data/raw/human_llm/chats/GPT_OSS_120B/E11.json::174,0.6142930314535557
H_LLM_roleplay_chat,Client,data/raw/human_llm/chats/GPT_OSS_120B/E11.json::175,0.5358710299995894
H_LLM_roleplay_chat,Client,data/raw/human_llm/chats/GPT_OSS_120B/E11.json::180,0.6813755063976101
H_LLM_roleplay_chat,Client,data/raw/human_llm/chats/GPT_OSS_120B/E11.json::184,0.6884891924533548
H_LLM_roleplay_chat,Client,data/raw/human_llm/chats/GPT_OSS_120B/E11.json::187,0.544326327262701
H_LLM_roleplay_chat,Client,data/raw/human_llm/chats/GPT_OSS_120B/E11.json::188,0.44177759687019075
H_LLM_roleplay_chat,Client,data/raw/human_llm/chats/GPT_OSS_120B/E11.json::195,0.6236049074611629
H_LLM_roleplay_chat,Client,data/raw/human_llm/chats/GPT_OSS_120B/E11.json::196,0.5161090728349614
H_LLM_roleplay_chat,Client,data/raw/human_llm/chats/GPT_OSS_120B/E11.json::197,0.6195971432919075
H_LLM_roleplay_chat,Client,data/raw/human_llm/chats/GPT_OSS_120B/E11.json::198,0.5000520510191125
H_LLM_roleplay_chat,Client,data/raw/human_llm/chats/GPT_OSS_120B/E11.json::199,0.5684391920598755
H_LLM_roleplay_chat,Client,data/raw/human_llm/chats/GPT_OSS_120B/E11.json::202,0.7177754443924508
H_LLM_roleplay_chat,Client,data/raw/human_llm/chats/GPT_OSS_120B/E11.json::204,0.6130307553345955
H_LLM_roleplay_chat,Client,data/raw/human_llm/chats/GPT_OSS_120B/E11.json::207,0.5609263451362423
H_LLM_roleplay_chat,Client,data/raw/human_llm/chats/GPT_OSS_120B/E11.json::212,0.54217030757121
H_LLM_roleplay_chat,Client,data/raw/human_llm/chats/GPT_OSS_120B/E11.json::213,0.4856946134373774
H_LLM_roleplay_chat,Client,data/raw/human_llm/chats/GPT_OSS_120B/E11.json::214,0.5780833884496734
H_LLM_roleplay_chat,Client,data/raw/human_llm/chats/GPT_OSS_120B/E11.json::217,0.5524528443256204
H_LLM_roleplay_chat,Client,data/raw/human_llm/chats/GPT_OSS_120B/E11.json::223,0.4865051109499889
H_LLM_roleplay_chat,Client,data/raw/human_llm/chats/GPT_OSS_120B/E11.json::230,0.6674900119406524
H_LLM_roleplay_chat,Client,data/raw/human_llm/chats/GPT_OSS_120B/E11.json::231,0.5669437352772082
H_LLM_roleplay_chat,Client,data/raw/human_llm/chats/GPT_OSS_120B/E11.json::232,0.464574038217355
H_LLM_roleplay_chat,Client,data/raw/human_llm/chats/GPT_OSS_120B/E11.json::247,0.5642048493050358
H_LLM_roleplay_chat,Client,data/raw/human_llm/chats/GPT_OSS_120B/E11.json::260,0.49688969832348207
H_LLM_roleplay_chat,Client,data/raw/human_llm/chats/GPT_OSS_120B/E11.json::263,0.4948283241418746
H_LLM_roleplay_chat,Client,data/raw/human_llm/chats/GPT_OSS_120B/E11.json::266,0.5933975736450677
H_LLM_roleplay_chat,Client,data/raw/human_llm/chats/GPT_OSS_120B/E11.json::271,0.5336101640992584
H_LLM_roleplay_chat,Client,data/raw/human_llm/chats/GPT_OSS_120B/E11.json::277,0.3704682460857898
H_LLM_roleplay_chat,Client,data/raw/human_llm/chats/GPT_OSS_120B/E11.json::279,0.632465240976894
H_LLM_roleplay_chat,Client,data/raw/human_llm/chats/GPT_OSS_120B/E11.json::280,0.5505853233513267
H_LLM_roleplay_chat,Client,data/raw/human_llm/chats/GPT_OSS_120B/E11.json::283,0.6599561580795807
H_LLM_roleplay_chat,Client,data/raw/human_llm/chats/GPT_OSS_120B/E11.json::285,0.550650993556105
H_LLM_roleplay_chat,Client,data/raw/human_llm/chats/GPT_OSS_120B/E11.json::286,0.5364537926291342
H_LLM_roleplay_chat,Client,data/raw/human_llm/chats/GPT_OSS_120B/E11.json::287,0.49461992312235614
H_LLM_roleplay_chat,Client,data/raw/human_llm/chats/GPT_OSS_120B/E11.json::290,0.5300816866245283
H_LLM_roleplay_chat,Client,data/raw/human_llm/chats/GPT_OSS_120B/E11.json::293,0.5394151249127439
H_LLM_roleplay_chat,Client,data/raw/human_llm/chats/GPT_OSS_120B/E11.json::298,0.5836541230337813
H_LLM_roleplay_chat,Client,data/raw/human_llm/chats/GPT_OSS_120B/E11.json::299,0.5688912211914824
H_LLM_roleplay_chat,Client,data/raw/human_llm/chats/GPT_OSS_120B/E11.json::302,0.5788819195398917
H_LLM_roleplay_chat,Client,data/raw/human_llm/chats/GPT_OSS_120B/E11.json::303,0.5755020000926967
H_LLM_roleplay_chat,Client,data/raw/human_llm/chats/GPT_OSS_120B/E11.json::305,0.6335600986419466
H_LLM_roleplay_chat,Client,data/raw/human_llm/chats/GPT_OSS_120B/E11.json::307,0.4803433128147647
H_LLM_roleplay_chat,Client,data/raw/human_llm/chats/GPT_OSS_120B/E11.json::309,0.652226448474085
H_LLM_roleplay_chat,Client,data/raw/human_llm/chats/GPT_OSS_120B/E11.json::310,0.6063471433060262
H_LLM_roleplay_chat,Client,data/raw/human_llm/chats/GPT_OSS_120B/E11.json::312,0.47063574407215397
H_LLM_roleplay_chat,Client,data/raw/human_llm/chats/GPT_OSS_120B/E11.json::313,0.5756213315257597
H_LLM_roleplay_chat,Client,data/raw/human_llm/chats/GPT_OSS_120B/E11.json::393,0.5052570322061147
H_LLM_roleplay_chat,Client,data/raw/human_llm/chats/LLama3_3_70B/E04.json::1001,0.5387652371077872
H_LLM_roleplay_chat,Client,data/raw/human_llm/chats/LLama3_3_70B/E04.json::1002,0.6273574991000626
H_LLM_roleplay_chat,Client,data/raw/human_llm/chats/LLama3_3_70B/E04.json::1003,0.4952155368287648
H_LLM_roleplay_chat,Client,data/raw/human_llm/chats/LLama3_3_70B/E04.json::1004,0.5445537946657129
H_LLM_roleplay_chat,Client,data/raw/human_llm/chats/LLama3_3_70B/E04.json::1006,0.5777669766724322
H_LLM_roleplay_chat,Client,data/raw/human_llm/chats/LLama3_3_70B/E04.json::1007,0.505120443281468
H_LLM_roleplay_chat,Client,data/raw/human_llm/chats/LLama3_3_70B/E04.json::1010,0.5335220213828675
H_LLM_roleplay_chat,Client,data/raw/human_llm/chats/LLama3_3_70B/E04.json::1015,0.5193670992494877
H_LLM_roleplay_chat,Client,data/raw/human_llm/chats/LLama3_3_70B/E04.json::1019,0.5950161146151343
H_LLM_roleplay_chat,Client,data/raw/human_llm/chats/LLama3_3_70B/E04.json::1021,0.5482669943187833
H_LLM_roleplay_chat,Client,data/raw/human_llm/chats/LLama3_3_70B/E04.json::1026,0.4938199101892356
H_LLM_roleplay_chat,Client,data/raw/human_llm/chats/LLama3_3_70B/E04.json::1027,0.5148227764533265
H_LLM_roleplay_chat,Client,data/raw/human_llm/chats/LLama3_3_70B/E04.json::1029,0.45872388260114316
H_LLM_roleplay_chat,Client,data/raw/human_llm/chats/LLama3_3_70B/E04.json::1030,0.446670946955655
H_LLM_roleplay_chat,Client,data/raw/human_llm/chats/LLama3_3_70B/E04.json::1031,0.4931300621145849
H_LLM_roleplay_chat,Client,data/raw/human_llm/chats/LLama3_3_70B/E04.json::1035,0.5021651253154119
H_LLM_roleplay_chat,Client,data/raw/human_llm/chats/LLama3_3_70B/E04.json::1039,0.6374165103798345
H_LLM_roleplay_chat,Client,data/raw/human_llm/chats/LLama3_3_70B/E04.json::1040,0.5481253761348993
H_LLM_roleplay_chat,Client,data/raw/human_llm/chats/LLama3_3_70B/E04.json::1042,0.4573500009239884
H_LLM_roleplay_chat,Client,data/raw/human_llm/chats/LLama3_3_70B/E04.json::1043,0.49852502255048803
H_LLM_roleplay_chat,Client,data/raw/human_llm/chats/LLama3_3_70B/E04.json::1045,0.47846089468565955
H_LLM_roleplay_chat,Client,data/raw/human_llm/chats/LLama3_3_70B/E04.json::1047,0.48652253654771027
H_LLM_roleplay_chat,Client,data/raw/human_llm/chats/LLama3_3_70B/E04.json::1050,0.5723585889326662
H_LLM_roleplay_chat,Client,data/raw/human_llm/chats/LLama3_3_70B/E04.json::1054,0.567437973506575
H_LLM_roleplay_chat,Client,data/raw/human_llm/chats/LLama3_3_70B/E04.json::1055,0.5020465937001806
H_LLM_roleplay_chat,Client,data/raw/human_llm/chats/LLama3_3_70B/E04.json::1056,0.5622011585845117
H_LLM_roleplay_chat,Client,data/raw/human_llm/chats/LLama3_3_70B/E04.json::1062,0.5254282848627713
H_LLM_roleplay_chat,Client,data/raw/human_llm/chats/LLama3_3_70B/E04.json::1063,0.6098504207609627
H_LLM_roleplay_chat,Client,data/raw/human_llm/chats/LLama3_3_70B/E04.json::1064,0.5845502261770481
H_LLM_roleplay_chat,Client,data/raw/human_llm/chats/LLama3_3_70B/E04.json::1065,0.5476856153232137
H_LLM_roleplay_chat,Client,data/raw/human_llm/chats/LLama3_3_70B/E04.json::1066,0.5452871089767399
H_LLM_roleplay_chat,Client,data/raw/human_llm/chats/LLama3_3_70B/E04.json::1070,0.44297976836111275
H_LLM_roleplay_chat,Client,data/raw/human_llm/chats/LLama3_3_70B/E04.json::1073,0.524784527344695
H_LLM_roleplay_chat,Client,data/raw/human_llm/chats/LLama3_3_70B/E04.json::1074,0.554178247616584
H_LLM_roleplay_chat,Client,data/raw/human_llm/chats/LLama3_3_70B/E04.json::1077,0.4746893668152015
H_LLM_roleplay_chat,Client,data/raw/human_llm/chats/LLama3_3_70B/E04.json::1079,0.5055375779298845
H_LLM_roleplay_chat,Client,data/raw/human_llm/chats/LLama3_3_70B/E04.json::1080,0.49717616728754177
H_LLM_roleplay_chat,Client,data/raw/human_llm/chats/LLama3_3_70B/E04.json::1081,0.5486694940722113
H_LLM_roleplay_chat,Client,data/raw/human_llm/chats/LLama3_3_70B/E04.json::1082,0.5455606073245557
H_LLM_roleplay_chat,Client,data/raw/human_llm/chats/LLama3_3_70B/E04.json::1083,0.5507292249206482
H_LLM_roleplay_chat,Client,data/raw/human_llm/chats/LLama3_3_70B/E04.json::1086,0.5359040885976583
H_LLM_roleplay_chat,Client,data/raw/human_llm/chats/LLama3_3_70B/E04.json::1090,0.554465379482596
H_LLM_roleplay_chat,Client,data/raw/human_llm/chats/LLama3_3_70B/E04.json::1093,0.5613112082589432
H_LLM_roleplay_chat,Client,data/raw/human_llm/chats/LLama3_3_70B/E04.json::1094,0.5454776706429575
H_LLM_roleplay_chat,Client,data/raw/human_llm/chats/LLama3_3_70B/E04.json::1095,0.517480882985796
H_LLM_roleplay_chat,Client,data/raw/human_llm/chats/LLama3_3_70B/E04.json::1104,0.5542729673787615
H_LLM_roleplay_chat,Client,data/raw/human_llm/chats/LLama3_3_70B/E04.json::1105,0.45444603265161393
H_LLM_roleplay_chat,Client,data/raw/human_llm/chats/LLama3_3_70B/E04.json::1108,0.474578274116459
H_LLM_roleplay_chat,Client,data/raw/human_llm/chats/LLama3_3_70B/E04.json::1109,0.4751271000491804
H_LLM_roleplay_chat,Client,data/raw/human_llm/chats/LLama3_3_70B/E04.json::1111,0.5013339045261249
H_LLM_roleplay_chat,Client,data/raw/human_llm/chats/LLama3_3_70B/E04.json::1114,0.5286247388685316
H_LLM_roleplay_chat,Client,data/raw/human_llm/chats/LLama3_3_70B/E04.json::1115,0.5275082645747277
H_LLM_roleplay_chat,Client,data/raw/human_llm/chats/LLama3_3_70B/E04.json::1116,0.47371391333825746
H_LLM_roleplay_chat,Client,data/raw/human_llm/chats/LLama3_3_70B/E04.json::1117,0.5248589026363382
H_LLM_roleplay_chat,Client,data/raw/human_llm/chats/LLama3_3_70B/E04.json::1118,0.5341432246873671
H_LLM_roleplay_chat,Client,data/raw/human_llm/chats/LLama3_3_70B/E04.json::1121,0.4660748987714415
H_LLM_roleplay_chat,Client,data/raw/human_llm/chats/LLama3_3_70B/E04.json::1124,0.5527096156582635
H_LLM_roleplay_chat,Client,data/raw/human_llm/chats/LLama3_3_70B/E04.json::1127,0.524754314146118
H_LLM_roleplay_chat,Client,data/raw/human_llm/chats/LLama3_3_70B/E04.json::1134,0.42378664661049414
H_LLM_roleplay_chat,Client,data/raw/human_llm/chats/LLama3_3_70B/E04.json::1135,0.4344559732987489
H_LLM_roleplay_chat,Client,data/raw/human_llm/chats/LLama3_3_70B/E04.json::1137,0.5238133371514894
H_LLM_roleplay_chat,Client,data/raw/human_llm/chats/LLama3_3_70B/E04.json::1138,0.558035263502499
H_LLM_roleplay_chat,Client,data/raw/human_llm/chats/LLama3_3_70B/E04.json::1139,0.5709289688134858
H_LLM_roleplay_chat,Client,data/raw/human_llm/chats/LLama3_3_70B/E04.json::1141,0.5046173386118562
H_LLM_roleplay_chat,Client,data/raw/human_llm/chats/LLama3_3_70B/E04.json::1142,0.4967939864346628
H_LLM_roleplay_chat,Client,data/raw/human_llm/chats/LLama3_3_70B/E04.json::1143,0.5706442826954156
H_LLM_roleplay_chat,Client,data/raw/human_llm/chats/LLama3_3_70B/E04.json::1145,0.5107045296369512
H_LLM_roleplay_chat,Client,data/raw/human_llm/chats/LLama3_3_70B/E04.json::1147,0.5822877477721301
H_LLM_roleplay_chat,Client,data/raw/human_llm/chats/LLama3_3_70B/E04.json::1150,0.46242332629557925
H_LLM_roleplay_chat,Client,data/raw/human_llm/chats/LLama3_3_70B/E04.json::1151,0.5500957310702993
H_LLM_roleplay_chat,Client,data/raw/human_llm/chats/LLama3_3_70B/E04.json::1154,0.49879183693554124
H_LLM_roleplay_chat,Client,data/raw/human_llm/chats/LLama3_3_70B/E04.json::1156,0.5446412177116405
H_LLM_roleplay_chat,Client,data/raw/human_llm/chats/LLama3_3_70B/E04.json::1158,0.4139827656953104
H_LLM_roleplay_chat,Client,data/raw/human_llm/chats/LLama3_3_70B/E04.json::1159,0.4767420286387583
H_LLM_roleplay_chat,Client,data/raw/human_llm/chats/LLama3_3_70B/E04.json::1160,0.6056550995358045
H_LLM_roleplay_chat,Client,data/raw/human_llm/chats/LLama3_3_70B/E04.json::1163,0.5359639816292113
H_LLM_roleplay_chat,Client,data/raw/human_llm/chats/LLama3_3_70B/E04.json::1164,0.49969243662320906
H_LLM_roleplay_chat,Client,data/raw/human_llm/chats/LLama3_3_70B/E04.json::1166,0.5251722742545591
H_LLM_roleplay_chat,Client,data/raw/human_llm/chats/LLama3_3_70B/E04.json::1168,0.5451220287210157
H_LLM_roleplay_chat,Client,data/raw/human_llm/chats/LLama3_3_70B/E04.json::1171,0.5333255269505912
H_LLM_roleplay_chat,Client,data/raw/human_llm/chats/LLama3_3_70B/E04.json::1174,0.4995219189387226
H_LLM_roleplay_chat,Client,data/raw/human_llm/chats/LLama3_3_70B/E04.json::1175,0.5269006632045908
H_LLM_roleplay_chat,Client,data/raw/human_llm/chats/LLama3_3_70B/E04.json::1178,0.4847466073511194
H_LLM_roleplay_chat,Client,data/raw/human_llm/chats/LLama3_3_70B/E04.json::1189,0.4966705986819485
H_LLM_roleplay_chat,Client,data/raw/human_llm/chats/LLama3_3_70B/E04.json::1190,0.5079625168359656
H_LLM_roleplay_chat,Client,data/raw/human_llm/chats/LLama3_3_70B/E04.json::1191,0.5313676218975218
H_LLM_roleplay_chat,Client,data/raw/human_llm/chats/LLama3_3_70B/E04.json::1192,0.5445825477137082
H_LLM_roleplay_chat,Client,data/raw/human_llm/chats/LLama3_3_70B/E04.json::1195,0.46066423068501045
H_LLM_roleplay_chat,Client,data/raw/human_llm/chats/LLama3_3_70B/E04.json::1196,0.47858749233701076
H_LLM_roleplay_chat,Client,data/raw/human_llm/chats/LLama3_3_70B/E04.json::1199,0.5724574922871081
H_LLM_roleplay_chat,Client,data/raw/human_llm/chats/LLama3_3_70B/E04.json::1201,0.5484017623186351
H_LLM_roleplay_chat,Client,data/raw/human_llm/chats/LLama3_3_70B/E04.json::1202,0.5467845704215423
H_LLM_roleplay_chat,Client,data/raw/human_llm/chats/LLama3_3_70B/E04.json::1206,0.49147471472426374
H_LLM_roleplay_chat,Client,data/raw/human_llm/chats/LLama3_3_70B/E04.json::1208,0.5079502458876946
H_LLM_roleplay_chat,Client,data/raw/human_llm/chats/LLama3_3_70B/E04.json::1209,0.5157348595049878
H_LLM_roleplay_chat,Client,data/raw/human_llm/chats/LLama3_3_70B/E04.json::1212,0.5646075973805559
H_LLM_roleplay_chat,Client,data/raw/human_llm/chats/LLama3_3_70B/E04.json::1214,0.4713846413499021
H_LLM_roleplay_chat,Client,data/raw/human_llm/chats/LLama3_3_70B/E04.json::1220,0.5662360750864219
H_LLM_roleplay_chat,Client,data/raw/human_llm/chats/LLama3_3_70B/E04.json::1221,0.494362097761124
H_LLM_roleplay_chat,Client,data/raw/human_llm/chats/LLama3_3_70B/E04.json::1248,0.42271685108304996
H_LLM_roleplay_chat,Client,data/raw/human_llm/chats/LLama3_3_70B/E04.json::969,0.5382301394322928
H_LLM_roleplay_chat,Client,data/raw/human_llm/chats/LLama3_3_70B/E04.json::970,0.5758847071537654
H_LLM_roleplay_chat,Client,data/raw/human_llm/chats/LLama3_3_70B/E04.json::971,0.4502494851505983
H_LLM_roleplay_chat,Client,data/raw/human_llm/chats/LLama3_3_70B/E04.json::976,0.5181466071496514
H_LLM_roleplay_chat,Client,data/raw/human_llm/chats/LLama3_3_70B/E04.json::978,0.5095451412457171
H_LLM_roleplay_chat,Client,data/raw/human_llm/chats/LLama3_3_70B/E04.json::982,0.4432637729760055
H_LLM_roleplay_chat,Client,data/raw/human_llm/chats/LLama3_3_70B/E04.json::984,0.5304467328108363
H_LLM_roleplay_chat,Client,data/raw/human_llm/chats/LLama3_3_70B/E04.json::985,0.5117586625606636
H_LLM_roleplay_chat,Client,data/raw/human_llm/chats/LLama3_3_70B/E04.json::986,0.4952582918406422
H_LLM_roleplay_chat,Client,data/raw/human_llm/chats/LLama3_3_70B/E04.json::996,0.49327489888109477
H_LLM_roleplay_chat,Client,data/raw/human_llm/chats/LLama3_3_70B/E04.json::998,0.42542614447250865
H_LLM_roleplay_chat,Client,data/raw/human_llm/chats/LLama3_3_70B/E04.json::999,0.5085508299587475
H_LLM_roleplay_chat,Client,data/raw/human_llm/chats/LLama3_3_70B/E05.json::1710,0.6094844345394879
H_LLM_roleplay_chat,Client,data/raw/human_llm/chats/LLama3_3_70B/E05.json::1773,0.6713456458832863
H_LLM_roleplay_chat,Client,data/raw/human_llm/chats/LLama3_3_70B/E05.json::1820,0.5460088261523914
H_LLM_roleplay_chat,Client,data/raw/human_llm/chats/LLama3_3_70B/E05.json::1822,0.5088491599596139
H_LLM_roleplay_chat,Client,data/raw/human_llm/chats/LLama3_3_70B/E05.json::1833,0.6051469113221727
H_LLM_roleplay_chat,Client,data/raw/human_llm/chats/LLama3_3_70B/E05.json::1836,0.49085435142753375
H_LLM_roleplay_chat,Client,data/raw/human_llm/chats/LLama3_3_70B/E05.json::1838,0.6250917415226731
H_LLM_roleplay_chat,Client,data/raw/human_llm/chats/LLama3_3_70B/E06.json::1552,0.5689473858072529
H_LLM_roleplay_chat,Client,data/raw/human_llm/chats/LLama3_3_70B/E06.json::1554,0.6739776452661731
H_LLM_roleplay_chat,Client,data/raw/human_llm/chats/LLama3_3_70B/E06.json::1555,0.618034911099066
H_LLM_roleplay_chat,Client,data/raw/human_llm/chats/LLama3_3_70B/E06.json::1556,0.5249364026716131
H_LLM_roleplay_chat,Client,data/raw/human_llm/chats/LLama3_3_70B/E06.json::1562,0.590214771064113
H_LLM_roleplay_chat,Client,data/raw/human_llm/chats/LLama3_3_70B/E06.json::1563,0.5720929585476785
H_LLM_roleplay_chat,Client,data/raw/human_llm/chats/LLama3_3_70B/E06.json::1564,0.6942952242210034
H_LLM_roleplay_chat,Client,data/raw/human_llm/chats/LLama3_3_70B/E06.json::1566,0.5172766619148021
H_LLM_roleplay_chat,Client,data/raw/human_llm/chats/LLama3_3_70B/E06.json::1567,0.48981005219938384
H_LLM_roleplay_chat,Client,data/raw/human_llm/chats/LLama3_3_70B/E06.json::1568,0.5343187964172786
H_LLM_roleplay_chat,Client,data/raw/human_llm/chats/LLama3_3_70B/E06.json::1569,0.5699526944439418
H_LLM_roleplay_chat,Client,data/raw/human_llm/chats/LLama3_3_70B/E06.json::1570,0.5027701521349952
H_LLM_roleplay_chat,Client,data/raw/human_llm/chats/LLama3_3_70B/E06.json::1722,0.5540351481938768
H_LLM_roleplay_chat,Client,data/raw/human_llm/chats/LLama3_3_70B/E06.json::1723,0.5463346383417235
H_LLM_roleplay_chat,Client,data/raw/human_llm/chats/LLama3_3_70B/E06.json::1724,0.5718596563309845
H_LLM_roleplay_chat,Client,data/raw/human_llm/chats/LLama3_3_70B/E06.json::1725,0.5144192362430505
H_LLM_roleplay_chat,Client,data/raw/human_llm/chats/LLama3_3_70B/E06.json::1727,0.5822317378998169
H_LLM_roleplay_chat,Client,data/raw/human_llm/chats/LLama3_3_70B/E06.json::1729,0.6079555824392907
H_LLM_roleplay_chat,Client,data/raw/human_llm/chats/LLama3_3_70B/E07.json::1492,0.6363867652726432
H_LLM_roleplay_chat,Client,data/raw/human_llm/chats/LLama3_3_70B/E07.json::1497,0.503196123559364
H_LLM_roleplay_chat,Client,data/raw/human_llm/chats/LLama3_3_70B/E07.json::1500,0.5996092806054646
H_LLM_roleplay_chat,Client,data/raw/human_llm/chats/LLama3_3_70B/E07.json::1502,0.503575839267144
H_LLM_roleplay_chat,Client,data/raw/human_llm/chats/LLama3_3_70B/E07.json::1504,0.7355412046090242
H_LLM_roleplay_chat,Client,data/raw/human_llm/chats/LLama3_3_70B/E07.json::1508,0.6697412606770708
H_LLM_roleplay_chat,Client,data/raw/human_llm/chats/LLama3_3_70B/E08.json::1516,0.5315053608938975
H_LLM_roleplay_chat,Client,data/raw/human_llm/chats/LLama3_3_70B/E08.json::1528,0.37080671805026266
H_LLM_roleplay_chat,Client,data/raw/human_llm/chats/LLama3_3_70B/E08.json::1530,0.5748316548155213
H_LLM_roleplay_chat,Client,data/raw/human_llm/chats/LLama3_3_70B/E08.json::1535,0.4637746984922749
H_LLM_roleplay_chat,Client,data/raw/human_llm/chats/LLama3_3_70B/E08.json::1539,0.5294817226615608
H_LLM_roleplay_chat,Client,data/raw/human_llm/chats/LLama3_3_70B/E08.json::1540,0.6702182651847556
H_LLM_roleplay_chat,Client,data/raw/human_llm/chats/LLama3_3_70B/E08.json::1541,0.5926642927113723
H_LLM_roleplay_chat,Client,data/raw/human_llm/chats/LLama3_3_70B/E08.json::1588,0.614053253090529
H_LLM_roleplay_chat,Client,data/raw/human_llm/chats/LLama3_3_70B/E08.json::1589,0.48897536100768296
H_LLM_roleplay_chat,Client,data/raw/human_llm/chats/LLama3_3_70B/E08.json::1597,0.5205271131226266
H_LLM_roleplay_chat,Client,data/raw/human_llm/chats/LLama3_3_70B/E08.json::1601,0.5658852389826664
H_LLM_roleplay_chat,Client,data/raw/human_llm/chats/LLama3_3_70B/E08.json::1603,0.6706438218450602
H_LLM_roleplay_chat,Client,data/raw/human_llm/chats/LLama3_3_70B/E08.json::1608,0.5850096712808077
H_LLM_roleplay_chat,Client,data/raw/human_llm/chats/LLama3_3_70B/E08.json::1609,0.43140266151730866
H_LLM_roleplay_chat,Client,data/raw/human_llm/chats/LLama3_3_70B/E08.json::1611,0.5788450042326054
H_LLM_roleplay_chat,Client,data/raw/human_llm/chats/LLama3_3_70B/E08.json::1612,0.5842091175818189
H_LLM_roleplay_chat,Client,data/raw/human_llm/chats/LLama3_3_70B/E08.json::1613,0.5757835230012662
H_LLM_roleplay_chat,Client,data/raw/human_llm/chats/LLama3_3_70B/E08.json::1614,0.450974870729607
H_LLM_roleplay_chat,Client,data/raw/human_llm/chats/LLama3_3_70B/E08.json::1616,0.6279484545844224
H_LLM_roleplay_chat,Client,data/raw/human_llm/chats/LLama3_3_70B/E08.json::1618,0.5127180392558919
H_LLM_roleplay_chat,Client,data/raw/human_llm/chats/LLama3_3_70B/E08.json::1619,0.4731036283974587
H_LLM_roleplay_chat,Client,data/raw/human_llm/chats/LLama3_3_70B/E08.json::1620,0.49533353039384825
H_LLM_roleplay_chat,Client,data/raw/human_llm/chats/LLama3_3_70B/E08.json::1622,0.526084813388824
H_LLM_roleplay_chat,Client,data/raw/human_llm/chats/LLama3_3_70B/E08.json::1632,0.7289283262112155
H_LLM_roleplay_chat,Client,data/raw/human_llm/chats/LLama3_3_70B/E08.json::1634,0.6492294511372552
H_LLM_roleplay_chat,Client,data/raw/human_llm/chats/LLama3_3_70B/E08.json::1645,0.6076486598290214
H_LLM_roleplay_chat,Client,data/raw/human_llm/chats/LLama3_3_70B/E08.json::1681,0.4906171442252437
H_LLM_roleplay_chat,Client,data/raw/human_llm/chats/LLama3_3_70B/E08.json::1682,0.5147995472854521
H_LLM_roleplay_chat,Client,data/raw/human_llm/chats/LLama3_3_70B/E08.json::1686,0.6303769409150642
H_LLM_roleplay_chat,Client,data/raw/human_llm/chats/LLama3_3_70B/E08.json::1687,0.5197362550021979
H_LLM_roleplay_chat,Client,data/raw/human_llm/chats/LLama3_3_70B/E08.json::1689,0.5859553410375811
H_LLM_roleplay_chat,Client,data/raw/human_llm/chats/LLama3_3_70B/E08.json::1691,0.5815471478896198
H_LLM_roleplay_chat,Client,data/raw/human_llm/chats/LLama3_3_70B/E08.json::1692,0.5456944218051716
H_LLM_roleplay_chat,Client,data/raw/human_llm/chats/LLama3_3_70B/E08.json::1693,0.5185718226636413
H_LLM_roleplay_chat,Client,data/raw/human_llm/chats/LLama3_3_70B/E08.json::1694,0.6775235633864445
H_LLM_roleplay_chat,Client,data/raw/human_llm/chats/LLama3_3_70B/E08.json::1696,0.5869820630639738
H_LLM_roleplay_chat,Client,data/raw/human_llm/chats/LLama3_3_70B/E08.json::1699,0.4101911774583404
H_LLM_roleplay_chat,Client,data/raw/human_llm/chats/LLama3_3_70B/E08.json::1705,0.46744491027171686
H_LLM_roleplay_chat,Client,data/raw/human_llm/chats/LLama3_3_70B/E08.json::1706,0.5904750403206976
H_LLM_roleplay_chat,Client,data/raw/human_llm/chats/LLama3_3_70B/E08.json::1707,0.5557837700721808
H_LLM_roleplay_chat,Client,data/raw/human_llm/chats/LLama3_3_70B/E08.json::1708,0.6166147076267265
H_LLM_roleplay_chat,Client,data/raw/human_llm/chats/LLama3_3_70B/E08.json::1709,0.5697881950083145
H_LLM_roleplay_chat,Client,data/raw/human_llm/chats/LLama3_3_70B/E08.json::1713,0.6219263942104286
H_LLM_roleplay_chat,Client,data/raw/human_llm/chats/LLama3_3_70B/E08.json::1714,0.4999264192320336
H_LLM_roleplay_chat,Client,data/raw/human_llm/chats/LLama3_3_70B/E08.json::1715,0.6087329129572023
H_LLM_roleplay_chat,Client,data/raw/human_llm/chats/LLama3_3_70B/E08.json::1717,0.4588429393178626
H_LLM_roleplay_chat,Client,data/raw/human_llm/chats/LLama3_3_70B/E08.json::1734,0.5931304402465448
H_LLM_roleplay_chat,Client,data/raw/human_llm/chats/LLama3_3_70B/E08.json::1736,0.5602654369721861
H_LLM_roleplay_chat,Client,data/raw/human_llm/chats/LLama3_3_70B/E08.json::1740,0.47807309628263833
H_LLM_roleplay_chat,Client,data/raw/human_llm/chats/LLama3_3_70B/E08.json::1744,0.5401636157410861
H_LLM_roleplay_chat,Client,data/raw/human_llm/chats/LLama3_3_70B/E08.json::1747,0.562205059263398
H_LLM_roleplay_chat,Client,data/raw/human_llm/chats/LLama3_3_70B/E08.json::1749,0.578578806029432
H_LLM_roleplay_chat,Client,data/raw/human_llm/chats/LLama3_3_70B/E08.json::1751,0.5460735825519576
H_LLM_roleplay_chat,Client,data/raw/human_llm/chats/LLama3_3_70B/E08.json::1752,0.5542079764133664
H_LLM_roleplay_chat,Client,data/raw/human_llm/chats/LLama3_3_70B/E08.json::1753,0.5404028893145442
H_LLM_roleplay_chat,Client,data/raw/human_llm/chats/LLama3_3_70B/E08.json::1754,0.7041030434923424
H_LLM_roleplay_chat,Client,data/raw/human_llm/chats/LLama3_3_70B/E08.json::1756,0.4202491193885242
H_LLM_roleplay_chat,Client,data/raw/human_llm/chats/LLama3_3_70B/E08.json::1757,0.5752276252486769
H_LLM_roleplay_chat,Client,data/raw/human_llm/chats/LLama3_3_70B/E08.json::1760,0.5619278972901274
H_LLM_roleplay_chat,Client,data/raw/human_llm/chats/LLama3_3_70B/E08.json::1761,0.5722317467679924
H_LLM_roleplay_chat,Client,data/raw/human_llm/chats/LLama3_3_70B/E08.json::1763,0.5396962738330672
H_LLM_roleplay_chat,Client,data/raw/human_llm/chats/LLama3_3_70B/E08.json::1764,0.5655488407467865
H_LLM_roleplay_chat,Client,data/raw/human_llm/chats/LLama3_3_70B/E08.json::1765,0.5427967929673031
H_LLM_roleplay_chat,Client,data/raw/human_llm/chats/LLama3_3_70B/E08.json::1766,0.5767553861197517
H_LLM_roleplay_chat,Client,data/raw/human_llm/chats/LLama3_3_70B/E08.json::1770,0.6060730847991616
H_LLM_roleplay_chat,Client,data/raw/human_llm/chats/LLama3_3_70B/E08.json::1771,0.5469725090188808
H_LLM_roleplay_chat,Client,data/raw/human_llm/chats/LLama3_3_70B/E08.json::1772,0.524479846655725
H_LLM_roleplay_chat,Client,data/raw/human_llm/chats/LLama3_3_70B/E08.json::1774,0.5774563489472271
H_LLM_roleplay_chat,Client,data/raw/human_llm/chats/LLama3_3_70B/E08.json::1775,0.5646857642919022
H_LLM_roleplay_chat,Client,data/raw/human_llm/chats/LLama3_3_70B/E08.json::1784,0.5015189353236927
H_LLM_roleplay_chat,Client,data/raw/human_llm/chats/LLama3_3_70B/E08.json::1786,0.5516866648028027
H_LLM_roleplay_chat,Client,data/raw/human_llm/chats/LLama3_3_70B/E08.json::1787,0.49380745995731606
H_LLM_roleplay_chat,Client,data/raw/human_llm/chats/LLama3_3_70B/E08.json::1789,0.48653670698554546
H_LLM_roleplay_chat,Client,data/raw/human_llm/chats/LLama3_3_70B/E08.json::1790,0.5260520499745148
H_LLM_roleplay_chat,Client,data/raw/human_llm/chats/LLama3_3_70B/E08.json::1792,0.5911292973482196
H_LLM_roleplay_chat,Client,data/raw/human_llm/chats/LLama3_3_70B/E08.json::1794,0.5811331262304867
H_LLM_roleplay_chat,Client,data/raw/human_llm/chats/LLama3_3_70B/E08.json::1796,0.4977408204390982
H_LLM_roleplay_chat,Client,data/raw/human_llm/chats/LLama3_3_70B/E08.json::1797,0.5865908662206861
H_LLM_roleplay_chat,Client,data/raw/human_llm/chats/LLama3_3_70B/E08.json::1802,0.5420097119566785
H_LLM_roleplay_chat,Client,data/raw/human_llm/chats/LLama3_3_70B/E08.json::1803,0.6148193212236752
H_LLM_roleplay_chat,Client,data/raw/human_llm/chats/LLama3_3_70B/E08.json::1804,0.6873089836826964
H_LLM_roleplay_chat,Client,data/raw/human_llm/chats/LLama3_3_70B/E08.json::1805,0.5670644911187822
H_LLM_roleplay_chat,Client,data/raw/human_llm/chats/LLama3_3_70B/E08.json::1807,0.524517532135681
H_LLM_roleplay_chat,Client,data/raw/human_llm/chats/LLama3_3_70B/E08.json::1808,0.5606787299661264
H_LLM_roleplay_chat,Client,data/raw/human_llm/chats/LLama3_3_70B/E08.json::1809,0.5555805318755549
H_LLM_roleplay_chat,Client,data/raw/human_llm/chats/LLama3_3_70B/E08.json::1810,0.5507136791959834
H_LLM_roleplay_chat,Client,data/raw/human_llm/chats/LLama3_3_70B/E08.json::1813,0.604493166130327
H_LLM_roleplay_chat,Client,data/raw/human_llm/chats/LLama3_3_70B/E08.json::1814,0.4736370483212092
H_LLM_roleplay_chat,Client,data/raw/human_llm/chats/LLama3_3_70B/E08.json::1815,0.4478652172954778
H_LLM_roleplay_chat,Client,data/raw/human_llm/chats/LLama3_3_70B/E08.json::1816,0.5068783728802657
H_LLM_roleplay_chat,Client,data/raw/human_llm/chats/LLama3_3_70B/E09.json::1232,0.6539907309322176
H_LLM_roleplay_chat,Client,data/raw/human_llm/chats/LLama3_3_70B/E09.json::1233,0.5681635206767639
H_LLM_roleplay_chat,Client,data/raw/human_llm/chats/LLama3_3_70B/E09.json::1257,0.44530060349841993
H_LLM_roleplay_chat,Client,data/raw/human_llm/chats/LLama3_3_70B/E09.json::1263,0.6038190702493911
H_LLM_roleplay_chat,Client,data/raw/human_llm/chats/LLama3_3_70B/E09.json::1281,0.47669599145922653
H_LLM_roleplay_chat,Client,data/raw/human_llm/chats/Mixtral/E03.json::378,0.578647677454939
H_LLM_roleplay_chat,Client,data/raw/human_llm/chats/Mixtral/E03.json::379,0.43971960609684435
H_LLM_roleplay_chat,Client,data/raw/human_llm/chats/Mixtral/E03.json::382,0.4203784919703249
H_LLM_roleplay_chat,Client,data/raw/human_llm/chats/Mixtral/E03.json::387,0.4740246743078829
H_LLM_roleplay_chat,Client,data/raw/human_llm/chats/Mixtral/E03.json::404,0.5694207206660129
H_LLM_roleplay_chat,Client,data/raw/human_llm/chats/Mixtral/E03.json::406,0.501830394251518
H_LLM_roleplay_chat,Client,data/raw/human_llm/chats/Mixtral/E03.json::408,0.43260325289738305
H_LLM_roleplay_chat,Client,data/raw/human_llm/chats/Mixtral/E03.json::410,0.46363809987049015
H_LLM_roleplay_chat,Client,data/raw/human_llm/chats/Mixtral/E03.json::411,0.5172710851209252
H_LLM_roleplay_chat,Client,data/raw/human_llm/chats/Mixtral/E03.json::412,0.4576228044077059
H_LLM_roleplay_chat,Client,data/raw/human_llm/chats/Mixtral/E03.json::413,0.45707194815217755
H_LLM_roleplay_chat,Client,data/raw/human_llm/chats/Mixtral/E03.json::414,0.43767083564330517
H_LLM_roleplay_chat,Client,data/raw/human_llm/chats/Mixtral/E03.json::415,0.5461903067657821
H_LLM_roleplay_chat,Client,data/raw/human_llm/chats/Mixtral/E03.json::418,0.4681952375987895
H_LLM_roleplay_chat,Client,data/raw/human_llm/chats/Mixtral/E03.json::433,0.4588867266983994
H_LLM_roleplay_chat,Client,data/raw/human_llm/chats/Mixtral/E03.json::435,0.6357413150061848
H_LLM_roleplay_chat,Client,data/raw/human_llm/chats/Mixtral/E03.json::436,0.5872961391650942
H_LLM_roleplay_chat,Client,data/raw/human_llm/chats/Mixtral/E03.json::437,0.5727681191799167
H_LLM_roleplay_chat,Client,data/raw/human_llm/chats/Mixtral/E03.json::439,0.5764968886315447
H_LLM_roleplay_chat,Client,data/raw/human_llm/chats/Mixtral/E03.json::441,0.5962037247478503
H_LLM_roleplay_chat,Client,data/raw/human_llm/chats/Mixtral/E03.json::442,0.573236864616
H_LLM_roleplay_chat,Client,data/raw/human_llm/chats/Mixtral/E03.json::445,0.5672719600416282
H_LLM_roleplay_chat,Client,data/raw/human_llm/chats/Mixtral/E03.json::446,0.5529478553286782
H_LLM_roleplay_chat,Client,data/raw/human_llm/chats/Mixtral/E03.json::447,0.5896104424091387
H_LLM_roleplay_chat,Client,data/raw/human_llm/chats/Mixtral/E03.json::448,0.6327413320985197
H_LLM_roleplay_chat,Client,data/raw/human_llm/chats/Mixtral/E03.json::449,0.5839780148448456
H_LLM_roleplay_chat,Client,data/raw/human_llm/chats/Mixtral/E03.json::451,0.6109461688423377
H_LLM_roleplay_chat,Client,data/raw/human_llm/chats/Mixtral/E03.json::454,0.5595793158318744
H_LLM_roleplay_chat,Client,data/raw/human_llm/chats/Mixtral/E03.json::455,0.44402644724030227
H_LLM_roleplay_chat,Client,data/raw/human_llm/chats/Mixtral/E03.json::456,0.6040318570766124
H_LLM_roleplay_chat,Client,data/raw/human_llm/chats/Mixtral/E03.json::460,0.4962929758938214
H_LLM_roleplay_chat,Client,data/raw/human_llm/chats/Mixtral/E03.json::462,0.561610668335056
H_LLM_roleplay_chat,Client,data/raw/human_llm/chats/Mixtral/E03.json::464,0.5927574987486538
H_LLM_roleplay_chat,Client,data/raw/human_llm/chats/Mixtral/E03.json::465,0.5984370233549152
H_LLM_roleplay_chat,Client,data/raw/human_llm/chats/Mixtral/E03.json::467,0.43440881845684426
H_LLM_roleplay_chat,Client,data/raw/human_llm/chats/Mixtral/E03.json::468,0.55696922885134
H_LLM_roleplay_chat,Client,data/raw/human_llm/chats/Mixtral/E03.json::469,0.4468117898654201
H_LLM_roleplay_chat,Client,data/raw/human_llm/chats/Mixtral/E03.json::470,0.546607001512472
H_LLM_roleplay_chat,Client,data/raw/human_llm/chats/Mixtral/E03.json::474,0.6201112471680854
H_LLM_roleplay_chat,Client,data/raw/human_llm/chats/Mixtral/E03.json::476,0.46384943532507106
H_LLM_roleplay_chat,Client,data/raw/human_llm/chats/Mixtral/E03.json::477,0.5321166653063231
H_LLM_roleplay_chat,Client,data/raw/human_llm/chats/Mixtral/E03.json::478,0.45600532361706325
H_LLM_roleplay_chat,Client,data/raw/human_llm/chats/Mixtral/E03.json::480,0.5406368757111233
H_LLM_roleplay_chat,Client,data/raw/human_llm/chats/Mixtral/E03.json::481,0.46844679709166964
H_LLM_roleplay_chat,Client,data/raw/human_llm/chats/Mixtral/E03.json::483,0.4585427205363208
H_LLM_roleplay_chat,Client,data/raw/human_llm/chats/Mixtral/E03.json::484,0.4465397884137802
H_LLM_roleplay_chat,Client,data/raw/human_llm/chats/Mixtral/E03.json::486,0.5372114693125362
H_LLM_roleplay_chat,Client,data/raw/human_llm/chats/Mixtral/E03.json::489,0.5409229800865473
H_LLM_roleplay_chat,Client,data/raw/human_llm/chats/Mixtral/E03.json::490,0.526771707517504
H_LLM_roleplay_chat,Client,data/raw/human_llm/chats/Mixtral/E03.json::492,0.6405424317032216
H_LLM_roleplay_chat,Client,data/raw/human_llm/chats/Mixtral/E03.json::493,0.5263427173351931
H_LLM_roleplay_chat,Client,data/raw/human_llm/chats/Mixtral/E03.json::494,0.5715450187963851
H_LLM_roleplay_chat,Client,data/raw/human_llm/chats/Mixtral/E03.json::495,0.41400524550042517
H_LLM_roleplay_chat,Client,data/raw/human_llm/chats/Mixtral/E03.json::496,0.5641085551756474
H_LLM_roleplay_chat,Client,data/raw/human_llm/chats/Mixtral/E03.json::497,0.6336481526554415
H_LLM_roleplay_chat,Client,data/raw/human_llm/chats/Mixtral/E03.json::499,0.5992271398240397
H_LLM_roleplay_chat,Client,data/raw/human_llm/chats/Mixtral/E03.json::500,0.528037428304486
H_LLM_roleplay_chat,Client,data/raw/human_llm/chats/Mixtral/E03.json::502,0.5963440105499254
H_LLM_roleplay_chat,Client,data/raw/human_llm/chats/Mixtral/E03.json::505,0.3998814738598434
H_LLM_roleplay_chat,Client,data/raw/human_llm/chats/Mixtral/E03.json::508,0.6321701399377541
H_LLM_roleplay_chat,Client,data/raw/human_llm/chats/Mixtral/E03.json::509,0.5387324946245557
H_LLM_roleplay_chat,Client,data/raw/human_llm/chats/Mixtral/E03.json::510,0.5517063484681576
H_LLM_roleplay_chat,Client,data/raw/human_llm/chats/Mixtral/E03.json::511,0.5130064015531209
H_LLM_roleplay_chat,Client,data/raw/human_llm/chats/Mixtral/E03.json::512,0.6696435985351493
H_LLM_roleplay_chat,Client,data/raw/human_llm/chats/Mixtral/E03.json::514,0.5398474474630204
H_LLM_roleplay_chat,Client,data/raw/human_llm/chats/Mixtral/E03.json::515,0.49782744202070284
H_LLM_roleplay_chat,Client,data/raw/human_llm/chats/Mixtral/E03.json::516,0.5379900173051392
H_LLM_roleplay_chat,Client,data/raw/human_llm/chats/Mixtral/E03.json::517,0.39207270668649596
H_LLM_roleplay_chat,Client,data/raw/human_llm/chats/Mixtral/E03.json::519,0.4921014498101935
H_LLM_roleplay_chat,Client,data/raw/human_llm/chats/Mixtral/E03.json::524,0.6799811590808387
H_LLM_roleplay_chat,Client,data/raw/human_llm/chats/Mixtral/E03.json::526,0.5045163850075899
H_LLM_roleplay_chat,Client,data/raw/human_llm/chats/Mixtral/E03.json::527,0.5388794456288751
H_LLM_roleplay_chat,Client,data/raw/human_llm/chats/Mixtral/E03.json::532,0.5587902619502847
H_LLM_roleplay_chat,Client,data/raw/human_llm/chats/Mixtral/E03.json::533,0.4416341481176962
H_LLM_roleplay_chat,Client,data/raw/human_llm/chats/Mixtral/E03.json::535,0.6345866459636827
H_LLM_roleplay_chat,Client,data/raw/human_llm/chats/Mixtral/E03.json::536,0.5350681797446468
H_LLM_roleplay_chat,Client,data/raw/human_llm/chats/Mixtral/E03.json::538,0.4785965446375989
H_LLM_roleplay_chat,Client,data/raw/human_llm/chats/Mixtral/E03.json::539,0.5908598913014181
H_LLM_roleplay_chat,Client,data/raw/human_llm/chats/Mixtral/E03.json::540,0.44659413721501146
H_LLM_roleplay_chat,Client,data/raw/human_llm/chats/Mixtral/E03.json::541,0.4498309782008011
H_LLM_roleplay_chat,Client,data/raw/human_llm/chats/Mixtral/E03.json::544,0.5876909385883279
H_LLM_roleplay_chat,Client,data/raw/human_llm/chats/Mixtral/E03.json::548,0.5805173784565589
H_LLM_roleplay_chat,Client,data/raw/human_llm/chats/Mixtral/E03.json::551,0.5058417389191378
H_LLM_roleplay_chat,Client,data/raw/human_llm/chats/Mixtral/E03.json::552,0.4621547032952559
H_LLM_roleplay_chat,Client,data/raw/human_llm/chats/Mixtral/E03.json::554,0.6724798463641966
H_LLM_roleplay_chat,Client,data/raw/human_llm/chats/Mixtral/E03.json::568,0.5114091564273376
H_LLM_roleplay_chat,Counsellor,data/raw/human_llm/chats/GPT_OSS_120B/E10.json::100,0.5835380471286205
H_LLM_roleplay_chat,Counsellor,data/raw/human_llm/chats/GPT_OSS_120B/E10.json::101,0.6464665704861691
H_LLM_roleplay_chat,Counsellor,data/raw/human_llm/chats/GPT_OSS_120B/E10.json::11,0.5925711091113789
H_LLM_roleplay_chat,Counsellor,data/raw/human_llm/chats/GPT_OSS_120B/E10.json::114,0.672109700923114
H_LLM_roleplay_chat,Counsellor,data/raw/human_llm/chats/GPT_OSS_120B/E10.json::13,0.5685398246258381
H_LLM_roleplay_chat,Counsellor,data/raw/human_llm/chats/GPT_OSS_120B/E10.json::14,0.7057493779958617
H_LLM_roleplay_chat,Counsellor,data/raw/human_llm/chats/GPT_OSS_120B/E10.json::15,0.5404793956131093
H_LLM_roleplay_chat,Counsellor,data/raw/human_llm/chats/GPT_OSS_120B/E10.json::16,0.6050399906316105
H_LLM_roleplay_chat,Counsellor,data/raw/human_llm/chats/GPT_OSS_120B/E10.json::19,0.5461367796027521
H_LLM_roleplay_chat,Counsellor,data/raw/human_llm/chats/GPT_OSS_120B/E10.json::21,0.5598343619076258
H_LLM_roleplay_chat,Counsellor,data/raw/human_llm/chats/GPT_OSS_120B/E10.json::22,0.5521686543345756
H_LLM_roleplay_chat,Counsellor,data/raw/human_llm/chats/GPT_OSS_120B/E10.json::24,0.5933375633401222
H_LLM_roleplay_chat,Counsellor,data/raw/human_llm/chats/GPT_OSS_120B/E10.json::27,0.5170025285331442
H_LLM_roleplay_chat,Counsellor,data/raw/human_llm/chats/GPT_OSS_120B/E10.json::30,0.5840868514532009
H_LLM_roleplay_chat,Counsellor,data/raw/human_llm/chats/GPT_OSS_120B/E10.json::32,0.6146251249278886
H_LLM_roleplay_chat,Counsellor,data/raw/human_llm/chats/GPT_OSS_120B/E10.json::34,0.5849084631600685
H_LLM_roleplay_chat,Counsellor,data/raw/human_llm/chats/GPT_OSS_120B/E10.json::36,0.5602729168479749
H_LLM_roleplay_chat,Counsellor,data/raw/human_llm/chats/GPT_OSS_120B/E10.json::37,0.5687793790381854
H_LLM_roleplay_chat,Counsellor,data/raw/human_llm/chats/GPT_OSS_120B/E10.json::39,0.5707870931946574
H_LLM_roleplay_chat,Counsellor,data/raw/human_llm/chats/GPT_OSS_120B/E10.json::40,0.6601556303212172
H_LLM_roleplay_chat,Counsellor,data/raw/human_llm/chats/GPT_OSS_120B/E10.json::41,0.6022509666166099
H_LLM_roleplay_chat,Counsellor,data/raw/human_llm/chats/GPT_OSS_120B/E10.json::42,0.5939995903233398
H_LLM_roleplay_chat,Counsellor,data/raw/human_llm/chats/GPT_OSS_120B/E10.json::46,0.4984005761226239
H_LLM_roleplay_chat,Counsellor,data/raw/human_llm/chats/GPT_OSS_120B/E10.json::49,0.6594262684763516
H_LLM_roleplay_chat,Counsellor,data/raw/human_llm/chats/GPT_OSS_120B/E10.json::56,0.5564048359327312
H_LLM_roleplay_chat,Counsellor,data/raw/human_llm/chats/GPT_OSS_120B/E10.json::64,0.5464079905002364
H_LLM_roleplay_chat,Counsellor,data/raw/human_llm/chats/GPT_OSS_120B/E10.json::65,0.4892141124633176
H_LLM_roleplay_chat,Counsellor,data/raw/human_llm/chats/GPT_OSS_120B/E10.json::66,0.647537578287902
H_LLM_roleplay_chat,Counsellor,data/raw/human_llm/chats/GPT_OSS_120B/E10.json::69,0.5481649698872015
H_LLM_roleplay_chat,Counsellor,data/raw/human_llm/chats/GPT_OSS_120B/E10.json::7,0.5031804450419097
H_LLM_roleplay_chat,Counsellor,data/raw/human_llm/chats/GPT_OSS_120B/E10.json::75,0.4746194178449243
H_LLM_roleplay_chat,Counsellor,data/raw/human_llm/chats/GPT_OSS_120B/E10.json::78,0.5717284846056275
H_LLM_roleplay_chat,Counsellor,data/raw/human_llm/chats/GPT_OSS_120B/E10.json::80,0.523401194744166
H_LLM_roleplay_chat,Counsellor,data/raw/human_llm/chats/GPT_OSS_120B/E10.json::81,0.5341353292148809
H_LLM_roleplay_chat,Counsellor,data/raw/human_llm/chats/GPT_OSS_120B/E10.json::83,0.6401375898440563
H_LLM_roleplay_chat,Counsellor,data/raw/human_llm/chats/GPT_OSS_120B/E10.json::84,0.5913719304699101
H_LLM_roleplay_chat,Counsellor,data/raw/human_llm/chats/GPT_OSS_120B/E10.json::86,0.4845584810050488
H_LLM_roleplay_chat,Counsellor,data/raw/human_llm/chats/GPT_OSS_120B/E10.json::88,0.5797484802796405
H_LLM_roleplay_chat,Counsellor,data/raw/human_llm/chats/GPT_OSS_120B/E10.json::90,0.5296657938100808
H_LLM_roleplay_chat,Counsellor,data/raw/human_llm/chats/GPT_OSS_120B/E10.json::92,0.5157242048170845
H_LLM_roleplay_chat,Counsellor,data/raw/human_llm/chats/GPT_OSS_120B/E10.json::98,0.4856044848136839
H_LLM_roleplay_chat,Counsellor,data/raw/human_llm/chats/GPT_OSS_120B/E10.json::99,0.584358844475671
H_LLM_roleplay_chat,Counsellor,data/raw/human_llm/chats/GPT_OSS_120B/E11.json::173,0.6530399834959212
H_LLM_roleplay_chat,Counsellor,data/raw/human_llm/chats/GPT_OSS_120B/E11.json::174,0.5254384477508502
H_LLM_roleplay_chat,Counsellor,data/raw/human_llm/chats/GPT_OSS_120B/E11.json::175,0.5232596783299714
H_LLM_roleplay_chat,Counsellor,data/raw/human_llm/chats/GPT_OSS_120B/E11.json::180,0.6088236130328826
H_LLM_roleplay_chat,Counsellor,data/raw/human_llm/chats/GPT_OSS_120B/E11.json::184,0.6208660238311449
H_LLM_roleplay_chat,Counsellor,data/raw/human_llm/chats/GPT_OSS_120B/E11.json::187,0.6041414681715873
H_LLM_roleplay_chat,Counsellor,data/raw/human_llm/chats/GPT_OSS_120B/E11.json::188,0.6227349818632648
H_LLM_roleplay_chat,Counsellor,data/raw/human_llm/chats/GPT_OSS_120B/E11.json::195,0.5800678243093309
H_LLM_roleplay_chat,Counsellor,data/raw/human_llm/chats/GPT_OSS_120B/E11.json::196,0.4716520316630989
H_LLM_roleplay_chat,Counsellor,data/raw/human_llm/chats/GPT_OSS_120B/E11.json::197,0.5295729407733991
H_LLM_roleplay_chat,Counsellor,data/raw/human_llm/chats/GPT_OSS_120B/E11.json::198,0.452614268904649
H_LLM_roleplay_chat,Counsellor,data/raw/human_llm/chats/GPT_OSS_120B/E11.json::199,0.6012336687302431
H_LLM_roleplay_chat,Counsellor,data/raw/human_llm/chats/GPT_OSS_120B/E11.json::202,0.6242582411829897
H_LLM_roleplay_chat,Counsellor,data/raw/human_llm/chats/GPT_OSS_120B/E11.json::204,0.5743910619387879
H_LLM_roleplay_chat,Counsellor,data/raw/human_llm/chats/GPT_OSS_120B/E11.json::207,0.6137207464025546
H_LLM_roleplay_chat,Counsellor,data/raw/human_llm/chats/GPT_OSS_120B/E11.json::212,0.5606711853473306
H_LLM_roleplay_chat,Counsellor,data/raw/human_llm/chats/GPT_OSS_120B/E11.json::213,0.536007310965296
H_LLM_roleplay_chat,Counsellor,data/raw/human_llm/chats/GPT_OSS_120B/E11.json::214,0.6095034005998928
H_LLM_roleplay_chat,Counsellor,data/raw/human_llm/chats/GPT_OSS_120B/E11.json::217,0.6373450415726719
H_LLM_roleplay_chat,Counsellor,data/raw/human_llm/chats/GPT_OSS_120B/E11.json::223,0.540100725708538
H_LLM_roleplay_chat,Counsellor,data/raw/human_llm/chats/GPT_OSS_120B/E11.json::230,0.6013458162356661
H_LLM_roleplay_chat,Counsellor,data/raw/human_llm/chats/GPT_OSS_120B/E11.json::231,0.6014968164120501
H_LLM_roleplay_chat,Counsellor,data/raw/human_llm/chats/GPT_OSS_120B/E11.json::232,0.5130444194638422
H_LLM_roleplay_chat,Counsellor,data/raw/human_llm/chats/GPT_OSS_120B/E11.json::247,0.49534909529393106
H_LLM_roleplay_chat,Counsellor,data/raw/human_llm/chats/GPT_OSS_120B/E11.json::260,0.48867985544299286
H_LLM_roleplay_chat,Counsellor,data/raw/human_llm/chats/GPT_OSS_120B/E11.json::263,0.5237586528328363
H_LLM_roleplay_chat,Counsellor,data/raw/human_llm/chats/GPT_OSS_120B/E11.json::266,0.5506193672833555
H_LLM_roleplay_chat,Counsellor,data/raw/human_llm/chats/GPT_OSS_120B/E11.json::271,0.5455343092996816
H_LLM_roleplay_chat,Counsellor,data/raw/human_llm/chats/GPT_OSS_120B/E11.json::277,0.4758270256276656
H_LLM_roleplay_chat,Counsellor,data/raw/human_llm/chats/GPT_OSS_120B/E11.json::279,0.6303208414510245
H_LLM_roleplay_chat,Counsellor,data/raw/human_llm/chats/GPT_OSS_120B/E11.json::280,0.5448993639647655
H_LLM_roleplay_chat,Counsellor,data/raw/human_llm/chats/GPT_OSS_120B/E11.json::283,0.5817076872661726
H_LLM_roleplay_chat,Counsellor,data/raw/human_llm/chats/GPT_OSS_120B/E11.json::285,0.646707712280202
H_LLM_roleplay_chat,Counsellor,data/raw/human_llm/chats/GPT_OSS_120B/E11.json::286,0.6619417289305753
H_LLM_roleplay_chat,Counsellor,data/raw/human_llm/chats/GPT_OSS_120B/E11.json::287,0.47199495092517957
H_LLM_roleplay_chat,Counsellor,data/raw/human_llm/chats/GPT_OSS_120B/E11.json::290,0.6439304854865102
H_LLM_roleplay_chat,Counsellor,data/raw/human_llm/chats/GPT_OSS_120B/E11.json::293,0.6199512659060051
H_LLM_roleplay_chat,Counsellor,data/raw/human_llm/chats/GPT_OSS_120B/E11.json::298,0.5425921711000374
H_LLM_roleplay_chat,Counsellor,data/raw/human_llm/chats/GPT_OSS_120B/E11.json::299,0.6547308999186381
H_LLM_roleplay_chat,Counsellor,data/raw/human_llm/chats/GPT_OSS_120B/E11.json::302,0.5494611855184003
H_LLM_roleplay_chat,Counsellor,data/raw/human_llm/chats/GPT_OSS_120B/E11.json::303,0.4884740246045592
H_LLM_roleplay_chat,Counsellor,data/raw/human_llm/chats/GPT_OSS_120B/E11.json::305,0.5596348510220093
H_LLM_roleplay_chat,Counsellor,data/raw/human_llm/chats/GPT_OSS_120B/E11.json::307,0.5166000049019007
H_LLM_roleplay_chat,Counsellor,data/raw/human_llm/chats/GPT_OSS_120B/E11.json::309,0.6423807708213829
H_LLM_roleplay_chat,Counsellor,data/raw/human_llm/chats/GPT_OSS_120B/E11.json::310,0.6512614358772371
H_LLM_roleplay_chat,Counsellor,data/raw/human_llm/chats/GPT_OSS_120B/E11.json::312,0.5860455920121086
H_LLM_roleplay_chat,Counsellor,data/raw/human_llm/chats/GPT_OSS_120B/E11.json::313,0.5776345988918439
H_LLM_roleplay_chat,Counsellor,data/raw/human_llm/chats/GPT_OSS_120B/E11.json::393,0.44542679060565793
H_LLM_roleplay_chat,Counsellor,data/raw/human_llm/chats/LLama3_3_70B/E04.json::1001,0.6117548674220433
H_LLM_roleplay_chat,Counsellor,data/raw/human_llm/chats/LLama3_3_70B/E04.json::1002,0.5932973799665405
H_LLM_roleplay_chat,Counsellor,data/raw/human_llm/chats/LLama3_3_70B/E04.json::1003,0.5894229037266083
H_LLM_roleplay_chat,Counsellor,data/raw/human_llm/chats/LLama3_3_70B/E04.json::1004,0.5296119684801024
H_LLM_roleplay_chat,Counsellor,data/raw/human_llm/chats/LLama3_3_70B/E04.json::1006,0.5834359151139783
H_LLM_roleplay_chat,Counsellor,data/raw/human_llm/chats/LLama3_3_70B/E04.json::1007,0.5606311405441341
H_LLM_roleplay_chat,Counsellor,data/raw/human_llm/chats/LLama3_3_70B/E04.json::1010,0.6104029211803791
H_LLM_roleplay_chat,Counsellor,data/raw/human_llm/chats/LLama3_3_70B/E04.json::1015,0.49528571001189203
H_LLM_roleplay_chat,Counsellor,data/raw/human_llm/chats/LLama3_3_70B/E04.json::1019,0.7290238696326785
H_LLM_roleplay_chat,Counsellor,data/raw/human_llm/chats/LLama3_3_70B/E04.json::1021,0.6514397575288774
H_LLM_roleplay_chat,Counsellor,data/raw/human_llm/chats/LLama3_3_70B/E04.json::1026,0.6165152434422518
H_LLM_roleplay_chat,Counsellor,data/raw/human_llm/chats/LLama3_3_70B/E04.json::1027,0.5857511339343083
H_LLM_roleplay_chat,Counsellor,data/raw/human_llm/chats/LLama3_3_70B/E04.json::1029,0.5965598891879456
H_LLM_roleplay_chat,Counsellor,data/raw/human_llm/chats/LLama3_3_70B/E04.json::1030,0.5707115685182343
H_LLM_roleplay_chat,Counsellor,data/raw/human_llm/chats/LLama3_3_70B/E04.json::1031,0.5452862895081295
H_LLM_roleplay_chat,Counsellor,data/raw/human_llm/chats/LLama3_3_70B/E04.json::1035,0.741296409998528
H_LLM_roleplay_chat,Counsellor,data/raw/human_llm/chats/LLama3_3_70B/E04.json::1039,0.5521846760856741
H_LLM_roleplay_chat,Counsellor,data/raw/human_llm/chats/LLama3_3_70B/E04.json::1040,0.6000021006571934
H_LLM_roleplay_chat,Counsellor,data/raw/human_llm/chats/LLama3_3_70B/E04.json::1042,0.5390658552830349
H_LLM_roleplay_chat,Counsellor,data/raw/human_llm/chats/LLama3_3_70B/E04.json::1043,0.535030369184773
H_LLM_roleplay_chat,Counsellor,data/raw/human_llm/chats/LLama3_3_70B/E04.json::1045,0.533727589108226
H_LLM_roleplay_chat,Counsellor,data/raw/human_llm/chats/LLama3_3_70B/E04.json::1047,0.5953103715453841
H_LLM_roleplay_chat,Counsellor,data/raw/human_llm/chats/LLama3_3_70B/E04.json::1050,0.5892908893502289
H_LLM_roleplay_chat,Counsellor,data/raw/human_llm/chats/LLama3_3_70B/E04.json::1054,0.7095072688372116
H_LLM_roleplay_chat,Counsellor,data/raw/human_llm/chats/LLama3_3_70B/E04.json::1055,0.6198726694858555
H_LLM_roleplay_chat,Counsellor,data/raw/human_llm/chats/LLama3_3_70B/E04.json::1056,0.5050331540254451
H_LLM_roleplay_chat,Counsellor,data/raw/human_llm/chats/LLama3_3_70B/E04.json::1062,0.5951418097117144
H_LLM_roleplay_chat,Counsellor,data/raw/human_llm/chats/LLama3_3_70B/E04.json::1063,0.6219639467353563
H_LLM_roleplay_chat,Counsellor,data/raw/human_llm/chats/LLama3_3_70B/E04.json::1064,0.5727863744146611
H_LLM_roleplay_chat,Counsellor,data/raw/human_llm/chats/LLama3_3_70B/E04.json::1065,0.5297032491954476
H_LLM_roleplay_chat,Counsellor,data/raw/human_llm/chats/LLama3_3_70B/E04.json::1066,0.5701877125140653
H_LLM_roleplay_chat,Counsellor,data/raw/human_llm/chats/LLama3_3_70B/E04.json::1070,0.5647996445970875
H_LLM_roleplay_chat,Counsellor,data/raw/human_llm/chats/LLama3_3_70B/E04.json::1073,0.6136346522165975
H_LLM_roleplay_chat,Counsellor,data/raw/human_llm/chats/LLama3_3_70B/E04.json::1074,0.6131314758247965
H_LLM_roleplay_chat,Counsellor,data/raw/human_llm/chats/LLama3_3_70B/E04.json::1077,0.591216158541454
H_LLM_roleplay_chat,Counsellor,data/raw/human_llm/chats/LLama3_3_70B/E04.json::1079,0.6196832729272733
H_LLM_roleplay_chat,Counsellor,data/raw/human_llm/chats/LLama3_3_70B/E04.json::1080,0.5732063142292989
H_LLM_roleplay_chat,Counsellor,data/raw/human_llm/chats/LLama3_3_70B/E04.json::1081,0.5915479799589067
H_LLM_roleplay_chat,Counsellor,data/raw/human_llm/chats/LLama3_3_70B/E04.json::1082,0.639314722001117
H_LLM_roleplay_chat,Counsellor,data/raw/human_llm/chats/LLama3_3_70B/E04.json::1083,0.5759674309006931
H_LLM_roleplay_chat,Counsellor,data/raw/human_llm/chats/LLama3_3_70B/E04.json::1086,0.5849018509294478
H_LLM_roleplay_chat,Counsellor,data/raw/human_llm/chats/LLama3_3_70B/E04.json::1090,0.6972541430069764
H_LLM_roleplay_chat,Counsellor,data/raw/human_llm/chats/LLama3_3_70B/E04.json::1093,0.7122856254247507
H_LLM_roleplay_chat,Counsellor,data/raw/human_llm/chats/LLama3_3_70B/E04.json::1094,0.498365471121163
H_LLM_roleplay_chat,Counsellor,data/raw/human_llm/chats/LLama3_3_70B/E04.json::1095,0.5736016472848114
H_LLM_roleplay_chat,Counsellor,data/raw/human_llm/chats/LLama3_3_70B/E04.json::1104,0.5775122371227118
H_LLM_roleplay_chat,Counsellor,data/raw/human_llm/chats/LLama3_3_70B/E04.json::1105,0.625651559564131
H_LLM_roleplay_chat,Counsellor,data/raw/human_llm/chats/LLama3_3_70B/E04.json::1108,0.5638003983684524
H_LLM_roleplay_chat,Counsellor,data/raw/human_llm/chats/LLama3_3_70B/E04.json::1109,0.5970184662465732
H_LLM_roleplay_chat,Counsellor,data/raw/human_llm/chats/LLama3_3_70B/E04.json::1111,0.5918988325541327
H_LLM_roleplay_chat,Counsellor,data/raw/human_llm/chats/LLama3_3_70B/E04.json::1114,0.5603160816095714
H_LLM_roleplay_chat,Counsellor,data/raw/human_llm/chats/LLama3_3_70B/E04.json::1115,0.6513668310839028
H_LLM_roleplay_chat,Counsellor,data/raw/human_llm/chats/LLama3_3_70B/E04.json::1116,0.5783765086076661
H_LLM_roleplay_chat,Counsellor,data/raw/human_llm/chats/LLama3_3_70B/E04.json::1117,0.5219976417493222
H_LLM_roleplay_chat,Counsellor,data/raw/human_llm/chats/LLama3_3_70B/E04.json::1118,0.5164093430107282
H_LLM_roleplay_chat,Counsellor,data/raw/human_llm/chats/LLama3_3_70B/E04.json::1121,0.6177555116218226
H_LLM_roleplay_chat,Counsellor,data/raw/human_llm/chats/LLama3_3_70B/E04.json::1124,0.6088396611546115
H_LLM_roleplay_chat,Counsellor,data/raw/human_llm/chats/LLama3_3_70B/E04.json::1127,0.6194626783123229
H_LLM_roleplay_chat,Counsellor,data/raw/human_llm/chats/LLama3_3_70B/E04.json::1134,0.5241414018665226
H_LLM_roleplay_chat,Counsellor,data/raw/human_llm/chats/LLama3_3_70B/E04.json::1135,0.555937231312298
H_LLM_roleplay_chat,Counsellor,data/raw/human_llm/chats/LLama3_3_70B/E04.json::1137,0.6097242777041035
H_LLM_roleplay_chat,Counsellor,data/raw/human_llm/chats/LLama3_3_70B/E04.json::1138,0.6098436003897426
H_LLM_roleplay_chat,Counsellor,data/raw/human_llm/chats/LLama3_3_70B/E04.json::1139,0.5550120965908265
H_LLM_roleplay_chat,Counsellor,data/raw/human_llm/chats/LLama3_3_70B/E04.json::1141,0.5469024418033768
H_LLM_roleplay_chat,Counsellor,data/raw/human_llm/chats/LLama3_3_70B/E04.json::1142,0.5815302797712906
H_LLM_roleplay_chat,Counsellor,data/raw/human_llm/chats/LLama3_3_70B/E04.json::1143,0.5835751271864184
H_LLM_roleplay_chat,Counsellor,data/raw/human_llm/chats/LLama3_3_70B/E04.json::1145,0.599246371083891
H_LLM_roleplay_chat,Counsellor,data/raw/human_llm/chats/LLama3_3_70B/E04.json::1147,0.5578329189018376
H_LLM_roleplay_chat,Counsellor,data/raw/human_llm/chats/LLama3_3_70B/E04.json::1150,0.6343808995688897
H_LLM_roleplay_chat,Counsellor,data/raw/human_llm/chats/LLama3_3_70B/E04.json::1151,0.5539271882574611
H_LLM_roleplay_chat,Counsellor,data/raw/human_llm/chats/LLama3_3_70B/E04.json::1154,0.46741805444882345
H_LLM_roleplay_chat,Counsellor,data/raw/human_llm/chats/LLama3_3_70B/E04.json::1156,0.557908528943243
H_LLM_roleplay_chat,Counsellor,data/raw/human_llm/chats/LLama3_3_70B/E04.json::1158,0.4340014273308611
H_LLM_roleplay_chat,Counsellor,data/raw/human_llm/chats/LLama3_3_70B/E04.json::1159,0.46045202145335234
H_LLM_roleplay_chat,Counsellor,data/raw/human_llm/chats/LLama3_3_70B/E04.json::1160,0.5706699266509634
H_LLM_roleplay_chat,Counsellor,data/raw/human_llm/chats/LLama3_3_70B/E04.json::1163,0.5442739997606645
H_LLM_roleplay_chat,Counsellor,data/raw/human_llm/chats/LLama3_3_70B/E04.json::1164,0.6408209427782221
H_LLM_roleplay_chat,Counsellor,data/raw/human_llm/chats/LLama3_3_70B/E04.json::1166,0.5157330852937658
H_LLM_roleplay_chat,Counsellor,data/raw/human_llm/chats/LLama3_3_70B/E04.json::1168,0.6046273062279911
H_LLM_roleplay_chat,Counsellor,data/raw/human_llm/chats/LLama3_3_70B/E04.json::1171,0.6156442078310493
H_LLM_roleplay_chat,Counsellor,data/raw/human_llm/chats/LLama3_3_70B/E04.json::1174,0.5932527071894887
H_LLM_roleplay_chat,Counsellor,data/raw/human_llm/chats/LLama3_3_70B/E04.json::1175,0.6438862486074315
H_LLM_roleplay_chat,Counsellor,data/raw/human_llm/chats/LLama3_3_70B/E04.json::1178,0.5637103509586964
H_LLM_roleplay_chat,Counsellor,data/raw/human_llm/chats/LLama3_3_70B/E04.json::1189,0.5250846938801794
H_LLM_roleplay_chat,Counsellor,data/raw/human_llm/chats/LLama3_3_70B/E04.json::1190,0.5650849294226609
H_LLM_roleplay_chat,Counsellor,data/raw/human_llm/chats/LLama3_3_70B/E04.json::1191,0.5883890907430668
H_LLM_roleplay_chat,Counsellor,data/raw/human_llm/chats/LLama3_3_70B/E04.json::1192,0.5777990445602813
H_LLM_roleplay_chat,Counsellor,data/raw/human_llm/chats/LLama3_3_70B/E04.json::1195,0.5355209333171094
H_LLM_roleplay_chat,Counsellor,data/raw/human_llm/chats/LLama3_3_70B/E04.json::1196,0.6252669645138862
H_LLM_roleplay_chat,Counsellor,data/raw/human_llm/chats/LLama3_3_70B/E04.json::1199,0.5586700173227481
H_LLM_roleplay_chat,Counsellor,data/raw/human_llm/chats/LLama3_3_70B/E04.json::1201,0.6272102614876076
H_LLM_roleplay_chat,Counsellor,data/raw/human_llm/chats/LLama3_3_70B/E04.json::1202,0.5858399384671521
H_LLM_roleplay_chat,Counsellor,data/raw/human_llm/chats/LLama3_3_70B/E04.json::1206,0.5829751304901971
H_LLM_roleplay_chat,Counsellor,data/raw/human_llm/chats/LLama3_3_70B/E04.json::1208,0.5744770851102224
H_LLM_roleplay_chat,Counsellor,data/raw/human_llm/chats/LLama3_3_70B/E04.json::1209,0.5496915612070549
H_LLM_roleplay_chat,Counsellor,data/raw/human_llm/chats/LLama3_3_70B/E04.json::1212,0.6352535044157925
H_LLM_roleplay_chat,Counsellor,data/raw/human_llm/chats/LLama3_3_70B/E04.json::1214,0.5930974819855098
H_LLM_roleplay_chat,Counsellor,data/raw/human_llm/chats/LLama3_3_70B/E04.json::1220,0.5416252130331639
H_LLM_roleplay_chat,Counsellor,data/raw/human_llm/chats/LLama3_3_70B/E04.json::1221,0.4799061406399666
H_LLM_roleplay_chat,Counsellor,data/raw/human_llm/chats/LLama3_3_70B/E04.json::1248,0.5102533683310537
H_LLM_roleplay_chat,Counsellor,data/raw/human_llm/chats/LLama3_3_70B/E04.json::969,0.5978314524261962
H_LLM_roleplay_chat,Counsellor,data/raw/human_llm/chats/LLama3_3_70B/E04.json::970,0.5441253440128141
H_LLM_roleplay_chat,Counsellor,data/raw/human_llm/chats/LLama3_3_70B/E04.json::971,0.5961915026157005
H_LLM_roleplay_chat,Counsellor,data/raw/human_llm/chats/LLama3_3_70B/E04.json::976,0.5739386780658631
H_LLM_roleplay_chat,Counsellor,data/raw/human_llm/chats/LLama3_3_70B/E04.json::978,0.5651620160708816
H_LLM_roleplay_chat,Counsellor,data/raw/human_llm/chats/LLama3_3_70B/E04.json::982,0.6288859975577211
H_LLM_roleplay_chat,Counsellor,data/raw/human_llm/chats/LLama3_3_70B/E04.json::984,0.537712344206364
H_LLM_roleplay_chat,Counsellor,data/raw/human_llm/chats/LLama3_3_70B/E04.json::985,0.647033524853594
H_LLM_roleplay_chat,Counsellor,data/raw/human_llm/chats/LLama3_3_70B/E04.json::986,0.5431666430942895
H_LLM_roleplay_chat,Counsellor,data/raw/human_llm/chats/LLama3_3_70B/E04.json::996,0.5078338815501124
H_LLM_roleplay_chat,Counsellor,data/raw/human_llm/chats/LLama3_3_70B/E04.json::998,0.5084712493907675
H_LLM_roleplay_chat,Counsellor,data/raw/human_llm/chats/LLama3_3_70B/E04.json::999,0.48088542056539746
H_LLM_roleplay_chat,Counsellor,data/raw/human_llm/chats/LLama3_3_70B/E05.json::1710,0.565406066221863
H_LLM_roleplay_chat,Counsellor,data/raw/human_llm/chats/LLama3_3_70B/E05.json::1773,0.5135278880641434
H_LLM_roleplay_chat,Counsellor,data/raw/human_llm/chats/LLama3_3_70B/E05.json::1820,0.42428681670515483
H_LLM_roleplay_chat,Counsellor,data/raw/human_llm/chats/LLama3_3_70B/E05.json::1822,0.601494702747625
H_LLM_roleplay_chat,Counsellor,data/raw/human_llm/chats/LLama3_3_70B/E05.json::1833,0.5253888271537196
H_LLM_roleplay_chat,Counsellor,data/raw/human_llm/chats/LLama3_3_70B/E05.json::1836,0.47153605870923354
H_LLM_roleplay_chat,Counsellor,data/raw/human_llm/chats/LLama3_3_70B/E05.json::1838,0.6237319288032492
H_LLM_roleplay_chat,Counsellor,data/raw/human_llm/chats/LLama3_3_70B/E06.json::1552,0.6079776154870976
H_LLM_roleplay_chat,Counsellor,data/raw/human_llm/chats/LLama3_3_70B/E06.json::1554,0.6984644453502014
H_LLM_roleplay_chat,Counsellor,data/raw/human_llm/chats/LLama3_3_70B/E06.json::1555,0.6365517598369365
H_LLM_roleplay_chat,Counsellor,data/raw/human_llm/chats/LLama3_3_70B/E06.json::1556,0.6287317750997758
H_LLM_roleplay_chat,Counsellor,data/raw/human_llm/chats/LLama3_3_70B/E06.json::1562,0.6000811328961226
H_LLM_roleplay_chat,Counsellor,data/raw/human_llm/chats/LLama3_3_70B/E06.json::1563,0.58048975271006
H_LLM_roleplay_chat,Counsellor,data/raw/human_llm/chats/LLama3_3_70B/E06.json::1564,0.6471502717051498
H_LLM_roleplay_chat,Counsellor,data/raw/human_llm/chats/LLama3_3_70B/E06.json::1566,0.5558522312482193
H_LLM_roleplay_chat,Counsellor,data/raw/human_llm/chats/LLama3_3_70B/E06.json::1567,0.5114966589573255
H_LLM_roleplay_chat,Counsellor,data/raw/human_llm/chats/LLama3_3_70B/E06.json::1568,0.4849791762635012
H_LLM_roleplay_chat,Counsellor,data/raw/human_llm/chats/LLama3_3_70B/E06.json::1569,0.5217335200687507
H_LLM_roleplay_chat,Counsellor,data/raw/human_llm/chats/LLama3_3_70B/E06.json::1570,0.5275312291797988
H_LLM_roleplay_chat,Counsellor,data/raw/human_llm/chats/LLama3_3_70B/E06.json::1722,0.46430703016745284
H_LLM_roleplay_chat,Counsellor,data/raw/human_llm/chats/LLama3_3_70B/E06.json::1723,0.5134149399412792
H_LLM_roleplay_chat,Counsellor,data/raw/human_llm/chats/LLama3_3_70B/E06.json::1724,0.47771987957284495
H_LLM_roleplay_chat,Counsellor,data/raw/human_llm/chats/LLama3_3_70B/E06.json::1725,0.6907365486375028
H_LLM_roleplay_chat,Counsellor,data/raw/human_llm/chats/LLama3_3_70B/E06.json::1727,0.6565512794317482
H_LLM_roleplay_chat,Counsellor,data/raw/human_llm/chats/LLama3_3_70B/E06.json::1729,0.5177102758120985
H_LLM_roleplay_chat,Counsellor,data/raw/human_llm/chats/LLama3_3_70B/E07.json::1492,0.49960686935933646
H_LLM_roleplay_chat,Counsellor,data/raw/human_llm/chats/LLama3_3_70B/E07.json::1497,0.6290502811723722
H_LLM_roleplay_chat,Counsellor,data/raw/human_llm/chats/LLama3_3_70B/E07.json::1500,0.4976193728200646
H_LLM_roleplay_chat,Counsellor,data/raw/human_llm/chats/LLama3_3_70B/E07.json::1502,0.56398059321906
H_LLM_roleplay_chat,Counsellor,data/raw/human_llm/chats/LLama3_3_70B/E07.json::1504,0.5543212735606986
H_LLM_roleplay_chat,Counsellor,data/raw/human_llm/chats/LLama3_3_70B/E07.json::1508,0.5563745237667038
H_LLM_roleplay_chat,Counsellor,data/raw/human_llm/chats/LLama3_3_70B/E08.json::1516,0.4237394266122671
H_LLM_roleplay_chat,Counsellor,data/raw/human_llm/chats/LLama3_3_70B/E08.json::1528,0.4329071993293287
H_LLM_roleplay_chat,Counsellor,data/raw/human_llm/chats/LLama3_3_70B/E08.json::1530,0.43707596653523584
H_LLM_roleplay_chat,Counsellor,data/raw/human_llm/chats/LLama3_3_70B/E08.json::1535,0.4718141964914087
H_LLM_roleplay_chat,Counsellor,data/raw/human_llm/chats/LLama3_3_70B/E08.json::1539,0.4769088157284722
H_LLM_roleplay_chat,Counsellor,data/raw/human_llm/chats/LLama3_3_70B/E08.json::1540,0.5825881612402513
H_LLM_roleplay_chat,Counsellor,data/raw/human_llm/chats/LLama3_3_70B/E08.json::1541,0.4642410396155957
H_LLM_roleplay_chat,Counsellor,data/raw/human_llm/chats/LLama3_3_70B/E08.json::1588,0.5586914328313818
H_LLM_roleplay_chat,Counsellor,data/raw/human_llm/chats/LLama3_3_70B/E08.json::1589,0.4446647477396163
H_LLM_roleplay_chat,Counsellor,data/raw/human_llm/chats/LLama3_3_70B/E08.json::1597,0.6233362351047471
H_LLM_roleplay_chat,Counsellor,data/raw/human_llm/chats/LLama3_3_70B/E08.json::1601,0.49092679614121987
H_LLM_roleplay_chat,Counsellor,data/raw/human_llm/chats/LLama3_3_70B/E08.json::1603,0.5266091591186614
H_LLM_roleplay_chat,Counsellor,data/raw/human_llm/chats/LLama3_3_70B/E08.json::1608,0.47337050551079457
H_LLM_roleplay_chat,Counsellor,data/raw/human_llm/chats/LLama3_3_70B/E08.json::1609,0.4739303266746267
H_LLM_roleplay_chat,Counsellor,data/raw/human_llm/chats/LLama3_3_70B/E08.json::1611,0.6910995866553208
H_LLM_roleplay_chat,Counsellor,data/raw/human_llm/chats/LLama3_3_70B/E08.json::1612,0.5535482241285379
H_LLM_roleplay_chat,Counsellor,data/raw/human_llm/chats/LLama3_3_70B/E08.json::1613,0.514320724298101
H_LLM_roleplay_chat,Counsellor,data/raw/human_llm/chats/LLama3_3_70B/E08.json::1614,0.3816560932762913
H_LLM_roleplay_chat,Counsellor,data/raw/human_llm/chats/LLama3_3_70B/E08.json::1616,0.5446971640392125
H_LLM_roleplay_chat,Counsellor,data/raw/human_llm/chats/LLama3_3_70B/E08.json::1618,0.4075662815189692
H_LLM_roleplay_chat,Counsellor,data/raw/human_llm/chats/LLama3_3_70B/E08.json::1619,0.38618674857810803
H_LLM_roleplay_chat,Counsellor,data/raw/human_llm/chats/LLama3_3_70B/E08.json::1620,0.39869364704132876
H_LLM_roleplay_chat,Counsellor,data/raw/human_llm/chats/LLama3_3_70B/E08.json::1622,0.4588158119038157
H_LLM_roleplay_chat,Counsellor,data/raw/human_llm/chats/LLama3_3_70B/E08.json::1632,0.6182198028890334
H_LLM_roleplay_chat,Counsellor,data/raw/human_llm/chats/LLama3_3_70B/E08.json::1634,0.6172339323248878
H_LLM_roleplay_chat,Counsellor,data/raw/human_llm/chats/LLama3_3_70B/E08.json::1645,0.64869860072807
H_LLM_roleplay_chat,Counsellor,data/raw/human_llm/chats/LLama3_3_70B/E08.json::1681,0.4764336924175025
H_LLM_roleplay_chat,Counsellor,data/raw/human_llm/chats/LLama3_3_70B/E08.json::1682,0.5083761302208685
H_LLM_roleplay_chat,Counsellor,data/raw/human_llm/chats/LLama3_3_70B/E08.json::1686,0.6172293052458918
H_LLM_roleplay_chat,Counsellor,data/raw/human_llm/chats/LLama3_3_70B/E08.json::1687,0.5569719582687895
H_LLM_roleplay_chat,Counsellor,data/raw/human_llm/chats/LLama3_3_70B/E08.json::1689,0.4757298545801888
H_LLM_roleplay_chat,Counsellor,data/raw/human_llm/chats/LLama3_3_70B/E08.json::1691,0.49883101064099944
H_LLM_roleplay_chat,Counsellor,data/raw/human_llm/chats/LLama3_3_70B/E08.json::1692,0.5047957872034589
H_LLM_roleplay_chat,Counsellor,data/raw/human_llm/chats/LLama3_3_70B/E08.json::1693,0.3658718947056851
H_LLM_roleplay_chat,Counsellor,data/raw/human_llm/chats/LLama3_3_70B/E08.json::1694,0.5108680954716699
H_LLM_roleplay_chat,Counsellor,data/raw/human_llm/chats/LLama3_3_70B/E08.json::1696,0.41302832351744184
H_LLM_roleplay_chat,Counsellor,data/raw/human_llm/chats/LLama3_3_70B/E08.json::1699,0.4825033744245379
H_LLM_roleplay_chat,Counsellor,data/raw/human_llm/chats/LLama3_3_70B/E08.json::1705,0.4493186713041177
H_LLM_roleplay_chat,Counsellor,data/raw/human_llm/chats/LLama3_3_70B/E08.json::1706,0.5705071973938017
H_LLM_roleplay_chat,Counsellor,data/raw/human_llm/chats/LLama3_3_70B/E08.json::1707,0.47652095506473513
H_LLM_roleplay_chat,Counsellor,data/raw/human_llm/chats/LLama3_3_70B/E08.json::1708,0.5129804814000973
H_LLM_roleplay_chat,Counsellor,data/raw/human_llm/chats/LLama3_3_70B/E08.json::1709,0.5752342582819739
H_LLM_roleplay_chat,Counsellor,data/raw/human_llm/chats/LLama3_3_70B/E08.json::1713,0.4447512416084147
H_LLM_roleplay_chat,Counsellor,data/raw/human_llm/chats/LLama3_3_70B/E08.json::1714,0.5448675721366749
H_LLM_roleplay_chat,Counsellor,data/raw/human_llm/chats/LLama3_3_70B/E08.json::1715,0.5578686002743259
H_LLM_roleplay_chat,Counsellor,data/raw/human_llm/chats/LLama3_3_70B/E08.json::1717,0.34790225378003026
H_LLM_roleplay_chat,Counsellor,data/raw/human_llm/chats/LLama3_3_70B/E08.json::1734,0.5371159485379139
H_LLM_roleplay_chat,Counsellor,data/raw/human_llm/chats/LLama3_3_70B/E08.json::1736,0.646499025575793
H_LLM_roleplay_chat,Counsellor,data/raw/human_llm/chats/LLama3_3_70B/E08.json::1740,0.3532953473830207
H_LLM_roleplay_chat,Counsellor,data/raw/human_llm/chats/LLama3_3_70B/E08.json::1744,0.5790899506881102
H_LLM_roleplay_chat,Counsellor,data/raw/human_llm/chats/LLama3_3_70B/E08.json::1747,0.6336084654483694
H_LLM_roleplay_chat,Counsellor,data/raw/human_llm/chats/LLama3_3_70B/E08.json::1749,0.578394598277715
H_LLM_roleplay_chat,Counsellor,data/raw/human_llm/chats/LLama3_3_70B/E08.json::1751,0.4032393018452625
H_LLM_roleplay_chat,Counsellor,data/raw/human_llm/chats/LLama3_3_70B/E08.json::1752,0.5567190192443847
H_LLM_roleplay_chat,Counsellor,data/raw/human_llm/chats/LLama3_3_70B/E08.json::1753,0.49089315304973496
H_LLM_roleplay_chat,Counsellor,data/raw/human_llm/chats/LLama3_3_70B/E08.json::1754,0.6555194360844152
H_LLM_roleplay_chat,Counsellor,data/raw/human_llm/chats/LLama3_3_70B/E08.json::1756,0.531044666906579
H_LLM_roleplay_chat,Counsellor,data/raw/human_llm/chats/LLama3_3_70B/E08.json::1757,0.5413266428953766
H_LLM_roleplay_chat,Counsellor,data/raw/human_llm/chats/LLama3_3_70B/E08.json::1760,0.4909002102089508
H_LLM_roleplay_chat,Counsellor,data/raw/human_llm/chats/LLama3_3_70B/E08.json::1761,0.48022460195253164
H_LLM_roleplay_chat,Counsellor,data/raw/human_llm/chats/LLama3_3_70B/E08.json::1763,0.539791690787693
H_LLM_roleplay_chat,Counsellor,data/raw/human_llm/chats/LLama3_3_70B/E08.json::1764,0.5085917965434238
H_LLM_roleplay_chat,Counsellor,data/raw/human_llm/chats/LLama3_3_70B/E08.json::1765,0.5020249437824219
H_LLM_roleplay_chat,Counsellor,data/raw/human_llm/chats/LLama3_3_70B/E08.json::1766,0.5207749525369486
H_LLM_roleplay_chat,Counsellor,data/raw/human_llm/chats/LLama3_3_70B/E08.json::1770,0.5002316645031988
H_LLM_roleplay_chat,Counsellor,data/raw/human_llm/chats/LLama3_3_70B/E08.json::1771,0.657920737430675
H_LLM_roleplay_chat,Counsellor,data/raw/human_llm/chats/LLama3_3_70B/E08.json::1772,0.6197746469387048
H_LLM_roleplay_chat,Counsellor,data/raw/human_llm/chats/LLama3_3_70B/E08.json::1774,0.5990826282302932
H_LLM_roleplay_chat,Counsellor,data/raw/human_llm/chats/LLama3_3_70B/E08.json::1775,0.5438335936917257
H_LLM_roleplay_chat,Counsellor,data/raw/human_llm/chats/LLama3_3_70B/E08.json::1784,0.4120346387400138
H_LLM_roleplay_chat,Counsellor,data/raw/human_llm/chats/LLama3_3_70B/E08.json::1786,0.6106723062607171
H_LLM_roleplay_chat,Counsellor,data/raw/human_llm/chats/LLama3_3_70B/E08.json::1787,0.5400084624742735
H_LLM_roleplay_chat,Counsellor,data/raw/human_llm/chats/LLama3_3_70B/E08.json::1789,0.39442726677632484
H_LLM_roleplay_chat,Counsellor,data/raw/human_llm/chats/LLama3_3_70B/E08.json::1790,0.5895533466345214
H_LLM_roleplay_chat,Counsellor,data/raw/human_llm/chats/LLama3_3_70B/E08.json::1792,0.5321973914894538
H_LLM_roleplay_chat,Counsellor,data/raw/human_llm/chats/LLama3_3_70B/E08.json::1794,0.4604281332216055
H_LLM_roleplay_chat,Counsellor,data/raw/human_llm/chats/LLama3_3_70B/E08.json::1796,0.4684423517748118
H_LLM_roleplay_chat,Counsellor,data/raw/human_llm/chats/LLama3_3_70B/E08.json::1797,0.5480010349504887
H_LLM_roleplay_chat,Counsellor,data/raw/human_llm/chats/LLama3_3_70B/E08.json::1802,0.6686824357260966
H_LLM_roleplay_chat,Counsellor,data/raw/human_llm/chats/LLama3_3_70B/E08.json::1803,0.5730319587019995
H_LLM_roleplay_chat,Counsellor,data/raw/human_llm/chats/LLama3_3_70B/E08.json::1804,0.49972882795381085
H_LLM_roleplay_chat,Counsellor,data/raw/human_llm/chats/LLama3_3_70B/E08.json::1805,0.5361138424257272
H_LLM_roleplay_chat,Counsellor,data/raw/human_llm/chats/LLama3_3_70B/E08.json::1807,0.5277627419459894
H_LLM_roleplay_chat,Counsellor,data/raw/human_llm/chats/LLama3_3_70B/E08.json::1808,0.46276496843113113
H_LLM_roleplay_chat,Counsellor,data/raw/human_llm/chats/LLama3_3_70B/E08.json::1809,0.5786132214110736
H_LLM_roleplay_chat,Counsellor,data/raw/human_llm/chats/LLama3_3_70B/E08.json::1810,0.38042893295779445
H_LLM_roleplay_chat,Counsellor,data/raw/human_llm/chats/LLama3_3_70B/E08.json::1813,0.49744313273874846
H_LLM_roleplay_chat,Counsellor,data/raw/human_llm/chats/LLama3_3_70B/E08.json::1814,0.4522276713110595
H_LLM_roleplay_chat,Counsellor,data/raw/human_llm/chats/LLama3_3_70B/E08.json::1815,0.43957904287969524
H_LLM_roleplay_chat,Counsellor,data/raw/human_llm/chats/LLama3_3_70B/E08.json::1816,0.5590490726501499
H_LLM_roleplay_chat,Counsellor,data/raw/human_llm/chats/LLama3_3_70B/E09.json::1232,0.5489027444561322
H_LLM_roleplay_chat,Counsellor,data/raw/human_llm/chats/LLama3_3_70B/E09.json::1233,0.6403544268219957
H_LLM_roleplay_chat,Counsellor,data/raw/human_llm/chats/LLama3_3_70B/E09.json::1257,0.4747091337999715
H_LLM_roleplay_chat,Counsellor,data/raw/human_llm/chats/LLama3_3_70B/E09.json::1263,0.7219352778947785
H_LLM_roleplay_chat,Counsellor,data/raw/human_llm/chats/LLama3_3_70B/E09.json::1281,0.5573730864018662
H_LLM_roleplay_chat,Counsellor,data/raw/human_llm/chats/Mixtral/E03.json::378,0.5761502870668865
H_LLM_roleplay_chat,Counsellor,data/raw/human_llm/chats/Mixtral/E03.json::379,0.4196236867363987
H_LLM_roleplay_chat,Counsellor,data/raw/human_llm/chats/Mixtral/E03.json::382,0.5402127200131646
H_LLM_roleplay_chat,Counsellor,data/raw/human_llm/chats/Mixtral/E03.json::387,0.47816205925984034
H_LLM_roleplay_chat,Counsellor,data/raw/human_llm/chats/Mixtral/E03.json::404,0.46707246991760293
H_LLM_roleplay_chat,Counsellor,data/raw/human_llm/chats/Mixtral/E03.json::406,0.5652884773805341
H_LLM_roleplay_chat,Counsellor,data/raw/human_llm/chats/Mixtral/E03.json::408,0.4721275624223222
H_LLM_roleplay_chat,Counsellor,data/raw/human_llm/chats/Mixtral/E03.json::410,0.4823517294844495
H_LLM_roleplay_chat,Counsellor,data/raw/human_llm/chats/Mixtral/E03.json::411,0.5576001678253233
H_LLM_roleplay_chat,Counsellor,data/raw/human_llm/chats/Mixtral/E03.json::412,0.4832507519088408
H_LLM_roleplay_chat,Counsellor,data/raw/human_llm/chats/Mixtral/E03.json::413,0.5403811318694837
H_LLM_roleplay_chat,Counsellor,data/raw/human_llm/chats/Mixtral/E03.json::414,0.5531735683022371
H_LLM_roleplay_chat,Counsellor,data/raw/human_llm/chats/Mixtral/E03.json::415,0.4667467659210841
H_LLM_roleplay_chat,Counsellor,data/raw/human_llm/chats/Mixtral/E03.json::418,0.5021717781149682
H_LLM_roleplay_chat,Counsellor,data/raw/human_llm/chats/Mixtral/E03.json::433,0.5652996328461931
H_LLM_roleplay_chat,Counsellor,data/raw/human_llm/chats/Mixtral/E03.json::435,0.5100614611775047
H_LLM_roleplay_chat,Counsellor,data/raw/human_llm/chats/Mixtral/E03.json::436,0.5978087206343136
H_LLM_roleplay_chat,Counsellor,data/raw/human_llm/chats/Mixtral/E03.json::437,0.5431635004702263
H_LLM_roleplay_chat,Counsellor,data/raw/human_llm/chats/Mixtral/E03.json::439,0.5778297925093617
H_LLM_roleplay_chat,Counsellor,data/raw/human_llm/chats/Mixtral/E03.json::441,0.6305079853076065
H_LLM_roleplay_chat,Counsellor,data/raw/human_llm/chats/Mixtral/E03.json::442,0.5659226693684395
H_LLM_roleplay_chat,Counsellor,data/raw/human_llm/chats/Mixtral/E03.json::445,0.566054751516089
H_LLM_roleplay_chat,Counsellor,data/raw/human_llm/chats/Mixtral/E03.json::446,0.6378685505332549
H_LLM_roleplay_chat,Counsellor,data/raw/human_llm/chats/Mixtral/E03.json::447,0.5942782705645782
H_LLM_roleplay_chat,Counsellor,data/raw/human_llm/chats/Mixtral/E03.json::448,0.5974857589837685
H_LLM_roleplay_chat,Counsellor,data/raw/human_llm/chats/Mixtral/E03.json::449,0.6917960640345046
H_LLM_roleplay_chat,Counsellor,data/raw/human_llm/chats/Mixtral/E03.json::451,0.5347948811639951
H_LLM_roleplay_chat,Counsellor,data/raw/human_llm/chats/Mixtral/E03.json::454,0.6431966934454977
H_LLM_roleplay_chat,Counsellor,data/raw/human_llm/chats/Mixtral/E03.json::455,0.5114993905061436
H_LLM_roleplay_chat,Counsellor,data/raw/human_llm/chats/Mixtral/E03.json::456,0.5965160937478328
H_LLM_roleplay_chat,Counsellor,data/raw/human_llm/chats/Mixtral/E03.json::460,0.684102472003194
H_LLM_roleplay_chat,Counsellor,data/raw/human_llm/chats/Mixtral/E03.json::462,0.5946809669586145
H_LLM_roleplay_chat,Counsellor,data/raw/human_llm/chats/Mixtral/E03.json::464,0.632606933735817
H_LLM_roleplay_chat,Counsellor,data/raw/human_llm/chats/Mixtral/E03.json::465,0.5488423409302788
H_LLM_roleplay_chat,Counsellor,data/raw/human_llm/chats/Mixtral/E03.json::467,0.5622173424003521
H_LLM_roleplay_chat,Counsellor,data/raw/human_llm/chats/Mixtral/E03.json::468,0.5893070903556092
H_LLM_roleplay_chat,Counsellor,data/raw/human_llm/chats/Mixtral/E03.json::469,0.6202250408864981
H_LLM_roleplay_chat,Counsellor,data/raw/human_llm/chats/Mixtral/E03.json::470,0.6310548226576147
H_LLM_roleplay_chat,Counsellor,data/raw/human_llm/chats/Mixtral/E03.json::474,0.5866979599430534
H_LLM_roleplay_chat,Counsellor,data/raw/human_llm/chats/Mixtral/E03.json::476,0.4673304109819232
H_LLM_roleplay_chat,Counsellor,data/raw/human_llm/chats/Mixtral/E03.json::477,0.5982733780156464
H_LLM_roleplay_chat,Counsellor,data/raw/human_llm/chats/Mixtral/E03.json::478,0.5399022935172753
H_LLM_roleplay_chat,Counsellor,data/raw/human_llm/chats/Mixtral/E03.json::480,0.5016659223801192
H_LLM_roleplay_chat,Counsellor,data/raw/human_llm/chats/Mixtral/E03.json::481,0.5922797649829609
H_LLM_roleplay_chat,Counsellor,data/raw/human_llm/chats/Mixtral/E03.json::483,0.398690876481721
H_LLM_roleplay_chat,Counsellor,data/raw/human_llm/chats/Mixtral/E03.json::484,0.5358273285101145
H_LLM_roleplay_chat,Counsellor,data/raw/human_llm/chats/Mixtral/E03.json::486,0.6106293857365815
H_LLM_roleplay_chat,Counsellor,data/raw/human_llm/chats/Mixtral/E03.json::489,0.5823657487377913
H_LLM_roleplay_chat,Counsellor,data/raw/human_llm/chats/Mixtral/E03.json::490,0.5260703076269565
H_LLM_roleplay_chat,Counsellor,data/raw/human_llm/chats/Mixtral/E03.json::492,0.5682982827236507
H_LLM_roleplay_chat,Counsellor,data/raw/human_llm/chats/Mixtral/E03.json::493,0.5991354837966681
H_LLM_roleplay_chat,Counsellor,data/raw/human_llm/chats/Mixtral/E03.json::494,0.6814104892547078
H_LLM_roleplay_chat,Counsellor,data/raw/human_llm/chats/Mixtral/E03.json::495,0.4415689348972568
H_LLM_roleplay_chat,Counsellor,data/raw/human_llm/chats/Mixtral/E03.json::496,0.6786802360271127
H_LLM_roleplay_chat,Counsellor,data/raw/human_llm/chats/Mixtral/E03.json::497,0.5565300319099038
H_LLM_roleplay_chat,Counsellor,data/raw/human_llm/chats/Mixtral/E03.json::499,0.6570690166159548
H_LLM_roleplay_chat,Counsellor,data/raw/human_llm/chats/Mixtral/E03.json::500,0.5675131186732398
H_LLM_roleplay_chat,Counsellor,data/raw/human_llm/chats/Mixtral/E03.json::502,0.7249788823229675
H_LLM_roleplay_chat,Counsellor,data/raw/human_llm/chats/Mixtral/E03.json::505,0.4675164458725733
H_LLM_roleplay_chat,Counsellor,data/raw/human_llm/chats/Mixtral/E03.json::508,0.5435171229974346
H_LLM_roleplay_chat,Counsellor,data/raw/human_llm/chats/Mixtral/E03.json::509,0.49234918243111586
H_LLM_roleplay_chat,Counsellor,data/raw/human_llm/chats/Mixtral/E03.json::510,0.6033138246602112
H_LLM_roleplay_chat,Counsellor,data/raw/human_llm/chats/Mixtral/E03.json::511,0.6123586601253894
H_LLM_roleplay_chat,Counsellor,data/raw/human_llm/chats/Mixtral/E03.json::512,0.6708783334514727
H_LLM_roleplay_chat,Counsellor,data/raw/human_llm/chats/Mixtral/E03.json::514,0.5532248893045948
H_LLM_roleplay_chat,Counsellor,data/raw/human_llm/chats/Mixtral/E03.json::515,0.592317750409174
H_LLM_roleplay_chat,Counsellor,data/raw/human_llm/chats/Mixtral/E03.json::516,0.5454336620014285
H_LLM_roleplay_chat,Counsellor,data/raw/human_llm/chats/Mixtral/E03.json::517,0.4700625668369769
H_LLM_roleplay_chat,Counsellor,data/raw/human_llm/chats/Mixtral/E03.json::519,0.4676861556277996
H_LLM_roleplay_chat,Counsellor,data/raw/human_llm/chats/Mixtral/E03.json::524,0.53383158725743
H_LLM_roleplay_chat,Counsellor,data/raw/human_llm/chats/Mixtral/E03.json::526,0.5233424522086328
H_LLM_roleplay_chat,Counsellor,data/raw/human_llm/chats/Mixtral/E03.json::527,0.5803181202956539
H_LLM_roleplay_chat,Counsellor,data/raw/human_llm/chats/Mixtral/E03.json::532,0.5179627925510484
H_LLM_roleplay_chat,Counsellor,data/raw/human_llm/chats/Mixtral/E03.json::533,0.46585642503094205
H_LLM_roleplay_chat,Counsellor,data/raw/human_llm/chats/Mixtral/E03.json::535,0.5784769739539363
H_LLM_roleplay_chat,Counsellor,data/raw/human_llm/chats/Mixtral/E03.json::536,0.5732119497408283
H_LLM_roleplay_chat,Counsellor,data/raw/human_llm/chats/Mixtral/E03.json::538,0.510444456948555
H_LLM_roleplay_chat,Counsellor,data/raw/human_llm/chats/Mixtral/E03.json::539,0.5484621611556383
H_LLM_roleplay_chat,Counsellor,data/raw/human_llm/chats/Mixtral/E03.json::540,0.3898245872435518
H_LLM_roleplay_chat,Counsellor,data/raw/human_llm/chats/Mixtral/E03.json::541,0.5006048553850813
H_LLM_roleplay_chat,Counsellor,data/raw/human_llm/chats/Mixtral/E03.json::544,0.5530465113475286
H_LLM_roleplay_chat,Counsellor,data/raw/human_llm/chats/Mixtral/E03.json::548,0.569569925634412
H_LLM_roleplay_chat,Counsellor,data/raw/human_llm/chats/Mixtral/E03.json::551,0.479286339075197
H_LLM_roleplay_chat,Counsellor,data/raw/human_llm/chats/Mixtral/E03.json::552,0.5946915485313062
H_LLM_roleplay_chat,Counsellor,data/raw/human_llm/chats/Mixtral/E03.json::554,0.5402509194456759
H_LLM_roleplay_chat,Counsellor,data/raw/human_llm/chats/Mixtral/E03.json::568,0.5290457790713895
