condition,k,state,label,prob
HH_CAIA_mail,2,0,Opening,0.9827671288275966
HH_CAIA_mail,2,0,Empathy,2.4461510687186635e-23
HH_CAIA_mail,2,0,Clarify,1.454787807411632e-09
HH_CAIA_mail,2,0,Objectives,0.0018162203552324779
HH_CAIA_mail,2,0,Motivation,6.653810633136877e-15
HH_CAIA_mail,2,0,Resources,1.1297368363400946e-16
HH_CAIA_mail,2,0,Help,2.6469411263343175e-06
HH_CAIA_mail,2,0,Closing,0.015402363314916068
HH_CAIA_mail,2,0,Moderation,3.602158007259624e-46
HH_CAIA_mail,2,0,Other,1.1639106334010124e-05
HH_CAIA_mail,2,1,Opening,0.01882532822063954
HH_CAIA_mail,2,1,Empathy,0.012584167873973174
HH_CAIA_mail,2,1,Clarify,0.3973001563722319
HH_CAIA_mail,2,1,Objectives,0.0277753213291663
HH_CAIA_mail,2,1,Motivation,0.09887560472407143
HH_CAIA_mail,2,1,Resources,0.025168335747946306
HH_CAIA_mail,2,1,Help,0.14022214426472351
HH_CAIA_mail,2,1,Closing,0.020380965584040043
HH_CAIA_mail,2,1,Moderation,0.10426881952720629
HH_CAIA_mail,2,1,Other,0.15459915635600144
HH_CAIA_mail,3,0,Opening,0.03085563612334563
HH_CAIA_mail,3,0,Empathy,0.018333513519877137
HH_CAIA_mail,3,0,Clarify,0.5780379272777207
HH_CAIA_mail,3,0,Objectives,0.028215882925492486
HH_CAIA_mail,3,0,Motivation,0.06614241381989387
HH_CAIA_mail,3,0,Resources,0.03307254894464955
HH_CAIA_mail,3,0,Help,0.1305551960656028
HH_CAIA_mail,3,0,Closing,0.015529556489652718
HH_CAIA_mail,3,0,Moderation,0.0508552969438472
HH_CAIA_mail,3,0,Other,0.048402027889917855
HH_CAIA_mail,3,1,Opening,0.06333919652858004
HH_CAIA_mail,3,1,Empathy,1.4988969132732687e-16
HH_CAIA_mail,3,1,Clarify,0.0013380159320861235
HH_CAIA_mail,3,1,Objectives,0.02900203246179781
HH_CAIA_mail,3,1,Motivation,0.1711437965198835
HH_CAIA_mail,3,1,Resources,0.00789628680824619
HH_CAIA_mail,3,1,Help,0.16197432759104502
HH_CAIA_mail,3,1,Closing,0.026423899396237294
HH_CAIA_mail,3,1,Moderation,0.2219869825303732
HH_CAIA_mail,3,1,Other,0.3168954622317505
HH_CAIA_mail,3,2,Opening,0.9401104856734858
HH_CAIA_mail,3,2,Empathy,2.6092830928793258e-45
HH_CAIA_mail,3,2,Clarify,0.00021169293857290164
HH_CAIA_mail,3,2,Objectives,0.0006132115002528821
HH_CAIA_mail,3,2,Motivation,6.308539843918323e-08
HH_CAIA_mail,3,2,Resources,5.483911623472903e-28
HH_CAIA_mail,3,2,Help,1.9836159178016326e-18
HH_CAIA_mail,3,2,Closing,0.018056447601220868
HH_CAIA_mail,3,2,Moderation,1.2078604348936223e-51
HH_CAIA_mail,3,2,Other,0.041008099201069216
HH_CAIA_mail,4,0,Opening,0.05626717766120402
HH_CAIA_mail,4,0,Empathy,1.0325839667734345e-85
HH_CAIA_mail,4,0,Clarify,2.1200902299255477e-08
HH_CAIA_mail,4,0,Objectives,0.03804975530128154
HH_CAIA_mail,4,0,Motivation,0.18281472503420942
HH_CAIA_mail,4,0,Resources,0.012572468028283101
HH_CAIA_mail,4,0,Help,0.1469787389471165
HH_CAIA_mail,4,0,Closing,0.04634947970188776
HH_CAIA_mail,4,0,Moderation,0.22589135171405303
HH_CAIA_mail,4,0,Other,0.2910762824110623
HH_CAIA_mail,4,1,Opening,0.025523740941560253
HH_CAIA_mail,4,1,Empathy,0.023742793482733556
HH_CAIA_mail,4,1,Clarify,0.6169825144634971
HH_CAIA_mail,4,1,Objectives,0.02840362313769633
HH_CAIA_mail,4,1,Motivation,0.06979206479368898
HH_CAIA_mail,4,1,Resources,0.040168588614347855
HH_CAIA_mail,4,1,Help,0.11704489831477838
HH_CAIA_mail,4,1,Closing,0.007954642453518427
HH_CAIA_mail,4,1,Moderation,0.06526043533960758
HH_CAIA_mail,4,1,Other,0.005126698458571673
HH_CAIA_mail,4,2,Opening,0.9647318385126786
HH_CAIA_mail,4,2,Empathy,1.1430981408722968e-190
HH_CAIA_mail,4,2,Clarify,3.309493404977223e-35
HH_CAIA_mail,4,2,Objectives,3.1621173958230523e-37
HH_CAIA_mail,4,2,Motivation,3.0685097582487996e-129
HH_CAIA_mail,4,2,Resources,1.4519413746166336e-105
HH_CAIA_mail,4,2,Help,3.8799399252406605e-155
HH_CAIA_mail,4,2,Closing,0.02055565199652414
HH_CAIA_mail,4,2,Moderation,3.30441962108916e-309
HH_CAIA_mail,4,2,Other,0.014712509490797202
HH_CAIA_mail,4,3,Opening,0.20423272137193957
HH_CAIA_mail,4,3,Empathy,7.978600637436843e-147
HH_CAIA_mail,4,3,Clarify,0.33817738308797146
HH_CAIA_mail,4,3,Objectives,0.00948957609224129
HH_CAIA_mail,4,3,Motivation,0.026426764267323596
HH_CAIA_mail,4,3,Resources,9.480549801985216e-243
HH_CAIA_mail,4,3,Help,0.1580527687648943
HH_CAIA_mail,4,3,Closing,7.312860140007619e-05
HH_CAIA_mail,4,3,Moderation,5.457602721577148e-87
HH_CAIA_mail,4,3,Other,0.2635476578142296
HH_CAIA_mail,5,0,Opening,5.2699852349952294e-05
HH_CAIA_mail,5,0,Empathy,0.06913236191703677
HH_CAIA_mail,5,0,Clarify,2.0138338051808415e-73
HH_CAIA_mail,5,0,Objectives,0.09690827105772419
HH_CAIA_mail,5,0,Motivation,0.2774152675050813
HH_CAIA_mail,5,0,Resources,1.8198832111030248e-94
HH_CAIA_mail,5,0,Help,0.47249774837139713
HH_CAIA_mail,5,0,Closing,0.05253833115868775
HH_CAIA_mail,5,0,Moderation,3.993184534241059e-34
HH_CAIA_mail,5,0,Other,0.03145532013772293
HH_CAIA_mail,5,1,Opening,0.02498414744846158
HH_CAIA_mail,5,1,Empathy,0.00606524303391221
HH_CAIA_mail,5,1,Clarify,2.030604559057946e-45
HH_CAIA_mail,5,1,Objectives,0.031969312916715904
HH_CAIA_mail,5,1,Motivation,0.20215210539636513
HH_CAIA_mail,5,1,Resources,9.317914921747777e-10
HH_CAIA_mail,5,1,Help,0.11935819492060201
HH_CAIA_mail,5,1,Closing,2.68734487784763e-32
HH_CAIA_mail,5,1,Moderation,0.2695359392180547
HH_CAIA_mail,5,1,Other,0.3459350561340969
HH_CAIA_mail,5,2,Opening,0.012384296931559676
HH_CAIA_mail,5,2,Empathy,2.8828301056499043e-14
HH_CAIA_mail,5,2,Clarify,0.8319129751789932
HH_CAIA_mail,5,2,Objectives,1.4847863695782094e-15
HH_CAIA_mail,5,2,Motivation,1.3372002069183118e-06
HH_CAIA_mail,5,2,Resources,0.06660628155644957
HH_CAIA_mail,5,2,Help,2.0481364089847976e-12
HH_CAIA_mail,5,2,Closing,2.3679156495832495e-48
HH_CAIA_mail,5,2,Moderation,0.08909510913071217
HH_CAIA_mail,5,2,Other,1.7380564722182696e-121
HH_CAIA_mail,5,3,Opening,1.0
HH_CAIA_mail,5,3,Empathy,5.2639093600637725e-199
HH_CAIA_mail,5,3,Clarify,3.3006436257596616e-88
HH_CAIA_mail,5,3,Objectives,2.044120608672725e-205
HH_CAIA_mail,5,3,Motivation,1.1630884056372909e-180
HH_CAIA_mail,5,3,Resources,4.3156496408003056e-78
HH_CAIA_mail,5,3,Help,6.32273734686824e-187
HH_CAIA_mail,5,3,Closing,5.4398859984571315e-46
HH_CAIA_mail,5,3,Moderation,1.0847392329371133e-265
HH_CAIA_mail,5,3,Other,3.097374843706279e-37
HH_CAIA_mail,5,4,Opening,0.2752161420893945
HH_CAIA_mail,5,4,Empathy,4.9051760023796495e-173
HH_CAIA_mail,5,4,Clarify,0.27789005525947635
HH_CAIA_mail,5,4,Objectives,0.01786088861165423
HH_CAIA_mail,5,4,Motivation,0.0150367973882841
HH_CAIA_mail,5,4,Resources,8.804143491965512e-77
HH_CAIA_mail,5,4,Help,0.11721012465768227
HH_CAIA_mail,5,4,Closing,0.06813614533541329
HH_CAIA_mail,5,4,Moderation,0.013650059884624574
HH_CAIA_mail,5,4,Other,0.2149997867734708
HH_CAIA_mail,6,0,Opening,0.9769481471002943
HH_CAIA_mail,6,0,Empathy,7.180379759933528e-299
HH_CAIA_mail,6,0,Clarify,9.41797443796147e-39
HH_CAIA_mail,6,0,Objectives,4.673658517386317e-119
HH_CAIA_mail,6,0,Motivation,7.690396897029612e-165
HH_CAIA_mail,6,0,Resources,2.38803166680176e-13
HH_CAIA_mail,6,0,Help,8.553214811971842e-75
HH_CAIA_mail,6,0,Closing,4.449222018521398e-120
HH_CAIA_mail,6,0,Moderation,1.5528520327403796e-205
HH_CAIA_mail,6,0,Other,0.023051852899466922
HH_CAIA_mail,6,1,Opening,0.04634838865636779
HH_CAIA_mail,6,1,Empathy,0.0
HH_CAIA_mail,6,1,Clarify,0.5326589067151691
HH_CAIA_mail,6,1,Objectives,9.52257439616658e-290
HH_CAIA_mail,6,1,Motivation,0.08190906970742491
HH_CAIA_mail,6,1,Resources,0.06295891638978549
HH_CAIA_mail,6,1,Help,0.1272807138985718
HH_CAIA_mail,6,1,Closing,0.007444250790993309
HH_CAIA_mail,6,1,Moderation,0.09844694320479161
HH_CAIA_mail,6,1,Other,0.04295281063689606
HH_CAIA_mail,6,2,Opening,0.17885454469755327
HH_CAIA_mail,6,2,Empathy,0.0
HH_CAIA_mail,6,2,Clarify,0.041021625485426615
HH_CAIA_mail,6,2,Objectives,1.5104741768235424e-233
HH_CAIA_mail,6,2,Motivation,0.30631547635226875
HH_CAIA_mail,6,2,Resources,2.647431280477459e-17
HH_CAIA_mail,6,2,Help,3.029701378212118e-14
HH_CAIA_mail,6,2,Closing,0.08163905861240264
HH_CAIA_mail,6,2,Moderation,0.3921692948523185
HH_CAIA_mail,6,2,Other,2.322840795183367e-59
HH_CAIA_mail,6,3,Opening,4.483791357297897e-24
HH_CAIA_mail,6,3,Empathy,0.033335251866915425
HH_CAIA_mail,6,3,Clarify,0.6671837981169698
HH_CAIA_mail,6,3,Objectives,0.040841486510389664
HH_CAIA_mail,6,3,Motivation,0.04330777698696701
HH_CAIA_mail,6,3,Resources,0.015873292503197543
HH_CAIA_mail,6,3,Help,0.1391760821179817
HH_CAIA_mail,6,3,Closing,2.0448983261379058e-09
HH_CAIA_mail,6,3,Moderation,0.004723490975464166
HH_CAIA_mail,6,3,Other,0.05555881887721632
HH_CAIA_mail,6,4,Opening,0.8683797425252902
HH_CAIA_mail,6,4,Empathy,8.260578140537657e-179
HH_CAIA_mail,6,4,Clarify,0.04856109727013754
HH_CAIA_mail,6,4,Objectives,0.016559128983247733
HH_CAIA_mail,6,4,Motivation,1.0729502675091952e-57
HH_CAIA_mail,6,4,Resources,2.4160808248983492e-195
HH_CAIA_mail,6,4,Help,1.733296839871814e-116
HH_CAIA_mail,6,4,Closing,0.026657671682852206
HH_CAIA_mail,6,4,Moderation,6.659725711514435e-276
HH_CAIA_mail,6,4,Other,0.03984235953847226
HH_CAIA_mail,6,5,Opening,0.002047782311250372
HH_CAIA_mail,6,5,Empathy,0.00340314538458319
HH_CAIA_mail,6,5,Clarify,2.5583675594849625e-07
HH_CAIA_mail,6,5,Objectives,0.0527181237279832
HH_CAIA_mail,6,5,Motivation,0.010518331171752783
HH_CAIA_mail,6,5,Resources,0.017948441735183757
HH_CAIA_mail,6,5,Help,0.3135827988106567
HH_CAIA_mail,6,5,Closing,0.019775945058555712
HH_CAIA_mail,6,5,Moderation,5.245191717608425e-180
HH_CAIA_mail,6,5,Other,0.5800051759632783
HH_CAIA_mail,7,0,Opening,7.519248831262018e-63
HH_CAIA_mail,7,0,Empathy,0.03576110158915728
HH_CAIA_mail,7,0,Clarify,0.7007993411334278
HH_CAIA_mail,7,0,Objectives,0.054427399600129205
HH_CAIA_mail,7,0,Motivation,0.04687990316995268
HH_CAIA_mail,7,0,Resources,0.014689544993675458
HH_CAIA_mail,7,0,Help,0.13892917874704916
HH_CAIA_mail,7,0,Closing,1.3421878318788838e-24
HH_CAIA_mail,7,0,Moderation,1.8745820606113946e-29
HH_CAIA_mail,7,0,Other,0.008513530766608431
HH_CAIA_mail,7,1,Opening,3.4844497877103574e-31
HH_CAIA_mail,7,1,Empathy,0.0028595863379099573
HH_CAIA_mail,7,1,Clarify,4.0061684276918386e-11
HH_CAIA_mail,7,1,Objectives,0.046683009413080706
HH_CAIA_mail,7,1,Motivation,2.276055245331364e-21
HH_CAIA_mail,7,1,Resources,0.025982879537447975
HH_CAIA_mail,7,1,Help,0.2643190151751998
HH_CAIA_mail,7,1,Closing,0.02211756274544582
HH_CAIA_mail,7,1,Moderation,3.76455733486461e-189
HH_CAIA_mail,7,1,Other,0.638037946750854
HH_CAIA_mail,7,2,Opening,0.143159061519077
HH_CAIA_mail,7,2,Empathy,0.0
HH_CAIA_mail,7,2,Clarify,0.02184660589590671
HH_CAIA_mail,7,2,Objectives,2.1488585383198018e-111
HH_CAIA_mail,7,2,Motivation,0.31793246513268925
HH_CAIA_mail,7,2,Resources,9.936284393260253e-58
HH_CAIA_mail,7,2,Help,9.776984131551996e-36
HH_CAIA_mail,7,2,Closing,0.09280380365128185
HH_CAIA_mail,7,2,Moderation,0.42425806380104525
HH_CAIA_mail,7,2,Other,5.45855755515089e-97
HH_CAIA_mail,7,3,Opening,1.0
HH_CAIA_mail,7,3,Empathy,0.0
HH_CAIA_mail,7,3,Clarify,5.015794624094767e-45
HH_CAIA_mail,7,3,Objectives,4.155284914596188e-81
HH_CAIA_mail,7,3,Motivation,2.3562244431210666e-192
HH_CAIA_mail,7,3,Resources,1.9129528319444061e-103
HH_CAIA_mail,7,3,Help,8.227585160838699e-78
HH_CAIA_mail,7,3,Closing,1.6096919027631348e-147
HH_CAIA_mail,7,3,Moderation,2.0645361227821886e-301
HH_CAIA_mail,7,3,Other,1.3275700037722116e-55
HH_CAIA_mail,7,4,Opening,0.9326374811552639
HH_CAIA_mail,7,4,Empathy,4.36186568547877e-224
HH_CAIA_mail,7,4,Clarify,8.437051227348173e-13
HH_CAIA_mail,7,4,Objectives,0.009959509007792803
HH_CAIA_mail,7,4,Motivation,1.5933897132645396e-134
HH_CAIA_mail,7,4,Resources,9.417333719632959e-98
HH_CAIA_mail,7,4,Help,7.817547129725898e-107
HH_CAIA_mail,7,4,Closing,0.0344851732845519
HH_CAIA_mail,7,4,Moderation,1.8265008771483247e-201
HH_CAIA_mail,7,4,Other,0.02291783655154762
HH_CAIA_mail,7,5,Opening,0.2244413517162767
HH_CAIA_mail,7,5,Empathy,0.0
HH_CAIA_mail,7,5,Clarify,0.2312192766291099
HH_CAIA_mail,7,5,Objectives,1.467455574233945e-157
HH_CAIA_mail,7,5,Motivation,0.0341749890466848
HH_CAIA_mail,7,5,Resources,0.0
HH_CAIA_mail,7,5,Help,0.1734047775596157
HH_CAIA_mail,7,5,Closing,6.378639193588346e-142
HH_CAIA_mail,7,5,Moderation,1.1319783e-316
HH_CAIA_mail,7,5,Other,0.336759605048313
HH_CAIA_mail,7,6,Opening,0.07274019357174477
HH_CAIA_mail,7,6,Empathy,2.694739284884369e-246
HH_CAIA_mail,7,6,Clarify,0.5345586788854721
HH_CAIA_mail,7,6,Objectives,1.1396244820694697e-193
HH_CAIA_mail,7,6,Motivation,0.09204824739942177
HH_CAIA_mail,7,6,Resources,0.06486009144518866
HH_CAIA_mail,7,6,Help,0.11850738319515094
HH_CAIA_mail,7,6,Closing,3.532960967068705e-05
HH_CAIA_mail,7,6,Moderation,0.117250075893351
HH_CAIA_mail,7,6,Other,4.2307046823691254e-45
HH_CAIA_mail,8,0,Opening,0.07069660159399348
HH_CAIA_mail,8,0,Empathy,0.0
HH_CAIA_mail,8,0,Clarify,0.6114990920712328
HH_CAIA_mail,8,0,Objectives,0.0
HH_CAIA_mail,8,0,Motivation,0.07968514532652955
HH_CAIA_mail,8,0,Resources,0.0454994208594342
HH_CAIA_mail,8,0,Help,0.11428345048228188
HH_CAIA_mail,8,0,Closing,4.856110087799215e-17
HH_CAIA_mail,8,0,Moderation,0.07833628966652806
HH_CAIA_mail,8,0,Other,1.5767206920468802e-110
HH_CAIA_mail,8,1,Opening,0.9393898726948429
HH_CAIA_mail,8,1,Empathy,4.214090936317467e-245
HH_CAIA_mail,8,1,Clarify,1.172506897501216e-08
HH_CAIA_mail,8,1,Objectives,0.006908320550997966
HH_CAIA_mail,8,1,Motivation,0.0
HH_CAIA_mail,8,1,Resources,7.144831823233864e-304
HH_CAIA_mail,8,1,Help,1.6694817600237218e-235
HH_CAIA_mail,8,1,Closing,0.03239192648778321
HH_CAIA_mail,8,1,Moderation,0.0
HH_CAIA_mail,8,1,Other,0.021309868541307047
HH_CAIA_mail,8,2,Opening,0.12035822425905798
HH_CAIA_mail,8,2,Empathy,0.0
HH_CAIA_mail,8,2,Clarify,0.05097244532147017
HH_CAIA_mail,8,2,Objectives,0.0
HH_CAIA_mail,8,2,Motivation,0.30524379514344896
HH_CAIA_mail,8,2,Resources,0.010426599239086605
HH_CAIA_mail,8,2,Help,1.6833295654605149e-115
HH_CAIA_mail,8,2,Closing,0.08699445824827101
HH_CAIA_mail,8,2,Moderation,0.4260044777886653
HH_CAIA_mail,8,2,Other,4.803436915002519e-191
HH_CAIA_mail,8,3,Opening,2.787148534496887e-20
HH_CAIA_mail,8,3,Empathy,0.002958568459141843
HH_CAIA_mail,8,3,Clarify,7.864094690706621e-13
HH_CAIA_mail,8,3,Objectives,0.04337029264936282
HH_CAIA_mail,8,3,Motivation,0.014971693101821767
HH_CAIA_mail,8,3,Resources,0.028341492587198473
HH_CAIA_mail,8,3,Help,0.2847504472813811
HH_CAIA_mail,8,3,Closing,0.02215187320095725
HH_CAIA_mail,8,3,Moderation,0.0
HH_CAIA_mail,8,3,Other,0.6034556327193503
HH_CAIA_mail,8,4,Opening,0.2376128756123702
HH_CAIA_mail,8,4,Empathy,0.0
HH_CAIA_mail,8,4,Clarify,0.2258380215200934
HH_CAIA_mail,8,4,Objectives,2.8810109092647387e-189
HH_CAIA_mail,8,4,Motivation,0.04622696674839961
HH_CAIA_mail,8,4,Resources,0.0
HH_CAIA_mail,8,4,Help,0.1685031891850584
HH_CAIA_mail,8,4,Closing,2.6823802698496595e-182
HH_CAIA_mail,8,4,Moderation,0.0
HH_CAIA_mail,8,4,Other,0.3218189469340783
HH_CAIA_mail,8,5,Opening,4.105709530746036e-116
HH_CAIA_mail,8,5,Empathy,0.03760942414585606
HH_CAIA_mail,8,5,Clarify,0.7421831973509788
HH_CAIA_mail,8,5,Objectives,0.0610890628533762
HH_CAIA_mail,8,5,Motivation,0.04558291492072755
HH_CAIA_mail,8,5,Resources,1.8224577402122231e-37
HH_CAIA_mail,8,5,Help,0.1135321774761275
HH_CAIA_mail,8,5,Closing,1.0495579089528253e-20
HH_CAIA_mail,8,5,Moderation,0.0
HH_CAIA_mail,8,5,Other,3.223252933870091e-06
HH_CAIA_mail,8,6,Opening,0.9999999999990079
HH_CAIA_mail,8,6,Empathy,0.0
HH_CAIA_mail,8,6,Clarify,1.2829601064781322e-39
HH_CAIA_mail,8,6,Objectives,1.9253283347028576e-181
HH_CAIA_mail,8,6,Motivation,1.9559766244155565e-266
HH_CAIA_mail,8,6,Resources,7.742403191612017e-138
HH_CAIA_mail,8,6,Help,1.6034224121603965e-117
HH_CAIA_mail,8,6,Closing,4.0986809662498904e-200
HH_CAIA_mail,8,6,Moderation,0.0
HH_CAIA_mail,8,6,Other,9.921927369126836e-13
HH_CAIA_mail,8,7,Opening,1.661311378884681e-70
HH_CAIA_mail,8,7,Empathy,2.0196784806684323e-145
HH_CAIA_mail,8,7,Clarify,9.045346896711305e-13
HH_CAIA_mail,8,7,Objectives,1.2425240923921357e-261
HH_CAIA_mail,8,7,Motivation,1.6517991536736352e-88
HH_CAIA_mail,8,7,Resources,0.3038410431709356
HH_CAIA_mail,8,7,Help,0.3641635215664975
HH_CAIA_mail,8,7,Closing,1.8793611599526714e-10
HH_CAIA_mail,8,7,Moderation,0.15906101653049767
HH_CAIA_mail,8,7,Other,0.17293441854322852
HH_real_chat,2,0,Opening,0.017475623388632868
HH_real_chat,2,0,Empathy,0.008451229365937387
HH_real_chat,2,0,Clarify,0.5126339290877459
HH_real_chat,2,0,Objectives,0.0341111997265628
HH_real_chat,2,0,Motivation,0.04578431119001469
HH_real_chat,2,0,Resources,0.02046870820476842
HH_real_chat,2,0,Help,0.07947907373154289
HH_real_chat,2,0,Closing,0.006068690291936123
HH_real_chat,2,0,Moderation,0.043894951965787764
HH_real_chat,2,0,Other,0.23163228304707123
HH_real_chat,2,1,Opening,0.2870807688479193
HH_real_chat,2,1,Empathy,0.0010820154836972253
HH_real_chat,2,1,Clarify,0.08003231233226227
HH_real_chat,2,1,Objectives,0.0029593652389232248
HH_real_chat,2,1,Motivation,0.035151728305378646
HH_real_chat,2,1,Resources,0.003986641459584956
HH_real_chat,2,1,Help,0.13209821902313784
HH_real_chat,2,1,Closing,0.09830537531078727
HH_real_chat,2,1,Moderation,0.09687257678592154
HH_real_chat,2,1,Other,0.26243099721238783
HH_real_chat,3,0,Opening,0.653366254149048
HH_real_chat,3,0,Empathy,1.4062833468442229e-174
HH_real_chat,3,0,Clarify,0.1407724999603789
HH_real_chat,3,0,Objectives,0.007582634313146927
HH_real_chat,3,0,Motivation,0.0038896208576016333
HH_real_chat,3,0,Resources,1.092330295192238e-218
HH_real_chat,3,0,Help,0.005206831873468085
HH_real_chat,3,0,Closing,5.514733765725894e-32
HH_real_chat,3,0,Moderation,0.04626563007537277
HH_real_chat,3,0,Other,0.14291652877098365
HH_real_chat,3,1,Opening,0.019765292503522897
HH_real_chat,3,1,Empathy,0.008956458370260474
HH_real_chat,3,1,Clarify,0.5320267568770127
HH_real_chat,3,1,Objectives,0.03496295837919749
HH_real_chat,3,1,Motivation,0.044607088482918965
HH_real_chat,3,1,Resources,0.020163576689892274
HH_real_chat,3,1,Help,0.07032042521377303
HH_real_chat,3,1,Closing,0.0043913141955688306
HH_real_chat,3,1,Moderation,0.04081101972823249
HH_real_chat,3,1,Other,0.22399510955962076
HH_real_chat,3,2,Opening,0.07283303304714923
HH_real_chat,3,2,Empathy,0.0015805320305748742
HH_real_chat,3,2,Clarify,0.11188811670789203
HH_real_chat,3,2,Objectives,0.007484076842412301
HH_real_chat,3,2,Motivation,0.05376540477915831
HH_real_chat,3,2,Resources,0.011712446154401378
HH_real_chat,3,2,Help,0.19652906003959925
HH_real_chat,3,2,Closing,0.10924258124700353
HH_real_chat,3,2,Moderation,0.11022628407692552
HH_real_chat,3,2,Other,0.3247384650748835
HH_real_chat,4,0,Opening,0.6622004520901534
HH_real_chat,4,0,Empathy,1.1527545638251605e-245
HH_real_chat,4,0,Clarify,0.12980640428671839
HH_real_chat,4,0,Objectives,0.006410574220073699
HH_real_chat,4,0,Motivation,0.004084140736303006
HH_real_chat,4,0,Resources,7.13908912997974e-295
HH_real_chat,4,0,Help,0.0068998877625901095
HH_real_chat,4,0,Closing,0.0012284624859217454
HH_real_chat,4,0,Moderation,0.047224148704486026
HH_real_chat,4,0,Other,0.14214592971375356
HH_real_chat,4,1,Opening,0.08799239459616298
HH_real_chat,4,1,Empathy,0.001942625409716597
HH_real_chat,4,1,Clarify,0.07099595539573171
HH_real_chat,4,1,Objectives,2.5882425826347574e-47
HH_real_chat,4,1,Motivation,0.04812554143322218
HH_real_chat,4,1,Resources,0.0054911059180961065
HH_real_chat,4,1,Help,0.1811663706910973
HH_real_chat,4,1,Closing,0.13718460697520019
HH_real_chat,4,1,Moderation,0.12739457681574345
HH_real_chat,4,1,Other,0.3397068227650294
HH_real_chat,4,2,Opening,0.022747987365499916
HH_real_chat,4,2,Empathy,0.008295013091282779
HH_real_chat,4,2,Clarify,0.5778090787830361
HH_real_chat,4,2,Objectives,0.03246924316706404
HH_real_chat,4,2,Motivation,0.0434657903182413
HH_real_chat,4,2,Resources,0.008352310881598555
HH_real_chat,4,2,Help,0.04383195448684644
HH_real_chat,4,2,Closing,0.003988286736525278
HH_real_chat,4,2,Moderation,0.04141825601483168
HH_real_chat,4,2,Other,0.217622079155074
HH_real_chat,4,3,Opening,0.01672465736321327
HH_real_chat,4,3,Empathy,0.008736449957855117
HH_real_chat,4,3,Clarify,0.4148016156911231
HH_real_chat,4,3,Objectives,0.03820908271263114
HH_real_chat,4,3,Motivation,0.050040200150135467
HH_real_chat,4,3,Resources,0.040394620832086676
HH_real_chat,4,3,Help,0.1374554305400604
HH_real_chat,4,3,Closing,0.008391303262769352
HH_real_chat,4,3,Moderation,0.04263010150209832
HH_real_chat,4,3,Other,0.24261653798802704
HH_real_chat,5,0,Opening,0.7740964632727763
HH_real_chat,5,0,Empathy,1.427617024729107e-267
HH_real_chat,5,0,Clarify,4.077853946497474e-39
HH_real_chat,5,0,Objectives,1.1818587803884584e-16
HH_real_chat,5,0,Motivation,2.3447071562304108e-17
HH_real_chat,5,0,Resources,2.5672422590065124e-195
HH_real_chat,5,0,Help,4.0612757443723234e-89
HH_real_chat,5,0,Closing,1.6965229371729757e-217
HH_real_chat,5,0,Moderation,0.043841528226533956
HH_real_chat,5,0,Other,0.18206200850068968
HH_real_chat,5,1,Opening,0.0920132695552631
HH_real_chat,5,1,Empathy,0.0030607183003782392
HH_real_chat,5,1,Clarify,0.07959081345493628
HH_real_chat,5,1,Objectives,0.002075990890286701
HH_real_chat,5,1,Motivation,0.05283477237754182
HH_real_chat,5,1,Resources,0.0037547031454039487
HH_real_chat,5,1,Help,0.16319193004797408
HH_real_chat,5,1,Closing,0.12455577100216193
HH_real_chat,5,1,Moderation,0.12410463228828761
HH_real_chat,5,1,Other,0.3548173989377663
HH_real_chat,5,2,Opening,0.4617275925794003
HH_real_chat,5,2,Empathy,2.876196932771034e-121
HH_real_chat,5,2,Clarify,0.3326034157031351
HH_real_chat,5,2,Objectives,0.01873353008248901
HH_real_chat,5,2,Motivation,0.007935096599409126
HH_real_chat,5,2,Resources,1.8489755333323246e-123
HH_real_chat,5,2,Help,0.026020673131388766
HH_real_chat,5,2,Closing,0.003076181526454664
HH_real_chat,5,2,Moderation,0.04480193621843339
HH_real_chat,5,2,Other,0.10510157415928968
HH_real_chat,5,3,Opening,3.1979937094555927e-15
HH_real_chat,5,3,Empathy,6.202775878457147e-11
HH_real_chat,5,3,Clarify,0.40094419677722604
HH_real_chat,5,3,Objectives,0.04616764546770406
HH_real_chat,5,3,Motivation,0.0450567991648924
HH_real_chat,5,3,Resources,0.05934792955028418
HH_real_chat,5,3,Help,0.19403441588069958
HH_real_chat,5,3,Closing,0.013043850669055612
HH_real_chat,5,3,Moderation,0.04242857309437031
HH_real_chat,5,3,Other,0.19897658933373683
HH_real_chat,5,4,Opening,0.021700269480130444
HH_real_chat,5,4,Empathy,0.010596035912590137
HH_real_chat,5,4,Clarify,0.5487615000115396
HH_real_chat,5,4,Objectives,0.031919385540603806
HH_real_chat,5,4,Motivation,0.0456794463428964
HH_real_chat,5,4,Resources,0.012038868322364314
HH_real_chat,5,4,Help,0.053527894470965454
HH_real_chat,5,4,Closing,0.004083629567055489
HH_real_chat,5,4,Moderation,0.040982286284821326
HH_real_chat,5,4,Other,0.23071068406703296
HH_real_chat,6,0,Opening,0.036205095182973705
HH_real_chat,6,0,Empathy,0.017374599841917308
HH_real_chat,6,0,Clarify,0.7209500669748949
HH_real_chat,6,0,Objectives,0.017717515149002983
HH_real_chat,6,0,Motivation,0.07260466761390015
HH_real_chat,6,0,Resources,0.02009401989392036
HH_real_chat,6,0,Help,0.10587665561550536
HH_real_chat,6,0,Closing,2.1703453795471307e-07
HH_real_chat,6,0,Moderation,4.180514872972802e-07
HH_real_chat,6,0,Other,0.009176744641860059
HH_real_chat,6,1,Opening,0.50456956860922
HH_real_chat,6,1,Empathy,0.0
HH_real_chat,6,1,Clarify,0.23956777547104113
HH_real_chat,6,1,Objectives,0.014404284888826028
HH_real_chat,6,1,Motivation,0.005700845563210575
HH_real_chat,6,1,Resources,0.0
HH_real_chat,6,1,Help,0.014023271456995643
HH_real_chat,6,1,Closing,0.003847286697652137
HH_real_chat,6,1,Moderation,0.04695417636258068
HH_real_chat,6,1,Other,0.17093279095047392
HH_real_chat,6,2,Opening,0.8441560498961825
HH_real_chat,6,2,Empathy,0.0
HH_real_chat,6,2,Clarify,4.734540945515455e-276
HH_real_chat,6,2,Objectives,1.0401230327701778e-210
HH_real_chat,6,2,Motivation,1.7587922616484332e-207
HH_real_chat,6,2,Resources,0.0
HH_real_chat,6,2,Help,0.0
HH_real_chat,6,2,Closing,0.0
HH_real_chat,6,2,Moderation,0.029848987807422227
HH_real_chat,6,2,Other,0.12599496229639523
HH_real_chat,6,3,Opening,1.0549586094398064e-08
HH_real_chat,6,3,Empathy,4.34327579559349e-13
HH_real_chat,6,3,Clarify,0.40429795946761804
HH_real_chat,6,3,Objectives,0.04550752904290554
HH_real_chat,6,3,Motivation,0.04720904581515828
HH_real_chat,6,3,Resources,0.061504639259175084
HH_real_chat,6,3,Help,0.20471809471237098
HH_real_chat,6,3,Closing,0.013381400896963313
HH_real_chat,6,3,Moderation,0.038989532202145745
HH_real_chat,6,3,Other,0.1843917880536425
HH_real_chat,6,4,Opening,0.09778344724790601
HH_real_chat,6,4,Empathy,0.002210343989926359
HH_real_chat,6,4,Clarify,0.07654188228513367
HH_real_chat,6,4,Objectives,0.0020309371988716522
HH_real_chat,6,4,Motivation,0.05294087690885877
HH_real_chat,6,4,Resources,0.003933647034624674
HH_real_chat,6,4,Help,0.16393568777745077
HH_real_chat,6,4,Closing,0.12682761594857236
HH_real_chat,6,4,Moderation,0.12815285603457086
HH_real_chat,6,4,Other,0.3456427055740849
HH_real_chat,6,5,Opening,0.007721879428057122
HH_real_chat,6,5,Empathy,0.0036954865416403753
HH_real_chat,6,5,Clarify,0.36947840751775757
HH_real_chat,6,5,Objectives,0.04658901715145992
HH_real_chat,6,5,Motivation,0.017127382450002122
HH_real_chat,6,5,Resources,0.003560881465824023
HH_real_chat,6,5,Help,8.692866224750147e-05
HH_real_chat,6,5,Closing,0.008228661330223222
HH_real_chat,6,5,Moderation,0.08356360012722946
HH_real_chat,6,5,Other,0.4599477553255588
HH_real_chat,7,0,Opening,0.010615492417645962
HH_real_chat,7,0,Empathy,1.5859835164602475e-30
HH_real_chat,7,0,Clarify,0.46085092167681574
HH_real_chat,7,0,Objectives,0.04538320910105149
HH_real_chat,7,0,Motivation,0.047753172304123376
HH_real_chat,7,0,Resources,0.053312223324884535
HH_real_chat,7,0,Help,0.15404786002971887
HH_real_chat,7,0,Closing,0.015611270803466056
HH_real_chat,7,0,Moderation,0.027635364597344718
HH_real_chat,7,0,Other,0.1847904857449493
HH_real_chat,7,1,Opening,0.6605613533386921
HH_real_chat,7,1,Empathy,0.0
HH_real_chat,7,1,Clarify,0.13156139871448896
HH_real_chat,7,1,Objectives,0.006674319347237534
HH_real_chat,7,1,Motivation,0.004092385969894531
HH_real_chat,7,1,Resources,0.0
HH_real_chat,7,1,Help,0.006102125974819782
HH_real_chat,7,1,Closing,0.001657302135783596
HH_real_chat,7,1,Moderation,0.04723950906220771
HH_real_chat,7,1,Other,0.1421116054568758
HH_real_chat,7,2,Opening,0.02312729377268595
HH_real_chat,7,2,Empathy,0.010221084714401136
HH_real_chat,7,2,Clarify,0.5632841951989371
HH_real_chat,7,2,Objectives,0.03190568444314842
HH_real_chat,7,2,Motivation,0.044428541737658866
HH_real_chat,7,2,Resources,0.009544168201504673
HH_real_chat,7,2,Help,0.05003861175767473
HH_real_chat,7,2,Closing,0.00308577299312516
HH_real_chat,7,2,Moderation,0.040278672567048285
HH_real_chat,7,2,Other,0.2240859746138156
HH_real_chat,7,3,Opening,0.05759371806711069
HH_real_chat,7,3,Empathy,7.600509417940617e-200
HH_real_chat,7,3,Clarify,0.1533661064625877
HH_real_chat,7,3,Objectives,7.645749485141421e-56
HH_real_chat,7,3,Motivation,0.11455366420039872
HH_real_chat,7,3,Resources,1.2543740913720916e-27
HH_real_chat,7,3,Help,0.12257901090630187
HH_real_chat,7,3,Closing,0.10497981354071245
HH_real_chat,7,3,Moderation,0.4381017785244298
HH_real_chat,7,3,Other,0.00882590829845877
HH_real_chat,7,4,Opening,0.20009964564410626
HH_real_chat,7,4,Empathy,6.143614137851535e-178
HH_real_chat,7,4,Clarify,0.07714893059784324
HH_real_chat,7,4,Objectives,0.006353909165290028
HH_real_chat,7,4,Motivation,0.09088943231976505
HH_real_chat,7,4,Resources,0.009029752931140233
HH_real_chat,7,4,Help,0.21055995373826905
HH_real_chat,7,4,Closing,0.2861565747045555
HH_real_chat,7,4,Moderation,2.7835533579551036e-34
HH_real_chat,7,4,Other,0.11976180089903063
HH_real_chat,7,5,Opening,1.818389087130765e-49
HH_real_chat,7,5,Empathy,3.7738274291115525e-124
HH_real_chat,7,5,Clarify,1.203492017831079e-09
HH_real_chat,7,5,Objectives,1.1968743858089724e-54
HH_real_chat,7,5,Motivation,5.48218335762867e-16
HH_real_chat,7,5,Resources,1.9934048476108915e-33
HH_real_chat,7,5,Help,0.22183132665026745
HH_real_chat,7,5,Closing,4.196900900696558e-48
HH_real_chat,7,5,Moderation,7.640292148656928e-45
HH_real_chat,7,5,Other,0.77816867214624
HH_real_chat,7,6,Opening,0.046102941504811375
HH_real_chat,7,6,Empathy,0.054942119769694896
HH_real_chat,7,6,Clarify,0.08694271542278235
HH_real_chat,7,6,Objectives,4.5426682221387495e-31
HH_real_chat,7,6,Motivation,7.082422086569908e-07
HH_real_chat,7,6,Resources,5.45436447667298e-177
HH_real_chat,7,6,Help,1.721327350157956e-78
HH_real_chat,7,6,Closing,0.00015212698103529392
HH_real_chat,7,6,Moderation,0.28475396318694357
HH_real_chat,7,6,Other,0.5271054248925239
HH_real_chat,8,0,Opening,1.842847885655519e-12
HH_real_chat,8,0,Empathy,0.0
HH_real_chat,8,0,Clarify,3.904422370391591e-60
HH_real_chat,8,0,Objectives,5.673104621911404e-105
HH_real_chat,8,0,Motivation,0.09149616881840648
HH_real_chat,8,0,Resources,2.4354365430383226e-212
HH_real_chat,8,0,Help,4.2963553341814417e-73
HH_real_chat,8,0,Closing,0.060068131432991514
HH_real_chat,8,0,Moderation,0.8043523267077523
HH_real_chat,8,0,Other,0.04408337303900692
HH_real_chat,8,1,Opening,0.46415411583707805
HH_real_chat,8,1,Empathy,1.65618957e-316
HH_real_chat,8,1,Clarify,0.3377034622165039
HH_real_chat,8,1,Objectives,0.019156933744081273
HH_real_chat,8,1,Motivation,0.007395697201014956
HH_real_chat,8,1,Resources,4.620930021217755e-224
HH_real_chat,8,1,Help,0.030454835801978396
HH_real_chat,8,1,Closing,3.836721474013168e-203
HH_real_chat,8,1,Moderation,0.04246236319628875
HH_real_chat,8,1,Other,0.09867259200305473
HH_real_chat,8,2,Opening,0.02005265905091932
HH_real_chat,8,2,Empathy,0.00864235209283409
HH_real_chat,8,2,Clarify,0.40875822385148713
HH_real_chat,8,2,Objectives,0.03818686094107408
HH_real_chat,8,2,Motivation,0.051949121704347005
HH_real_chat,8,2,Resources,0.040079240707198906
HH_real_chat,8,2,Help,0.13677818976092795
HH_real_chat,8,2,Closing,0.007037577411369114
HH_real_chat,8,2,Moderation,0.04439813263739162
HH_real_chat,8,2,Other,0.24411764184245088
HH_real_chat,8,3,Opening,0.7733423211520415
HH_real_chat,8,3,Empathy,0.0
HH_real_chat,8,3,Clarify,1.4813896029382211e-80
HH_real_chat,8,3,Objectives,7.492742992813692e-15
HH_real_chat,8,3,Motivation,1.3578794113078265e-06
HH_real_chat,8,3,Resources,0.0
HH_real_chat,8,3,Help,1.6733543276206285e-278
HH_real_chat,8,3,Closing,0.0
HH_real_chat,8,3,Moderation,0.03744863834918843
HH_real_chat,8,3,Other,0.1892076826193513
HH_real_chat,8,4,Opening,8.004370580787224e-67
HH_real_chat,8,4,Empathy,2.9634888910158527e-241
HH_real_chat,8,4,Clarify,3.718801830329049e-44
HH_real_chat,8,4,Objectives,1.8920343453301244e-147
HH_real_chat,8,4,Motivation,4.3711429092801694e-155
HH_real_chat,8,4,Resources,1.7921079663764772e-85
HH_real_chat,8,4,Help,8.441581925205728e-59
HH_real_chat,8,4,Closing,1.9721585252544464e-61
HH_real_chat,8,4,Moderation,0.09951167137302291
HH_real_chat,8,4,Other,0.900488328626977
HH_real_chat,8,5,Opening,0.021508278126153094
HH_real_chat,8,5,Empathy,0.0025675798576490255
HH_real_chat,8,5,Clarify,0.10556196983855881
HH_real_chat,8,5,Objectives,0.003097142766001452
HH_real_chat,8,5,Motivation,0.055927746985201775
HH_real_chat,8,5,Resources,0.013948289083161437
HH_real_chat,8,5,Help,0.31504077256382435
HH_real_chat,8,5,Closing,0.1436953067546108
HH_real_chat,8,5,Moderation,0.08340652497836584
HH_real_chat,8,5,Other,0.2552463890464733
HH_real_chat,8,6,Opening,0.021136399627703813
HH_real_chat,8,6,Empathy,0.008650653599329405
HH_real_chat,8,6,Clarify,0.5814992461418749
HH_real_chat,8,6,Objectives,0.03185690537176897
HH_real_chat,8,6,Motivation,0.042514317362085115
HH_real_chat,8,6,Resources,0.007999693128721997
HH_real_chat,8,6,Help,0.04211712949782869
HH_real_chat,8,6,Closing,0.004818710983614748
HH_real_chat,8,6,Moderation,0.04011969701596177
HH_real_chat,8,6,Other,0.21928724727111057
HH_real_chat,8,7,Opening,0.40858118558363715
HH_real_chat,8,7,Empathy,8.159491022695182e-07
HH_real_chat,8,7,Clarify,0.04501388391035751
HH_real_chat,8,7,Objectives,4.378017904714152e-21
HH_real_chat,8,7,Motivation,0.05229918968365592
HH_real_chat,8,7,Resources,1.9819557639259068e-70
HH_real_chat,8,7,Help,2.682298879932066e-16
HH_real_chat,8,7,Closing,0.264994370908598
HH_real_chat,8,7,Moderation,7.571316036977609e-16
HH_real_chat,8,7,Other,0.22911055396464813
HH_real_mail,2,0,Opening,0.012498657254605262
HH_real_mail,2,0,Empathy,0.005811450669328419
HH_real_mail,2,0,Clarify,0.3986655149315846
HH_real_mail,2,0,Objectives,0.02324576791856614
HH_real_mail,2,0,Motivation,0.08833405017379196
HH_real_mail,2,0,Resources,0.012348162163433136
HH_real_mail,2,0,Help,0.10925527256844021
HH_real_mail,2,0,Closing,0.10692257419551236
HH_real_mail,2,0,Moderation,0.08949634030758828
HH_real_mail,2,0,Other,0.15342220981714966
HH_real_mail,2,1,Opening,0.9993274612189615
HH_real_mail,2,1,Empathy,1.3124702314774247e-40
HH_real_mail,2,1,Clarify,1.4867583980819066e-09
HH_real_mail,2,1,Objectives,5.249972168368651e-08
HH_real_mail,2,1,Motivation,2.6079366486770493e-21
HH_real_mail,2,1,Resources,0.0006600904440686792
HH_real_mail,2,1,Help,2.2556561885896968e-11
HH_real_mail,2,1,Closing,1.2261634198335498e-05
HH_real_mail,2,1,Moderation,1.0482242691288301e-13
HH_real_mail,2,1,Other,1.3269362999895335e-07
HH_real_mail,3,0,Opening,0.031909049180300214
HH_real_mail,3,0,Empathy,0.004129155097175893
HH_real_mail,3,0,Clarify,0.45784008487914707
HH_real_mail,3,0,Objectives,0.021154453336684566
HH_real_mail,3,0,Motivation,0.11591048170818351
HH_real_mail,3,0,Resources,0.012112419630630257
HH_real_mail,3,0,Help,0.13247757852248193
HH_real_mail,3,0,Closing,0.09963063470449818
HH_real_mail,3,0,Moderation,0.09738205268905331
HH_real_mail,3,0,Other,0.027454090251845063
HH_real_mail,3,1,Opening,0.9817720342852588
HH_real_mail,3,1,Empathy,1.6940691879453627e-123
HH_real_mail,3,1,Clarify,0.004771886032389719
HH_real_mail,3,1,Objectives,0.005912447070646745
HH_real_mail,3,1,Motivation,1.4653570601617736e-70
HH_real_mail,3,1,Resources,1.4105119613098261e-36
HH_real_mail,3,1,Help,3.046310649344131e-29
HH_real_mail,3,1,Closing,0.003266055054300122
HH_real_mail,3,1,Moderation,7.480843883465169e-39
HH_real_mail,3,1,Other,0.004277577557404609
HH_real_mail,3,2,Opening,0.0907944513234808
HH_real_mail,3,2,Empathy,0.009260483812181646
HH_real_mail,3,2,Clarify,0.21389878070090457
HH_real_mail,3,2,Objectives,0.013842941802225365
HH_real_mail,3,2,Motivation,0.015496041998072198
HH_real_mail,3,2,Resources,0.013235693136609106
HH_real_mail,3,2,Help,0.04482200129381589
HH_real_mail,3,2,Closing,0.10786528078891042
HH_real_mail,3,2,Moderation,0.06296433388960918
HH_real_mail,3,2,Other,0.42781999125419096
HH_real_mail,4,0,Opening,0.9775615879258291
HH_real_mail,4,0,Empathy,2.7072659283896276e-115
HH_real_mail,4,0,Clarify,0.019768932285610576
HH_real_mail,4,0,Objectives,0.0021346737984050813
HH_real_mail,4,0,Motivation,1.916336799227534e-89
HH_real_mail,4,0,Resources,3.013872159534226e-17
HH_real_mail,4,0,Help,2.312636874676742e-16
HH_real_mail,4,0,Closing,4.5060543757596345e-06
HH_real_mail,4,0,Moderation,0.0005302999357791583
HH_real_mail,4,0,Other,1.1192600091660213e-23
HH_real_mail,4,1,Opening,0.02309171610972947
HH_real_mail,4,1,Empathy,0.008389110173524995
HH_real_mail,4,1,Clarify,0.5857791379346596
HH_real_mail,4,1,Objectives,0.02152659292493238
HH_real_mail,4,1,Motivation,0.05499729679861427
HH_real_mail,4,1,Resources,0.01637875898701674
HH_real_mail,4,1,Help,0.09153051104840992
HH_real_mail,4,1,Closing,0.08656206735180635
HH_real_mail,4,1,Moderation,0.1117448086711297
HH_real_mail,4,1,Other,1.7667463527501004e-13
HH_real_mail,4,2,Opening,0.14448838160953226
HH_real_mail,4,2,Empathy,0.003789212789054324
HH_real_mail,4,2,Clarify,0.20235658772440754
HH_real_mail,4,2,Objectives,0.029092954734890496
HH_real_mail,4,2,Motivation,0.18621526429597063
HH_real_mail,4,2,Resources,0.006097846425527796
HH_real_mail,4,2,Help,0.18862501313814978
HH_real_mail,4,2,Closing,0.11198002266896237
HH_real_mail,4,2,Moderation,0.06592545366668806
HH_real_mail,4,2,Other,0.06142926294681671
HH_real_mail,4,3,Opening,0.13396180684974907
HH_real_mail,4,3,Empathy,2.471303961722463e-23
HH_real_mail,4,3,Clarify,0.0015849002793090414
HH_real_mail,4,3,Objectives,0.005209251333739214
HH_real_mail,4,3,Motivation,2.451809851716585e-65
HH_real_mail,4,3,Resources,0.009465159289176928
HH_real_mail,4,3,Help,1.2243740790607893e-57
HH_real_mail,4,3,Closing,0.12462130509905248
HH_real_mail,4,3,Moderation,0.03570991260158218
HH_real_mail,4,3,Other,0.689447664547391
HH_real_mail,5,0,Opening,0.972778680100465
HH_real_mail,5,0,Empathy,0.0
HH_real_mail,5,0,Clarify,0.02085099879181505
HH_real_mail,5,0,Objectives,1.6562480836612233e-51
HH_real_mail,5,0,Motivation,4.6052097848467264e-219
HH_real_mail,5,0,Resources,1.976392895394743e-229
HH_real_mail,5,0,Help,1.86373830824986e-50
HH_real_mail,5,0,Closing,2.076939162159479e-150
HH_real_mail,5,0,Moderation,4.591631360449461e-123
HH_real_mail,5,0,Other,0.006370321107719891
HH_real_mail,5,1,Opening,0.951847383128161
HH_real_mail,5,1,Empathy,8.53092185775458e-173
HH_real_mail,5,1,Clarify,8.020914668349269e-72
HH_real_mail,5,1,Objectives,1.0120506905822214e-61
HH_real_mail,5,1,Motivation,7.279173085709172e-157
HH_real_mail,5,1,Resources,0.010231008522536406
HH_real_mail,5,1,Help,1.541564964750104e-30
HH_real_mail,5,1,Closing,0.037921608341371725
HH_real_mail,5,1,Moderation,7.930858944944877e-12
HH_real_mail,5,1,Other,1.150226704443298e-43
HH_real_mail,5,2,Opening,0.15118977891751542
HH_real_mail,5,2,Empathy,0.0
HH_real_mail,5,2,Clarify,0.047324839610017454
HH_real_mail,5,2,Objectives,0.006378382467459884
HH_real_mail,5,2,Motivation,1.0668550960215274e-238
HH_real_mail,5,2,Resources,9.93634786214696e-171
HH_real_mail,5,2,Help,0.0
HH_real_mail,5,2,Closing,0.05826126988123038
HH_real_mail,5,2,Moderation,0.009016423769732015
HH_real_mail,5,2,Other,0.7278293053540449
HH_real_mail,5,3,Opening,0.006894117830213237
HH_real_mail,5,3,Empathy,0.015183955775252637
HH_real_mail,5,3,Clarify,0.141314069346787
HH_real_mail,5,3,Objectives,0.01679317148858446
HH_real_mail,5,3,Motivation,0.20932212411524928
HH_real_mail,5,3,Resources,2.3126583079257513e-05
HH_real_mail,5,3,Help,0.25694579087719693
HH_real_mail,5,3,Closing,0.19394294825506048
HH_real_mail,5,3,Moderation,0.10191793257438474
HH_real_mail,5,3,Other,0.057662763154191846
HH_real_mail,5,4,Opening,0.016556801542546188
HH_real_mail,5,4,Empathy,5.312379859989626e-87
HH_real_mail,5,4,Clarify,0.7386636812852659
HH_real_mail,5,4,Objectives,0.03529584169340909
HH_real_mail,5,4,Motivation,0.018443774523237956
HH_real_mail,5,4,Resources,0.02152448708743541
HH_real_mail,5,4,Help,0.024489124722426737
HH_real_mail,5,4,Closing,0.024553850717354903
HH_real_mail,5,4,Moderation,0.1098426254210251
HH_real_mail,5,4,Other,0.010629813007298474
HH_real_mail,6,0,Opening,0.9737019491068389
HH_real_mail,6,0,Empathy,0.0
HH_real_mail,6,0,Clarify,0.014336345714369052
HH_real_mail,6,0,Objectives,3.0867929184740774e-28
HH_real_mail,6,0,Motivation,4.807013666061566e-167
HH_real_mail,6,0,Resources,4.4861509726082634e-181
HH_real_mail,6,0,Help,0.010598627277046998
HH_real_mail,6,0,Closing,1.6270867156663674e-80
HH_real_mail,6,0,Moderation,3.0614043105752586e-113
HH_real_mail,6,0,Other,0.0013630779017450492
HH_real_mail,6,1,Opening,0.01155845650085191
HH_real_mail,6,1,Empathy,0.018067947227216923
HH_real_mail,6,1,Clarify,0.32788532840690193
HH_real_mail,6,1,Objectives,0.011052002616760979
HH_real_mail,6,1,Motivation,0.08645353899484377
HH_real_mail,6,1,Resources,0.01763610203323474
HH_real_mail,6,1,Help,0.1345810606577657
HH_real_mail,6,1,Closing,0.17711970742973987
HH_real_mail,6,1,Moderation,0.15620850418444018
HH_real_mail,6,1,Other,0.059437351948243976
HH_real_mail,6,2,Opening,0.11305320617433215
HH_real_mail,6,2,Empathy,0.004774278739368374
HH_real_mail,6,2,Clarify,0.08244977384742745
HH_real_mail,6,2,Objectives,0.013735900450042684
HH_real_mail,6,2,Motivation,0.2630101662356252
HH_real_mail,6,2,Resources,0.011973286674724722
HH_real_mail,6,2,Help,0.26201496806102187
HH_real_mail,6,2,Closing,0.12950419485827863
HH_real_mail,6,2,Moderation,0.07201216400933051
HH_real_mail,6,2,Other,0.047472060949848315
HH_real_mail,6,3,Opening,0.1354388269075603
HH_real_mail,6,3,Empathy,0.0
HH_real_mail,6,3,Clarify,0.03885791648000709
HH_real_mail,6,3,Objectives,0.008777332365919944
HH_real_mail,6,3,Motivation,3.401683124426099e-142
HH_real_mail,6,3,Resources,6.457453241165589e-28
HH_real_mail,6,3,Help,2.463744741376796e-191
HH_real_mail,6,3,Closing,0.050103403260152286
HH_real_mail,6,3,Moderation,0.006508485988685558
HH_real_mail,6,3,Other,0.7603140349976748
HH_real_mail,6,4,Opening,0.9428756157554055
HH_real_mail,6,4,Empathy,1.7471143459783878e-236
HH_real_mail,6,4,Clarify,8.025014653078848e-59
HH_real_mail,6,4,Objectives,0.006417594235543966
HH_real_mail,6,4,Motivation,4.851173859313349e-137
HH_real_mail,6,4,Resources,1.2182406550013214e-71
HH_real_mail,6,4,Help,1.0179996937700248e-34
HH_real_mail,6,4,Closing,0.042776439999719314
HH_real_mail,6,4,Moderation,0.007929468359241819
HH_real_mail,6,4,Other,8.816500896073906e-07
HH_real_mail,6,5,Opening,0.021513474035498064
HH_real_mail,6,5,Empathy,1.5522223447410633e-195
HH_real_mail,6,5,Clarify,0.7933403639027591
HH_real_mail,6,5,Objectives,0.03736970030166688
HH_real_mail,6,5,Motivation,9.573868694338179e-13
HH_real_mail,6,5,Resources,0.014721205568026538
HH_real_mail,6,5,Help,0.016117778963723347
HH_real_mail,6,5,Closing,0.018177887793965435
HH_real_mail,6,5,Moderation,0.07751636561807357
HH_real_mail,6,5,Other,0.021243223815329566
HH_real_mail,7,0,Opening,0.157027868045727
HH_real_mail,7,0,Empathy,0.0
HH_real_mail,7,0,Clarify,0.03380912852915476
HH_real_mail,7,0,Objectives,0.011782695114772042
HH_real_mail,7,0,Motivation,2.2954606111882837e-307
HH_real_mail,7,0,Resources,2.313606012598288e-79
HH_real_mail,7,0,Help,1.6370164164472e-310
HH_real_mail,7,0,Closing,0.048679771191510575
HH_real_mail,7,0,Moderation,0.0038146962243806337
HH_real_mail,7,0,Other,0.7448858408944551
HH_real_mail,7,1,Opening,0.08699447303228557
HH_real_mail,7,1,Empathy,0.006713208921248626
HH_real_mail,7,1,Clarify,2.7488189047325945e-18
HH_real_mail,7,1,Objectives,0.016572014598716104
HH_real_mail,7,1,Motivation,0.37198456071245817
HH_real_mail,7,1,Resources,4.57938638994504e-31
HH_real_mail,7,1,Help,0.3803749310427958
HH_real_mail,7,1,Closing,0.07560548491880438
HH_real_mail,7,1,Moderation,6.625978183620685e-68
HH_real_mail,7,1,Other,0.06175532677369127
HH_real_mail,7,2,Opening,0.9759672813066373
HH_real_mail,7,2,Empathy,0.0
HH_real_mail,7,2,Clarify,1.0171471076973985e-107
HH_real_mail,7,2,Objectives,5.235205468158808e-10
HH_real_mail,7,2,Motivation,5.6752001035285855e-230
HH_real_mail,7,2,Resources,7.301517412319299e-108
HH_real_mail,7,2,Help,3.7659514805138425e-38
HH_real_mail,7,2,Closing,0.02403271816984208
HH_real_mail,7,2,Moderation,1.0260612577731848e-73
HH_real_mail,7,2,Other,6.251526583790783e-56
HH_real_mail,7,3,Opening,6.67457718934856e-43
HH_real_mail,7,3,Empathy,0.03443802624727764
HH_real_mail,7,3,Clarify,0.33558812300712804
HH_real_mail,7,3,Objectives,0.03702593572081279
HH_real_mail,7,3,Motivation,0.10714928409670982
HH_real_mail,7,3,Resources,0.032413396836758326
HH_real_mail,7,3,Help,0.1925965729040532
HH_real_mail,7,3,Closing,0.11526266427063353
HH_real_mail,7,3,Moderation,0.01630400146811993
HH_real_mail,7,3,Other,0.12922199544850685
HH_real_mail,7,4,Opening,0.01709974433671386
HH_real_mail,7,4,Empathy,1.5164e-317
HH_real_mail,7,4,Clarify,0.8252996320526617
HH_real_mail,7,4,Objectives,0.04005871738348812
HH_real_mail,7,4,Motivation,5.1521948371324495e-111
HH_real_mail,7,4,Resources,0.012697811754831888
HH_real_mail,7,4,Help,0.010980873784318404
HH_real_mail,7,4,Closing,0.014958767962693787
HH_real_mail,7,4,Moderation,0.05720749702220399
HH_real_mail,7,4,Other,0.02169695570308833
HH_real_mail,7,5,Opening,0.9651826040090994
HH_real_mail,7,5,Empathy,0.0
HH_real_mail,7,5,Clarify,0.015320750945263036
HH_real_mail,7,5,Objectives,1.6132245359788775e-38
HH_real_mail,7,5,Motivation,5.739639023684767e-237
HH_real_mail,7,5,Resources,4.340190609643322e-227
HH_real_mail,7,5,Help,0.016065280215307527
HH_real_mail,7,5,Closing,3.880540906132681e-98
HH_real_mail,7,5,Moderation,3.1686164696904844e-232
HH_real_mail,7,5,Other,0.003431364830330152
HH_real_mail,7,6,Opening,0.03444668555964132
HH_real_mail,7,6,Empathy,4.1902808405843634e-167
HH_real_mail,7,6,Clarify,0.3470693845747282
HH_real_mail,7,6,Objectives,9.42849432278814e-138
HH_real_mail,7,6,Motivation,6.218451676281741e-10
HH_real_mail,7,6,Resources,0.021120262876719385
HH_real_mail,7,6,Help,9.881104880802175e-38
HH_real_mail,7,6,Closing,0.2694499414848712
HH_real_mail,7,6,Moderation,0.3279137248821947
HH_real_mail,7,6,Other,4.709107832599467e-98
HH_real_mail,8,0,Opening,7.577155996214829e-66
HH_real_mail,8,0,Empathy,0.040552462833865405
HH_real_mail,8,0,Clarify,0.47448146166752225
HH_real_mail,8,0,Objectives,1.89239792253048e-113
HH_real_mail,8,0,Motivation,0.1244872233473615
HH_real_mail,8,0,Resources,0.025063674702801773
HH_real_mail,8,0,Help,0.1804201764803398
HH_real_mail,8,0,Closing,0.05953631337458698
HH_real_mail,8,0,Moderation,0.029750063103667086
HH_real_mail,8,0,Other,0.06570862448985516
HH_real_mail,8,1,Opening,1.452381228158923e-11
HH_real_mail,8,1,Empathy,1.5393519729992094e-227
HH_real_mail,8,1,Clarify,0.24279941834991906
HH_real_mail,8,1,Objectives,1.9691383610051303e-246
HH_real_mail,8,1,Motivation,0.12309592962654876
HH_real_mail,8,1,Resources,0.01736262632886733
HH_real_mail,8,1,Help,8.154131041884899e-54
HH_real_mail,8,1,Closing,0.23797202478299517
HH_real_mail,8,1,Moderation,0.37877000089714585
HH_real_mail,8,1,Other,4.127096553881538e-174
HH_real_mail,8,2,Opening,0.020947191944476907
HH_real_mail,8,2,Empathy,0.0
HH_real_mail,8,2,Clarify,0.8254563913721701
HH_real_mail,8,2,Objectives,0.035157770257917276
HH_real_mail,8,2,Motivation,5.953467463516843e-140
HH_real_mail,8,2,Resources,0.010317593672786748
HH_real_mail,8,2,Help,0.027473399141408228
HH_real_mail,8,2,Closing,0.01576860521820227
HH_real_mail,8,2,Moderation,0.04089093438238981
HH_real_mail,8,2,Other,0.02398811401064861
HH_real_mail,8,3,Opening,1.0
HH_real_mail,8,3,Empathy,0.0
HH_real_mail,8,3,Clarify,1.5031322011727966e-207
HH_real_mail,8,3,Objectives,2.2466313954463245e-96
HH_real_mail,8,3,Motivation,5.4e-322
HH_real_mail,8,3,Resources,2.6245872819097863e-276
HH_real_mail,8,3,Help,1.5644256757980213e-198
HH_real_mail,8,3,Closing,2.1316502234141557e-110
HH_real_mail,8,3,Moderation,4.1032305779941713e-47
HH_real_mail,8,3,Other,3.8840989495684076e-115
HH_real_mail,8,4,Opening,0.15698586719721938
HH_real_mail,8,4,Empathy,0.0
HH_real_mail,8,4,Clarify,0.05335478641901665
HH_real_mail,8,4,Objectives,0.016674807296592216
HH_real_mail,8,4,Motivation,1.806429895741668e-254
HH_real_mail,8,4,Resources,0.0
HH_real_mail,8,4,Help,0.0
HH_real_mail,8,4,Closing,0.05226700332891507
HH_real_mail,8,4,Moderation,0.003624941259399098
HH_real_mail,8,4,Other,0.7170925944988576
HH_real_mail,8,5,Opening,0.16070076225961005
HH_real_mail,8,5,Empathy,0.008080071602596226
HH_real_mail,8,5,Clarify,4.537252942074228e-28
HH_real_mail,8,5,Objectives,0.031786811403703125
HH_real_mail,8,5,Motivation,0.3439966420702674
HH_real_mail,8,5,Resources,5.466018499673015e-76
HH_real_mail,8,5,Help,0.40276491302699274
HH_real_mail,8,5,Closing,4.4851358622997945e-08
HH_real_mail,8,5,Moderation,7.449742474944372e-125
HH_real_mail,8,5,Other,0.0526707547854718
HH_real_mail,8,6,Opening,0.3977555031173264
HH_real_mail,8,6,Empathy,0.0
HH_real_mail,8,6,Clarify,5.262830360698689e-55
HH_real_mail,8,6,Objectives,0.02814312051619472
HH_real_mail,8,6,Motivation,2.3371357671373237e-142
HH_real_mail,8,6,Resources,0.024344218405484844
HH_real_mail,8,6,Help,0.14117811654684598
HH_real_mail,8,6,Closing,0.32499137055179067
HH_real_mail,8,6,Moderation,4.347723270761993e-44
HH_real_mail,8,6,Other,0.0835876708623575
HH_real_mail,8,7,Opening,0.9827058859842966
HH_real_mail,8,7,Empathy,0.0
HH_real_mail,8,7,Clarify,0.012077705644804352
HH_real_mail,8,7,Objectives,1.291027155120044e-42
HH_real_mail,8,7,Motivation,1.045161772523431e-221
HH_real_mail,8,7,Resources,0.0
HH_real_mail,8,7,Help,0.005152028246989178
HH_real_mail,8,7,Closing,1.2785446753399979e-123
HH_real_mail,8,7,Moderation,4.508073109e-314
HH_real_mail,8,7,Other,6.438012390985867e-05
HH_roleplay_chat,2,0,Opening,0.6848435566449829
HH_roleplay_chat,2,0,Empathy,1.3296621215607801e-39
HH_roleplay_chat,2,0,Clarify,0.23871518270632675
HH_roleplay_chat,2,0,Objectives,3.360522010134853e-20
HH_roleplay_chat,2,0,Motivation,0.02299809022150808
HH_roleplay_chat,2,0,Resources,0.003131319945308778
HH_roleplay_chat,2,0,Help,7.108004610887154e-05
HH_roleplay_chat,2,0,Closing,1.7907164509053037e-29
HH_roleplay_chat,2,0,Moderation,0.009656686219421218
HH_roleplay_chat,2,0,Other,0.040584084216343456
HH_roleplay_chat,2,1,Opening,0.02093675453074939
HH_roleplay_chat,2,1,Empathy,0.009761774069127076
HH_roleplay_chat,2,1,Clarify,0.47957035657411223
HH_roleplay_chat,2,1,Objectives,0.0529924878038327
HH_roleplay_chat,2,1,Motivation,0.04243420067125198
HH_roleplay_chat,2,1,Resources,0.037633140813505626
HH_roleplay_chat,2,1,Help,0.07725069719071083
HH_roleplay_chat,2,1,Closing,0.06191753838132031
HH_roleplay_chat,2,1,Moderation,0.06852804716506102
HH_roleplay_chat,2,1,Other,0.1489750028003288
HH_roleplay_chat,3,0,Opening,0.019189355242095623
HH_roleplay_chat,3,0,Empathy,0.011848540343977667
HH_roleplay_chat,3,0,Clarify,0.5701632795234065
HH_roleplay_chat,3,0,Objectives,0.059707983299405305
HH_roleplay_chat,3,0,Motivation,0.03789837845044944
HH_roleplay_chat,3,0,Resources,0.038210108506630605
HH_roleplay_chat,3,0,Help,0.039523059754508545
HH_roleplay_chat,3,0,Closing,0.010620477105396516
HH_roleplay_chat,3,0,Moderation,0.06840783241479113
HH_roleplay_chat,3,0,Other,0.14443098535933874
HH_roleplay_chat,3,1,Opening,0.6910213785945721
HH_roleplay_chat,3,1,Empathy,1.27798779853277e-309
HH_roleplay_chat,3,1,Clarify,0.22906331853616196
HH_roleplay_chat,3,1,Objectives,1.8907727851833218e-148
HH_roleplay_chat,3,1,Motivation,0.02341375748039693
HH_roleplay_chat,3,1,Resources,0.0031492051345776376
HH_roleplay_chat,3,1,Help,0.0043720504567658575
HH_roleplay_chat,3,1,Closing,9.443084451924516e-233
HH_roleplay_chat,3,1,Moderation,0.009618795674437257
HH_roleplay_chat,3,1,Other,0.03936149412308829
HH_roleplay_chat,3,2,Opening,0.026901910672919534
HH_roleplay_chat,3,2,Empathy,0.002127740793003918
HH_roleplay_chat,3,2,Clarify,0.15302174713031755
HH_roleplay_chat,3,2,Objectives,0.02835007103712385
HH_roleplay_chat,3,2,Motivation,0.05870395516087924
HH_roleplay_chat,3,2,Resources,0.03540393435914386
HH_roleplay_chat,3,2,Help,0.2125017953669938
HH_roleplay_chat,3,2,Closing,0.2485277512766707
HH_roleplay_chat,3,2,Moderation,0.06877767721432859
HH_roleplay_chat,3,2,Other,0.165683416988619
HH_roleplay_chat,4,0,Opening,0.7103992659354684
HH_roleplay_chat,4,0,Empathy,1.0063369937459312e-254
HH_roleplay_chat,4,0,Clarify,0.21256444147978423
HH_roleplay_chat,4,0,Objectives,4.0810698027662264e-125
HH_roleplay_chat,4,0,Motivation,0.02296163747372971
HH_roleplay_chat,4,0,Resources,0.0041674566683898235
HH_roleplay_chat,4,0,Help,0.006507288676722782
HH_roleplay_chat,4,0,Closing,2.2897473410980018e-187
HH_roleplay_chat,4,0,Moderation,0.006997029327951797
HH_roleplay_chat,4,0,Other,0.036402880437953394
HH_roleplay_chat,4,1,Opening,0.010126212916789166
HH_roleplay_chat,4,1,Empathy,0.011168746741836752
HH_roleplay_chat,4,1,Clarify,0.4285413661863394
HH_roleplay_chat,4,1,Objectives,0.09461717136942015
HH_roleplay_chat,4,1,Motivation,0.03719610626585136
HH_roleplay_chat,4,1,Resources,0.09050332791216623
HH_roleplay_chat,4,1,Help,0.09941383738003166
HH_roleplay_chat,4,1,Closing,0.013038966375035392
HH_roleplay_chat,4,1,Moderation,0.06133185718234009
HH_roleplay_chat,4,1,Other,0.15406240767018964
HH_roleplay_chat,4,2,Opening,0.03419803321248468
HH_roleplay_chat,4,2,Empathy,2.866352590928376e-63
HH_roleplay_chat,4,2,Clarify,0.11529028453265505
HH_roleplay_chat,4,2,Objectives,0.012453340878244264
HH_roleplay_chat,4,2,Motivation,0.06781972689389758
HH_roleplay_chat,4,2,Resources,0.006973866432965886
HH_roleplay_chat,4,2,Help,0.19109005536032075
HH_roleplay_chat,4,2,Closing,0.3394680230211441
HH_roleplay_chat,4,2,Moderation,0.06846908038795944
HH_roleplay_chat,4,2,Other,0.16423758928032808
HH_roleplay_chat,4,3,Opening,0.027701319029066807
HH_roleplay_chat,4,3,Empathy,0.011625298961996879
HH_roleplay_chat,4,3,Clarify,0.6308388935462197
HH_roleplay_chat,4,3,Objectives,0.0344723800354295
HH_roleplay_chat,4,3,Motivation,0.038234787692261504
HH_roleplay_chat,4,3,Resources,0.007890001282717957
HH_roleplay_chat,4,3,Help,0.02401304481679966
HH_roleplay_chat,4,3,Closing,0.011528455279597814
HH_roleplay_chat,4,3,Moderation,0.07360823868414332
HH_roleplay_chat,4,3,Other,0.14008758067176683
HH_roleplay_chat,5,0,Opening,0.052344608087842755
HH_roleplay_chat,5,0,Empathy,1.4971665588506646e-120
HH_roleplay_chat,5,0,Clarify,0.49529208866078966
HH_roleplay_chat,5,0,Objectives,0.012671649996619414
HH_roleplay_chat,5,0,Motivation,0.04570028506142074
HH_roleplay_chat,5,0,Resources,2.383495423753199e-53
HH_roleplay_chat,5,0,Help,0.04477133744197437
HH_roleplay_chat,5,0,Closing,0.03332830530611516
HH_roleplay_chat,5,0,Moderation,0.18130774229227298
HH_roleplay_chat,5,0,Other,0.13458398315296496
HH_roleplay_chat,5,1,Opening,0.7180393537061397
HH_roleplay_chat,5,1,Empathy,0.0
HH_roleplay_chat,5,1,Clarify,0.2155499091298436
HH_roleplay_chat,5,1,Objectives,6.22831827354e-313
HH_roleplay_chat,5,1,Motivation,0.021303878221239525
HH_roleplay_chat,5,1,Resources,0.006518846221550101
HH_roleplay_chat,5,1,Help,0.0006058463232223933
HH_roleplay_chat,5,1,Closing,0.0
HH_roleplay_chat,5,1,Moderation,1.9466800362000686e-47
HH_roleplay_chat,5,1,Other,0.03798216639800478
HH_roleplay_chat,5,2,Opening,0.023512274857782473
HH_roleplay_chat,5,2,Empathy,0.015656406279397288
HH_roleplay_chat,5,2,Clarify,0.6639792198805503
HH_roleplay_chat,5,2,Objectives,0.047745861890459096
HH_roleplay_chat,5,2,Motivation,0.03653994232291212
HH_roleplay_chat,5,2,Resources,0.013530878193356263
HH_roleplay_chat,5,2,Help,0.019979314256726517
HH_roleplay_chat,5,2,Closing,0.003588454555779974
HH_roleplay_chat,5,2,Moderation,0.0356024670537847
HH_roleplay_chat,5,2,Other,0.13986518070925122
HH_roleplay_chat,5,3,Opening,0.011497713571009092
HH_roleplay_chat,5,3,Empathy,0.009990297152062823
HH_roleplay_chat,5,3,Clarify,0.4024708092319763
HH_roleplay_chat,5,3,Objectives,0.09050854727684589
HH_roleplay_chat,5,3,Motivation,0.03673702750807895
HH_roleplay_chat,5,3,Resources,0.09293517830429379
HH_roleplay_chat,5,3,Help,0.1108458290494286
HH_roleplay_chat,5,3,Closing,0.01729284598159396
HH_roleplay_chat,5,3,Moderation,0.07091571423576551
HH_roleplay_chat,5,3,Other,0.15680603768894497
HH_roleplay_chat,5,4,Opening,0.03293377227662509
HH_roleplay_chat,5,4,Empathy,6.463005701422483e-227
HH_roleplay_chat,5,4,Clarify,0.1125736829760904
HH_roleplay_chat,5,4,Objectives,0.011522796602623201
HH_roleplay_chat,5,4,Motivation,0.06967558405323264
HH_roleplay_chat,5,4,Resources,0.0057659114412306174
HH_roleplay_chat,5,4,Help,0.18628991040276122
HH_roleplay_chat,5,4,Closing,0.355176004622907
HH_roleplay_chat,5,4,Moderation,0.06241792612697485
HH_roleplay_chat,5,4,Other,0.16364441149755496
HH_roleplay_chat,6,0,Opening,0.011870369766166981
HH_roleplay_chat,6,0,Empathy,0.009792804276205868
HH_roleplay_chat,6,0,Clarify,0.4017669530152044
HH_roleplay_chat,6,0,Objectives,0.09113824926744923
HH_roleplay_chat,6,0,Motivation,0.03530914688557348
HH_roleplay_chat,6,0,Resources,0.09329644712998006
HH_roleplay_chat,6,0,Help,0.1099173060231846
HH_roleplay_chat,6,0,Closing,0.017153054024974825
HH_roleplay_chat,6,0,Moderation,0.07228733810081835
HH_roleplay_chat,6,0,Other,0.1574683315104422
HH_roleplay_chat,6,1,Opening,0.5404957704400117
HH_roleplay_chat,6,1,Empathy,9.409830245420455e-290
HH_roleplay_chat,6,1,Clarify,0.06677987732257372
HH_roleplay_chat,6,1,Objectives,2.964620711837101e-13
HH_roleplay_chat,6,1,Motivation,0.12960341860724836
HH_roleplay_chat,6,1,Resources,1.9214972514644703e-55
HH_roleplay_chat,6,1,Help,0.1139740868050918
HH_roleplay_chat,6,1,Closing,9.614662514436651e-21
HH_roleplay_chat,6,1,Moderation,1.8888047578228913e-08
HH_roleplay_chat,6,1,Other,0.14914682793673026
HH_roleplay_chat,6,2,Opening,0.7047505252314462
HH_roleplay_chat,6,2,Empathy,0.0
HH_roleplay_chat,6,2,Clarify,0.23775138638438262
HH_roleplay_chat,6,2,Objectives,0.0
HH_roleplay_chat,6,2,Motivation,0.017651246343554937
HH_roleplay_chat,6,2,Resources,0.007815287780098917
HH_roleplay_chat,6,2,Help,6.275790999084586e-124
HH_roleplay_chat,6,2,Closing,0.0
HH_roleplay_chat,6,2,Moderation,4.56412803479772e-108
HH_roleplay_chat,6,2,Other,0.03203155426051715
HH_roleplay_chat,6,3,Opening,0.032308676996829634
HH_roleplay_chat,6,3,Empathy,0.0
HH_roleplay_chat,6,3,Clarify,0.11269524399133901
HH_roleplay_chat,6,3,Objectives,0.011506533136895808
HH_roleplay_chat,6,3,Motivation,0.07017838949130868
HH_roleplay_chat,6,3,Resources,0.005747004660553956
HH_roleplay_chat,6,3,Help,0.18737214910585834
HH_roleplay_chat,6,3,Closing,0.35474943248980023
HH_roleplay_chat,6,3,Moderation,0.062005503323450006
HH_roleplay_chat,6,3,Other,0.1634370668039644
HH_roleplay_chat,6,4,Opening,7.632888828119496e-11
HH_roleplay_chat,6,4,Empathy,1.0739999023041178e-132
HH_roleplay_chat,6,4,Clarify,0.5910348897694845
HH_roleplay_chat,6,4,Objectives,0.016475189852739637
HH_roleplay_chat,6,4,Motivation,1.4455946023785724e-06
HH_roleplay_chat,6,4,Resources,1.3749419143303625e-148
HH_roleplay_chat,6,4,Help,5.043477017516187e-15
HH_roleplay_chat,6,4,Closing,0.037393351720539196
HH_roleplay_chat,6,4,Moderation,0.23696366856643084
HH_roleplay_chat,6,4,Other,0.11813145441986944
HH_roleplay_chat,6,5,Opening,0.020600728550231925
HH_roleplay_chat,6,5,Empathy,0.01578681319438546
HH_roleplay_chat,6,5,Clarify,0.66256994539807
HH_roleplay_chat,6,5,Objectives,0.04702876948469652
HH_roleplay_chat,6,5,Motivation,0.04153495664643714
HH_roleplay_chat,6,5,Resources,0.013468160905564361
HH_roleplay_chat,6,5,Help,0.024430152700125503
HH_roleplay_chat,6,5,Closing,0.0045220062503729275
HH_roleplay_chat,6,5,Moderation,0.030098896536634633
HH_roleplay_chat,6,5,Other,0.13995957033348144
HH_roleplay_chat,7,0,Opening,0.012018716960504973
HH_roleplay_chat,7,0,Empathy,0.00958689020248385
HH_roleplay_chat,7,0,Clarify,0.39735452224672285
HH_roleplay_chat,7,0,Objectives,0.0891821902947802
HH_roleplay_chat,7,0,Motivation,0.03632921585943649
HH_roleplay_chat,7,0,Resources,0.09372048107732082
HH_roleplay_chat,7,0,Help,0.1140879187962889
HH_roleplay_chat,7,0,Closing,0.018119126845126784
HH_roleplay_chat,7,0,Moderation,0.07270286263353529
HH_roleplay_chat,7,0,Other,0.15689807508379994
HH_roleplay_chat,7,1,Opening,0.031543562213990683
HH_roleplay_chat,7,1,Empathy,3.5846818563122576e-148
HH_roleplay_chat,7,1,Clarify,0.5352646839655294
HH_roleplay_chat,7,1,Objectives,0.013661117549695255
HH_roleplay_chat,7,1,Motivation,0.04730912413946247
HH_roleplay_chat,7,1,Resources,8.802268017955468e-63
HH_roleplay_chat,7,1,Help,0.0381942824700636
HH_roleplay_chat,7,1,Closing,0.02908368454868982
HH_roleplay_chat,7,1,Moderation,0.16226802544021562
HH_roleplay_chat,7,1,Other,0.14267551967235312
HH_roleplay_chat,7,2,Opening,0.021872089000302897
HH_roleplay_chat,7,2,Empathy,0.016569570741564024
HH_roleplay_chat,7,2,Clarify,0.6596988964622995
HH_roleplay_chat,7,2,Objectives,0.051012398528790755
HH_roleplay_chat,7,2,Motivation,0.036676243105872045
HH_roleplay_chat,7,2,Resources,0.015139819441303255
HH_roleplay_chat,7,2,Help,0.021044566442527026
HH_roleplay_chat,7,2,Closing,0.003665739536093097
HH_roleplay_chat,7,2,Moderation,0.033878958802870396
HH_roleplay_chat,7,2,Other,0.14044171793837706
HH_roleplay_chat,7,3,Opening,0.946000298719739
HH_roleplay_chat,7,3,Empathy,0.0
HH_roleplay_chat,7,3,Clarify,0.0199135261085164
HH_roleplay_chat,7,3,Objectives,0.0
HH_roleplay_chat,7,3,Motivation,0.00016311603868225005
HH_roleplay_chat,7,3,Resources,0.00955184498895623
HH_roleplay_chat,7,3,Help,1.1102382282856956e-19
HH_roleplay_chat,7,3,Closing,0.0
HH_roleplay_chat,7,3,Moderation,0.02433833420543196
HH_roleplay_chat,7,3,Other,3.2879938674114905e-05
HH_roleplay_chat,7,4,Opening,0.9880052404659105
HH_roleplay_chat,7,4,Empathy,0.0
HH_roleplay_chat,7,4,Clarify,1.2490376246687785e-144
HH_roleplay_chat,7,4,Objectives,7.338620429086834e-264
HH_roleplay_chat,7,4,Motivation,3.6905844109647013e-222
HH_roleplay_chat,7,4,Resources,1.7919917923055985e-212
HH_roleplay_chat,7,4,Help,1.940264558748663e-181
HH_roleplay_chat,7,4,Closing,0.0
HH_roleplay_chat,7,4,Moderation,0.0
HH_roleplay_chat,7,4,Other,0.011994759534089494
HH_roleplay_chat,7,5,Opening,0.03271736591767287
HH_roleplay_chat,7,5,Empathy,1.1662856836253354e-245
HH_roleplay_chat,7,5,Clarify,0.11132150894094234
HH_roleplay_chat,7,5,Objectives,0.011151268189312781
HH_roleplay_chat,7,5,Motivation,0.07011397159687173
HH_roleplay_chat,7,5,Resources,0.005431807109768328
HH_roleplay_chat,7,5,Help,0.18464098455161865
HH_roleplay_chat,7,5,Closing,0.35996296471648537
HH_roleplay_chat,7,5,Moderation,0.06089938095527999
HH_roleplay_chat,7,5,Other,0.16376074802204782
HH_roleplay_chat,7,6,Opening,0.3593321153659229
HH_roleplay_chat,7,6,Empathy,0.0
HH_roleplay_chat,7,6,Clarify,0.5102229920160865
HH_roleplay_chat,7,6,Objectives,0.0
HH_roleplay_chat,7,6,Motivation,0.04818676132082715
HH_roleplay_chat,7,6,Resources,0.008622653290533858
HH_roleplay_chat,7,6,Help,0.011533427574233882
HH_roleplay_chat,7,6,Closing,0.0
HH_roleplay_chat,7,6,Moderation,2.3851617519842805e-33
HH_roleplay_chat,7,6,Other,0.06210205043239591
HH_roleplay_chat,8,0,Opening,6.324991947862907e-35
HH_roleplay_chat,8,0,Empathy,8.42166470464445e-84
HH_roleplay_chat,8,0,Clarify,0.6398279386732125
HH_roleplay_chat,8,0,Objectives,0.007702996758225167
HH_roleplay_chat,8,0,Motivation,0.0031057514092683513
HH_roleplay_chat,8,0,Resources,0.002499746025667369
HH_roleplay_chat,8,0,Help,0.07246145397244294
HH_roleplay_chat,8,0,Closing,2.8707198659303997e-37
HH_roleplay_chat,8,0,Moderation,0.07225220815587943
HH_roleplay_chat,8,0,Other,0.20214990500530433
HH_roleplay_chat,8,1,Opening,0.02801669907149953
HH_roleplay_chat,8,1,Empathy,2.6097625969013163e-239
HH_roleplay_chat,8,1,Clarify,0.5663851195106158
HH_roleplay_chat,8,1,Objectives,0.01966820437998924
HH_roleplay_chat,8,1,Motivation,0.042547882851727704
HH_roleplay_chat,8,1,Resources,1.3738786756343825e-118
HH_roleplay_chat,8,1,Help,0.029598630938046586
HH_roleplay_chat,8,1,Closing,0.02347817218316861
HH_roleplay_chat,8,1,Moderation,0.150020614556917
HH_roleplay_chat,8,1,Other,0.1402846765080356
HH_roleplay_chat,8,2,Opening,0.9112557433921966
HH_roleplay_chat,8,2,Empathy,0.0
HH_roleplay_chat,8,2,Clarify,0.056547518663911216
HH_roleplay_chat,8,2,Objectives,0.0
HH_roleplay_chat,8,2,Motivation,5.2847222751553825e-11
HH_roleplay_chat,8,2,Resources,0.008932519581127072
HH_roleplay_chat,8,2,Help,4.7297491618588175e-15
HH_roleplay_chat,8,2,Closing,0.0
HH_roleplay_chat,8,2,Moderation,0.023264218309913137
HH_roleplay_chat,8,2,Other,2.957380234716659e-23
HH_roleplay_chat,8,3,Opening,0.3419764704401512
HH_roleplay_chat,8,3,Empathy,0.0
HH_roleplay_chat,8,3,Clarify,0.5150370190693899
HH_roleplay_chat,8,3,Objectives,0.0
HH_roleplay_chat,8,3,Motivation,0.04980722105787743
HH_roleplay_chat,8,3,Resources,0.008863505172246168
HH_roleplay_chat,8,3,Help,0.01341310019826375
HH_roleplay_chat,8,3,Closing,0.0
HH_roleplay_chat,8,3,Moderation,6.039718590600818e-96
HH_roleplay_chat,8,3,Other,0.07090268406207152
HH_roleplay_chat,8,4,Opening,0.012547813492592524
HH_roleplay_chat,8,4,Empathy,0.005378219448030609
HH_roleplay_chat,8,4,Clarify,0.38235565336631944
HH_roleplay_chat,8,4,Objectives,0.08767492728199533
HH_roleplay_chat,8,4,Motivation,0.02660536940564796
HH_roleplay_chat,8,4,Resources,0.10129075832086167
HH_roleplay_chat,8,4,Help,0.12348315609617562
HH_roleplay_chat,8,4,Closing,0.016825391500694627
HH_roleplay_chat,8,4,Moderation,0.08156544679137405
HH_roleplay_chat,8,4,Other,0.16227326429630803
HH_roleplay_chat,8,5,Opening,0.03392880761253644
HH_roleplay_chat,8,5,Empathy,0.032938514432410484
HH_roleplay_chat,8,5,Clarify,0.6393822860979373
HH_roleplay_chat,8,5,Objectives,0.0871883661561492
HH_roleplay_chat,8,5,Motivation,0.06932968417364373
HH_roleplay_chat,8,5,Resources,0.02931794108408186
HH_roleplay_chat,8,5,Help,9.719831881226185e-33
HH_roleplay_chat,8,5,Closing,0.009569986222022365
HH_roleplay_chat,8,5,Moderation,1.9972889659326314e-08
HH_roleplay_chat,8,5,Other,0.09834439424832903
HH_roleplay_chat,8,6,Opening,0.9752532338952654
HH_roleplay_chat,8,6,Empathy,0.0
HH_roleplay_chat,8,6,Clarify,3.439483406849011e-49
HH_roleplay_chat,8,6,Objectives,0.0
HH_roleplay_chat,8,6,Motivation,7.927341360489921e-209
HH_roleplay_chat,8,6,Resources,1.2983883024270891e-124
HH_roleplay_chat,8,6,Help,2.1726915624494712e-127
HH_roleplay_chat,8,6,Closing,0.0
HH_roleplay_chat,8,6,Moderation,0.0
HH_roleplay_chat,8,6,Other,0.024746766104734558
HH_roleplay_chat,8,7,Opening,0.032193831411468685
HH_roleplay_chat,8,7,Empathy,0.0
HH_roleplay_chat,8,7,Clarify,0.111970968608563
HH_roleplay_chat,8,7,Objectives,0.010891530630491954
HH_roleplay_chat,8,7,Motivation,0.07363799968392301
HH_roleplay_chat,8,7,Resources,0.0050370155842040035
HH_roleplay_chat,8,7,Help,0.18028172934648715
HH_roleplay_chat,8,7,Closing,0.3657161852100277
HH_roleplay_chat,8,7,Moderation,0.05655610251651853
HH_roleplay_chat,8,7,Other,0.16371463700831598
HH_roleplay_mail,2,0,Opening,0.9931157147178717
HH_roleplay_mail,2,0,Empathy,0.001462088923827979
HH_roleplay_mail,2,0,Clarify,3.5515934619295157e-13
HH_roleplay_mail,2,0,Objectives,3.5108736266126805e-15
HH_roleplay_mail,2,0,Motivation,4.898737068482521e-10
HH_roleplay_mail,2,0,Resources,0.0027544373126141422
HH_roleplay_mail,2,0,Help,2.8663960336234464e-06
HH_roleplay_mail,2,0,Closing,0.002664892159408002
HH_roleplay_mail,2,0,Moderation,1.2123606298211314e-14
HH_roleplay_mail,2,0,Other,2.481543970630243e-22
HH_roleplay_mail,2,1,Opening,0.009039934473589991
HH_roleplay_mail,2,1,Empathy,0.0015828953356967015
HH_roleplay_mail,2,1,Clarify,0.3271639505796326
HH_roleplay_mail,2,1,Objectives,0.011457103327697293
HH_roleplay_mail,2,1,Motivation,0.1489423429373986
HH_roleplay_mail,2,1,Resources,0.012188684892127039
HH_roleplay_mail,2,1,Help,0.21768307503388368
HH_roleplay_mail,2,1,Closing,0.07971727981079968
HH_roleplay_mail,2,1,Moderation,0.04073636738736844
HH_roleplay_mail,2,1,Other,0.15148836622180606
HH_roleplay_mail,3,0,Opening,0.006982392836283159
HH_roleplay_mail,3,0,Empathy,0.001778669437345451
HH_roleplay_mail,3,0,Clarify,0.3641801339704622
HH_roleplay_mail,3,0,Objectives,0.010689302524365068
HH_roleplay_mail,3,0,Motivation,0.17498089056529229
HH_roleplay_mail,3,0,Resources,0.013228925791850164
HH_roleplay_mail,3,0,Help,0.25366506018041424
HH_roleplay_mail,3,0,Closing,0.06579683892744645
HH_roleplay_mail,3,0,Moderation,0.045364695345220314
HH_roleplay_mail,3,0,Other,0.06333309042132056
HH_roleplay_mail,3,1,Opening,0.06736179314498386
HH_roleplay_mail,3,1,Empathy,2.2135633028454717e-186
HH_roleplay_mail,3,1,Clarify,0.1661240911023452
HH_roleplay_mail,3,1,Objectives,0.013963808098396525
HH_roleplay_mail,3,1,Motivation,0.036986116975648436
HH_roleplay_mail,3,1,Resources,0.012253114513458781
HH_roleplay_mail,3,1,Help,0.06573430828724042
HH_roleplay_mail,3,1,Closing,0.13218797936920718
HH_roleplay_mail,3,1,Moderation,0.012904655705748029
HH_roleplay_mail,3,1,Other,0.49248413280297154
HH_roleplay_mail,3,2,Opening,0.9914713090213864
HH_roleplay_mail,3,2,Empathy,0.0017149293464480575
HH_roleplay_mail,3,2,Clarify,2.050139144937112e-25
HH_roleplay_mail,3,2,Objectives,7.461411238808689e-79
HH_roleplay_mail,3,2,Motivation,0.0007494128264922392
HH_roleplay_mail,3,2,Resources,0.0013088234179043554
HH_roleplay_mail,3,2,Help,8.030489069095834e-07
HH_roleplay_mail,3,2,Closing,0.0023341961145677986
HH_roleplay_mail,3,2,Moderation,0.00242051593704815
HH_roleplay_mail,3,2,Other,1.0287246059932498e-08
HH_roleplay_mail,4,0,Opening,0.003391434138090881
HH_roleplay_mail,4,0,Empathy,0.0015492019716226411
HH_roleplay_mail,4,0,Clarify,0.5167810328124286
HH_roleplay_mail,4,0,Objectives,0.01318618808025555
HH_roleplay_mail,4,0,Motivation,0.13045368576176747
HH_roleplay_mail,4,0,Resources,0.019481844725049793
HH_roleplay_mail,4,0,Help,0.22181918845024848
HH_roleplay_mail,4,0,Closing,0.03935932365534711
HH_roleplay_mail,4,0,Moderation,0.05397810040518936
HH_roleplay_mail,4,0,Other,1.8413292790537942e-87
HH_roleplay_mail,4,1,Opening,0.9922300330273307
HH_roleplay_mail,4,1,Empathy,1.0585159031389766e-170
HH_roleplay_mail,4,1,Clarify,0.004418058050418975
HH_roleplay_mail,4,1,Objectives,0.0
HH_roleplay_mail,4,1,Motivation,4.391755994964225e-68
HH_roleplay_mail,4,1,Resources,0.002110545034439487
HH_roleplay_mail,4,1,Help,8.663676417443286e-71
HH_roleplay_mail,4,1,Closing,6.97393100263527e-76
HH_roleplay_mail,4,1,Moderation,0.0012413638878108154
HH_roleplay_mail,4,1,Other,5.051752510069174e-108
HH_roleplay_mail,4,2,Opening,0.06762234348024285
HH_roleplay_mail,4,2,Empathy,0.005491751000692439
HH_roleplay_mail,4,2,Clarify,0.08694614657761193
HH_roleplay_mail,4,2,Objectives,0.008870461040291953
HH_roleplay_mail,4,2,Motivation,0.25046049056968644
HH_roleplay_mail,4,2,Resources,2.2872587009107744e-141
HH_roleplay_mail,4,2,Help,0.2913613135809133
HH_roleplay_mail,4,2,Closing,0.10762349126246464
HH_roleplay_mail,4,2,Moderation,0.03343551163638424
HH_roleplay_mail,4,2,Other,0.1481884908517123
HH_roleplay_mail,4,3,Opening,0.08991842465669303
HH_roleplay_mail,4,3,Empathy,0.0
HH_roleplay_mail,4,3,Clarify,0.0809945602076381
HH_roleplay_mail,4,3,Objectives,0.008652989062467815
HH_roleplay_mail,4,3,Motivation,4.2722628310465695e-70
HH_roleplay_mail,4,3,Resources,0.011571761622859092
HH_roleplay_mail,4,3,Help,0.03484846892870629
HH_roleplay_mail,4,3,Closing,0.15575643060591393
HH_roleplay_mail,4,3,Moderation,2.248444565962953e-171
HH_roleplay_mail,4,3,Other,0.6182573649157219
HH_roleplay_mail,5,0,Opening,6.478901600426142e-09
HH_roleplay_mail,5,0,Empathy,0.003130433732106919
HH_roleplay_mail,5,0,Clarify,0.08066725273898862
HH_roleplay_mail,5,0,Objectives,5.356490529919072e-81
HH_roleplay_mail,5,0,Motivation,0.2816285072641786
HH_roleplay_mail,5,0,Resources,1.392548359549504e-43
HH_roleplay_mail,5,0,Help,0.3241483710619271
HH_roleplay_mail,5,0,Closing,0.133642181707831
HH_roleplay_mail,5,0,Moderation,0.06340350820162802
HH_roleplay_mail,5,0,Other,0.11337973881443818
HH_roleplay_mail,5,1,Opening,0.9787963560224775
HH_roleplay_mail,5,1,Empathy,0.002471981655520305
HH_roleplay_mail,5,1,Clarify,1.1733181280075081e-38
HH_roleplay_mail,5,1,Objectives,2.910457078029788e-288
HH_roleplay_mail,5,1,Motivation,0.006366756425202336
HH_roleplay_mail,5,1,Resources,0.005006921475711754
HH_roleplay_mail,5,1,Help,7.794677645595905e-32
HH_roleplay_mail,5,1,Closing,0.0073579818303709955
HH_roleplay_mail,5,1,Moderation,9.849492867469371e-74
HH_roleplay_mail,5,1,Other,2.5907170871296498e-09
HH_roleplay_mail,5,2,Opening,0.16221334537068333
HH_roleplay_mail,5,2,Empathy,0.0
HH_roleplay_mail,5,2,Clarify,0.07510163144959515
HH_roleplay_mail,5,2,Objectives,3.0699640568246348e-74
HH_roleplay_mail,5,2,Motivation,4.5487389188060135e-104
HH_roleplay_mail,5,2,Resources,0.013484383283400373
HH_roleplay_mail,5,2,Help,0.008903711352035376
HH_roleplay_mail,5,2,Closing,0.06828636015492812
HH_roleplay_mail,5,2,Moderation,2.7491904210039186e-274
HH_roleplay_mail,5,2,Other,0.6720105683893576
HH_roleplay_mail,5,3,Opening,1.0
HH_roleplay_mail,5,3,Empathy,0.0
HH_roleplay_mail,5,3,Clarify,5.34772047715576e-23
HH_roleplay_mail,5,3,Objectives,1.4603776894094084e-122
HH_roleplay_mail,5,3,Motivation,1.1263439466421384e-86
HH_roleplay_mail,5,3,Resources,1.7700257020214553e-211
HH_roleplay_mail,5,3,Help,8.232482122321663e-113
HH_roleplay_mail,5,3,Closing,5.969749863755207e-135
HH_roleplay_mail,5,3,Moderation,2.075464387468856e-236
HH_roleplay_mail,5,3,Other,1.2860322533164329e-70
HH_roleplay_mail,5,4,Opening,0.011558403494556472
HH_roleplay_mail,5,4,Empathy,1.488036111008121e-59
HH_roleplay_mail,5,4,Clarify,0.7670936625550344
HH_roleplay_mail,5,4,Objectives,0.031950062165210874
HH_roleplay_mail,5,4,Motivation,2.7683824813338007e-40
HH_roleplay_mail,5,4,Resources,0.028813522524870346
HH_roleplay_mail,5,4,Help,0.1332292594600577
HH_roleplay_mail,5,4,Closing,1.1874795426601023e-11
HH_roleplay_mail,5,4,Moderation,0.021573878281524617
HH_roleplay_mail,5,4,Other,0.005781211506870631
HH_roleplay_mail,6,0,Opening,0.9938381018113299
HH_roleplay_mail,6,0,Empathy,0.0
HH_roleplay_mail,6,0,Clarify,0.006161898188670139
HH_roleplay_mail,6,0,Objectives,7.588442591583478e-162
HH_roleplay_mail,6,0,Motivation,4.1440901011997523e-190
HH_roleplay_mail,6,0,Resources,0.0
HH_roleplay_mail,6,0,Help,9.315623023761413e-281
HH_roleplay_mail,6,0,Closing,0.0
HH_roleplay_mail,6,0,Moderation,0.0
HH_roleplay_mail,6,0,Other,2.360696623456303e-264
HH_roleplay_mail,6,1,Opening,0.00013454225272580906
HH_roleplay_mail,6,1,Empathy,0.0033501850980571955
HH_roleplay_mail,6,1,Clarify,0.254540151142806
HH_roleplay_mail,6,1,Objectives,0.013633561139576627
HH_roleplay_mail,6,1,Motivation,0.19842584374411953
HH_roleplay_mail,6,1,Resources,0.009880751961270822
HH_roleplay_mail,6,1,Help,0.3512598523051263
HH_roleplay_mail,6,1,Closing,0.10314292150020446
HH_roleplay_mail,6,1,Moderation,0.06563219085611326
HH_roleplay_mail,6,1,Other,2.806504972787515e-36
HH_roleplay_mail,6,2,Opening,1.9081998040307418e-15
HH_roleplay_mail,6,2,Empathy,1.9175069723364274e-10
HH_roleplay_mail,6,2,Clarify,0.06164213769576978
HH_roleplay_mail,6,2,Objectives,0.0
HH_roleplay_mail,6,2,Motivation,0.287709146077862
HH_roleplay_mail,6,2,Resources,6.977022023935203e-130
HH_roleplay_mail,6,2,Help,0.3292077702626625
HH_roleplay_mail,6,2,Closing,0.10469842046174123
HH_roleplay_mail,6,2,Moderation,0.06175642738741071
HH_roleplay_mail,6,2,Other,0.1549860979228013
HH_roleplay_mail,6,3,Opening,0.14638143028468323
HH_roleplay_mail,6,3,Empathy,0.0
HH_roleplay_mail,6,3,Clarify,0.08455339459459611
HH_roleplay_mail,6,3,Objectives,2.2461562831746344e-76
HH_roleplay_mail,6,3,Motivation,1.4062066891545172e-185
HH_roleplay_mail,6,3,Resources,0.012626462090887566
HH_roleplay_mail,6,3,Help,2.388482681829781e-06
HH_roleplay_mail,6,3,Closing,0.0920268542813249
HH_roleplay_mail,6,3,Moderation,5.308294629540349e-278
HH_roleplay_mail,6,3,Other,0.6644094702658264
HH_roleplay_mail,6,4,Opening,0.9906119921810214
HH_roleplay_mail,6,4,Empathy,0.0028078972836235797
HH_roleplay_mail,6,4,Clarify,0.0037389541475474322
HH_roleplay_mail,6,4,Objectives,0.0
HH_roleplay_mail,6,4,Motivation,2.9036113222293174e-35
HH_roleplay_mail,6,4,Resources,0.0028411563769193695
HH_roleplay_mail,6,4,Help,6.524693861755695e-14
HH_roleplay_mail,6,4,Closing,1.0822984122953327e-11
HH_roleplay_mail,6,4,Moderation,4.158319602573821e-60
HH_roleplay_mail,6,4,Other,6.894341962353985e-62
HH_roleplay_mail,6,5,Opening,0.007721501074018185
HH_roleplay_mail,6,5,Empathy,0.0
HH_roleplay_mail,6,5,Clarify,0.9305478326445701
HH_roleplay_mail,6,5,Objectives,0.029544973324437285
HH_roleplay_mail,6,5,Motivation,1.293774122993883e-161
HH_roleplay_mail,6,5,Resources,0.03218569294861258
HH_roleplay_mail,6,5,Help,1.1680744079316553e-17
HH_roleplay_mail,6,5,Closing,1.0937091627449306e-123
HH_roleplay_mail,6,5,Moderation,9.642062236454188e-16
HH_roleplay_mail,6,5,Other,8.360804170232422e-12
HH_roleplay_mail,7,0,Opening,0.005050858638932678
HH_roleplay_mail,7,0,Empathy,0.012939793433230139
HH_roleplay_mail,7,0,Clarify,8.934058033040552e-47
HH_roleplay_mail,7,0,Objectives,4.947048112489375e-304
HH_roleplay_mail,7,0,Motivation,0.47439544898475766
HH_roleplay_mail,7,0,Resources,5.0764960781107814e-219
HH_roleplay_mail,7,0,Help,2.66072229394486e-32
HH_roleplay_mail,7,0,Closing,0.3116185465246251
HH_roleplay_mail,7,0,Moderation,0.13994038753463417
HH_roleplay_mail,7,0,Other,0.056054964883820405
HH_roleplay_mail,7,1,Opening,0.15897166713748342
HH_roleplay_mail,7,1,Empathy,0.0
HH_roleplay_mail,7,1,Clarify,0.06381767067021489
HH_roleplay_mail,7,1,Objectives,1.915359481566053e-47
HH_roleplay_mail,7,1,Motivation,1.295274130623536e-197
HH_roleplay_mail,7,1,Resources,0.0038310943609105503
HH_roleplay_mail,7,1,Help,1.2944880739356933e-79
HH_roleplay_mail,7,1,Closing,0.09195905858558713
HH_roleplay_mail,7,1,Moderation,0.0
HH_roleplay_mail,7,1,Other,0.6814205092458039
HH_roleplay_mail,7,2,Opening,0.010555048298802468
HH_roleplay_mail,7,2,Empathy,9.45272865015946e-71
HH_roleplay_mail,7,2,Clarify,0.3349215625969971
HH_roleplay_mail,7,2,Objectives,0.023542641262496704
HH_roleplay_mail,7,2,Motivation,0.10509463573383772
HH_roleplay_mail,7,2,Resources,0.040760294567577834
HH_roleplay_mail,7,2,Help,0.4528662268060445
HH_roleplay_mail,7,2,Closing,0.00788939227963966
HH_roleplay_mail,7,2,Moderation,0.024370198454604072
HH_roleplay_mail,7,2,Other,9.559279303246148e-97
HH_roleplay_mail,7,3,Opening,1.2879903341121116e-13
HH_roleplay_mail,7,3,Empathy,0.0
HH_roleplay_mail,7,3,Clarify,0.07795994030384586
HH_roleplay_mail,7,3,Objectives,3.2503449031804955e-177
HH_roleplay_mail,7,3,Motivation,0.15319881145501224
HH_roleplay_mail,7,3,Resources,4.1351933103785117e-290
HH_roleplay_mail,7,3,Help,0.5230886956728467
HH_roleplay_mail,7,3,Closing,0.020387714542048654
HH_roleplay_mail,7,3,Moderation,0.02179614112956794
HH_roleplay_mail,7,3,Other,0.20356869689654983
HH_roleplay_mail,7,4,Opening,0.9928071026372874
HH_roleplay_mail,7,4,Empathy,1.1812172320427605e-287
HH_roleplay_mail,7,4,Clarify,0.004222057007330648
HH_roleplay_mail,7,4,Objectives,0.0
HH_roleplay_mail,7,4,Motivation,5.535761325406866e-149
HH_roleplay_mail,7,4,Resources,0.002970840355381878
HH_roleplay_mail,7,4,Help,3.1573517987880313e-18
HH_roleplay_mail,7,4,Closing,1.1720811727183716e-64
HH_roleplay_mail,7,4,Moderation,3.1153465856398877e-274
HH_roleplay_mail,7,4,Other,1.5973332949683704e-173
HH_roleplay_mail,7,5,Opening,1.0
HH_roleplay_mail,7,5,Empathy,0.0
HH_roleplay_mail,7,5,Clarify,3.2663186669207506e-245
HH_roleplay_mail,7,5,Objectives,1.6451708914881964e-213
HH_roleplay_mail,7,5,Motivation,6.535682111378318e-234
HH_roleplay_mail,7,5,Resources,0.0
HH_roleplay_mail,7,5,Help,4.740226e-317
HH_roleplay_mail,7,5,Closing,3.892484785541667e-294
HH_roleplay_mail,7,5,Moderation,0.0
HH_roleplay_mail,7,5,Other,0.0
HH_roleplay_mail,7,6,Opening,1.256827190226871e-14
HH_roleplay_mail,7,6,Empathy,0.0
HH_roleplay_mail,7,6,Clarify,0.9668018826723627
HH_roleplay_mail,7,6,Objectives,0.021310279534236348
HH_roleplay_mail,7,6,Motivation,3.220917941195937e-160
HH_roleplay_mail,7,6,Resources,4.1981824483522246e-130
HH_roleplay_mail,7,6,Help,5.442495327684567e-52
HH_roleplay_mail,7,6,Closing,1.0819202360533226e-88
HH_roleplay_mail,7,6,Moderation,0.011887837793388025
HH_roleplay_mail,7,6,Other,2.874773758142919e-16
HH_roleplay_mail,8,0,Opening,1.0
HH_roleplay_mail,8,0,Empathy,0.0
HH_roleplay_mail,8,0,Clarify,0.0
HH_roleplay_mail,8,0,Objectives,0.0
HH_roleplay_mail,8,0,Motivation,0.0
HH_roleplay_mail,8,0,Resources,0.0
HH_roleplay_mail,8,0,Help,3.174992287378471e-274
HH_roleplay_mail,8,0,Closing,0.0
HH_roleplay_mail,8,0,Moderation,0.0
HH_roleplay_mail,8,0,Other,0.0
HH_roleplay_mail,8,1,Opening,5.539947503021346e-37
HH_roleplay_mail,8,1,Empathy,0.0056890397057603745
HH_roleplay_mail,8,1,Clarify,0.07251742778393917
HH_roleplay_mail,8,1,Objectives,0.0
HH_roleplay_mail,8,1,Motivation,0.2698141235131706
HH_roleplay_mail,8,1,Resources,4.1042983405475506e-145
HH_roleplay_mail,8,1,Help,0.33468753706633764
HH_roleplay_mail,8,1,Closing,0.11605977652543144
HH_roleplay_mail,8,1,Moderation,0.03254866336813164
HH_roleplay_mail,8,1,Other,0.16868343203722913
HH_roleplay_mail,8,2,Opening,0.9915229651653785
HH_roleplay_mail,8,2,Empathy,2.032156688391573e-233
HH_roleplay_mail,8,2,Clarify,0.0033604691085734936
HH_roleplay_mail,8,2,Objectives,0.0
HH_roleplay_mail,8,2,Motivation,6.0504172795564955e-58
HH_roleplay_mail,8,2,Resources,0.0027646609008457434
HH_roleplay_mail,8,2,Help,1.0767304567300041e-46
HH_roleplay_mail,8,2,Closing,2.5690099532396983e-53
HH_roleplay_mail,8,2,Moderation,0.002351904825202351
HH_roleplay_mail,8,2,Other,1.32918798278661e-91
HH_roleplay_mail,8,3,Opening,1.2926656563559482e-123
HH_roleplay_mail,8,3,Empathy,0.0
HH_roleplay_mail,8,3,Clarify,2.96913581821753e-23
HH_roleplay_mail,8,3,Objectives,0.0
HH_roleplay_mail,8,3,Motivation,0.0
HH_roleplay_mail,8,3,Resources,0.0
HH_roleplay_mail,8,3,Help,4.365607774841823e-48
HH_roleplay_mail,8,3,Closing,4.131405044045017e-216
HH_roleplay_mail,8,3,Moderation,0.0
HH_roleplay_mail,8,3,Other,1.0
HH_roleplay_mail,8,4,Opening,9.212492012698673e-127
HH_roleplay_mail,8,4,Empathy,0.0028746265126327526
HH_roleplay_mail,8,4,Clarify,0.3219641385174552
HH_roleplay_mail,8,4,Objectives,1.3539679617840048e-06
HH_roleplay_mail,8,4,Motivation,0.20534608044254962
HH_roleplay_mail,8,4,Resources,0.02127678495901805
HH_roleplay_mail,8,4,Help,0.31329040598715685
HH_roleplay_mail,8,4,Closing,0.05742514533109331
HH_roleplay_mail,8,4,Moderation,0.07782146428213241
HH_roleplay_mail,8,4,Other,2.1691283975507434e-67
HH_roleplay_mail,8,5,Opening,2.144479876943562e-230
HH_roleplay_mail,8,5,Empathy,0.0
HH_roleplay_mail,8,5,Clarify,0.9511457591533984
HH_roleplay_mail,8,5,Objectives,0.04885424077347409
HH_roleplay_mail,8,5,Motivation,0.0
HH_roleplay_mail,8,5,Resources,1.2180741505714167e-24
HH_roleplay_mail,8,5,Help,1.7751457447335782e-120
HH_roleplay_mail,8,5,Closing,6.897713733071782e-238
HH_roleplay_mail,8,5,Moderation,7.312753994123497e-11
HH_roleplay_mail,8,5,Other,1.3158544540569625e-204
HH_roleplay_mail,8,6,Opening,0.090141386508224
HH_roleplay_mail,8,6,Empathy,0.0
HH_roleplay_mail,8,6,Clarify,0.1334324198355911
HH_roleplay_mail,8,6,Objectives,0.028644604006620264
HH_roleplay_mail,8,6,Motivation,1.0495221844165995e-48
HH_roleplay_mail,8,6,Resources,0.00946471918461339
HH_roleplay_mail,8,6,Help,0.0026892931302462783
HH_roleplay_mail,8,6,Closing,0.27326684191248246
HH_roleplay_mail,8,6,Moderation,1.2719209016699058e-119
HH_roleplay_mail,8,6,Other,0.4623607354222225
HH_roleplay_mail,8,7,Opening,0.5422830209477667
HH_roleplay_mail,8,7,Empathy,0.0
HH_roleplay_mail,8,7,Clarify,0.0015917898535969437
HH_roleplay_mail,8,7,Objectives,7.716362261676364e-115
HH_roleplay_mail,8,7,Motivation,0.0
HH_roleplay_mail,8,7,Resources,0.029944328274063754
HH_roleplay_mail,8,7,Help,0.0874681426487122
HH_roleplay_mail,8,7,Closing,4.414512820241875e-208
HH_roleplay_mail,8,7,Moderation,1.4782625607315502e-268
HH_roleplay_mail,8,7,Other,0.33871271827586047
H_LLM_roleplay_chat,2,0,Opening,0.014891469058785405
H_LLM_roleplay_chat,2,0,Empathy,0.006903052476258478
H_LLM_roleplay_chat,2,0,Clarify,0.18442055142404037
H_LLM_roleplay_chat,2,0,Objectives,0.11972256545122452
H_LLM_roleplay_chat,2,0,Motivation,0.09395219697640335
H_LLM_roleplay_chat,2,0,Resources,0.10157198062172094
H_LLM_roleplay_chat,2,0,Help,0.22441812110358297
H_LLM_roleplay_chat,2,0,Closing,0.07889215744268827
H_LLM_roleplay_chat,2,0,Moderation,0.053135942925036796
H_LLM_roleplay_chat,2,0,Other,0.12209196252025897
H_LLM_roleplay_chat,2,1,Opening,0.14655159512403204
H_LLM_roleplay_chat,2,1,Empathy,0.027039781976473585
H_LLM_roleplay_chat,2,1,Clarify,0.5644566053297401
H_LLM_roleplay_chat,2,1,Objectives,0.05888166092866536
H_LLM_roleplay_chat,2,1,Motivation,0.05688446721123381
H_LLM_roleplay_chat,2,1,Resources,0.017961611284823504
H_LLM_roleplay_chat,2,1,Help,0.02872560809914334
H_LLM_roleplay_chat,2,1,Closing,0.002171592466445206
H_LLM_roleplay_chat,2,1,Moderation,0.026500821413426058
H_LLM_roleplay_chat,2,1,Other,0.07082625616601697
H_LLM_roleplay_chat,3,0,Opening,0.5449551015766898
H_LLM_roleplay_chat,3,0,Empathy,0.02965199872287487
H_LLM_roleplay_chat,3,0,Clarify,0.29667590723162524
H_LLM_roleplay_chat,3,0,Objectives,0.03689207400052697
H_LLM_roleplay_chat,3,0,Motivation,0.014329655093901458
H_LLM_roleplay_chat,3,0,Resources,0.006930022063984716
H_LLM_roleplay_chat,3,0,Help,0.027092950384019918
H_LLM_roleplay_chat,3,0,Closing,0.005454207093124961
H_LLM_roleplay_chat,3,0,Moderation,0.02068974274172397
H_LLM_roleplay_chat,3,0,Other,0.01732834109152814
H_LLM_roleplay_chat,3,1,Opening,0.021152591439809625
H_LLM_roleplay_chat,3,1,Empathy,0.005393090096155396
H_LLM_roleplay_chat,3,1,Clarify,0.125914440757538
H_LLM_roleplay_chat,3,1,Objectives,0.10733871656028322
H_LLM_roleplay_chat,3,1,Motivation,0.08316605228778053
H_LLM_roleplay_chat,3,1,Resources,0.10224122972367368
H_LLM_roleplay_chat,3,1,Help,0.27128241228659106
H_LLM_roleplay_chat,3,1,Closing,0.10172330602818812
H_LLM_roleplay_chat,3,1,Moderation,0.05848149870916455
H_LLM_roleplay_chat,3,1,Other,0.12330666211081599
H_LLM_roleplay_chat,3,2,Opening,0.01892660181813673
H_LLM_roleplay_chat,3,2,Empathy,0.022843732856361598
H_LLM_roleplay_chat,3,2,Clarify,0.581493154298178
H_LLM_roleplay_chat,3,2,Objectives,0.08799092893659609
H_LLM_roleplay_chat,3,2,Motivation,0.08384319165430376
H_LLM_roleplay_chat,3,2,Resources,0.03978636245434584
H_LLM_roleplay_chat,3,2,Help,0.03898621498445883
H_LLM_roleplay_chat,3,2,Closing,0.0018222722718537244
H_LLM_roleplay_chat,3,2,Moderation,0.029985864723718995
H_LLM_roleplay_chat,3,2,Other,0.09432167600204631
H_LLM_roleplay_chat,4,0,Opening,0.03013803419636076
H_LLM_roleplay_chat,4,0,Empathy,0.004347493298841659
H_LLM_roleplay_chat,4,0,Clarify,0.08125473208712454
H_LLM_roleplay_chat,4,0,Objectives,0.02535927647658912
H_LLM_roleplay_chat,4,0,Motivation,0.06788271292316639
H_LLM_roleplay_chat,4,0,Resources,0.013521131755967522
H_LLM_roleplay_chat,4,0,Help,0.3907118248585618
H_LLM_roleplay_chat,4,0,Closing,0.21297302343319485
H_LLM_roleplay_chat,4,0,Moderation,0.04871636062424514
H_LLM_roleplay_chat,4,0,Other,0.12509541034594812
H_LLM_roleplay_chat,4,1,Opening,0.5458743736540808
H_LLM_roleplay_chat,4,1,Empathy,0.028023298107830635
H_LLM_roleplay_chat,4,1,Clarify,0.2842404498387849
H_LLM_roleplay_chat,4,1,Objectives,0.04103601017018783
H_LLM_roleplay_chat,4,1,Motivation,0.014711595645373709
H_LLM_roleplay_chat,4,1,Resources,0.00912991930109984
H_LLM_roleplay_chat,4,1,Help,0.03072560026821925
H_LLM_roleplay_chat,4,1,Closing,0.0057426015024917764
H_LLM_roleplay_chat,4,1,Moderation,0.02206421391259177
H_LLM_roleplay_chat,4,1,Other,0.018451937599339736
H_LLM_roleplay_chat,4,2,Opening,0.022405635912560434
H_LLM_roleplay_chat,4,2,Empathy,0.0277112702248013
H_LLM_roleplay_chat,4,2,Clarify,0.659666229936597
H_LLM_roleplay_chat,4,2,Objectives,0.05106459124524306
H_LLM_roleplay_chat,4,2,Motivation,0.07203876887304116
H_LLM_roleplay_chat,4,2,Resources,0.014561366611540855
H_LLM_roleplay_chat,4,2,Help,0.033252220839275044
H_LLM_roleplay_chat,4,2,Closing,0.003007716434684243
H_LLM_roleplay_chat,4,2,Moderation,0.026036844484739287
H_LLM_roleplay_chat,4,2,Other,0.09025535543751766
H_LLM_roleplay_chat,4,3,Opening,0.012646104210649298
H_LLM_roleplay_chat,4,3,Empathy,0.007358822982261503
H_LLM_roleplay_chat,4,3,Clarify,0.2284587625909755
H_LLM_roleplay_chat,4,3,Objectives,0.17905672233969708
H_LLM_roleplay_chat,4,3,Motivation,0.10348687822126544
H_LLM_roleplay_chat,4,3,Resources,0.14971990560542378
H_LLM_roleplay_chat,4,3,Help,0.13554894522771832
H_LLM_roleplay_chat,4,3,Closing,0.010780764004969037
H_LLM_roleplay_chat,4,3,Moderation,0.056887462117027124
H_LLM_roleplay_chat,4,3,Other,0.11605563270001293
H_LLM_roleplay_chat,5,0,Opening,0.027647564034523474
H_LLM_roleplay_chat,5,0,Empathy,0.004245234289522687
H_LLM_roleplay_chat,5,0,Clarify,0.08020879361510029
H_LLM_roleplay_chat,5,0,Objectives,0.024908561623616696
H_LLM_roleplay_chat,5,0,Motivation,0.06814918656469275
H_LLM_roleplay_chat,5,0,Resources,0.011641118189385073
H_LLM_roleplay_chat,5,0,Help,0.39272297641437154
H_LLM_roleplay_chat,5,0,Closing,0.21597090409025005
H_LLM_roleplay_chat,5,0,Moderation,0.048680491352249944
H_LLM_roleplay_chat,5,0,Other,0.1258251698262875
H_LLM_roleplay_chat,5,1,Opening,0.012604952103943573
H_LLM_roleplay_chat,5,1,Empathy,0.0075088637773109
H_LLM_roleplay_chat,5,1,Clarify,0.22857812925444973
H_LLM_roleplay_chat,5,1,Objectives,0.17744377105357015
H_LLM_roleplay_chat,5,1,Motivation,0.10327061825001989
H_LLM_roleplay_chat,5,1,Resources,0.14857101230677905
H_LLM_roleplay_chat,5,1,Help,0.13829030122407476
H_LLM_roleplay_chat,5,1,Closing,0.011009521323388848
H_LLM_roleplay_chat,5,1,Moderation,0.05687504144029428
H_LLM_roleplay_chat,5,1,Other,0.11584778926616868
H_LLM_roleplay_chat,5,2,Opening,0.9859404500877128
H_LLM_roleplay_chat,5,2,Empathy,2.6105062587019558e-71
H_LLM_roleplay_chat,5,2,Clarify,4.471599448147599e-07
H_LLM_roleplay_chat,5,2,Objectives,0.0027465379409817472
H_LLM_roleplay_chat,5,2,Motivation,3.855470509674243e-76
H_LLM_roleplay_chat,5,2,Resources,3.449582288737551e-28
H_LLM_roleplay_chat,5,2,Help,9.21921348130136e-59
H_LLM_roleplay_chat,5,2,Closing,1.9051789302829877e-62
H_LLM_roleplay_chat,5,2,Moderation,5.560655542556378e-35
H_LLM_roleplay_chat,5,2,Other,0.011312564811360748
H_LLM_roleplay_chat,5,3,Opening,0.01906200305741842
H_LLM_roleplay_chat,5,3,Empathy,0.02782699992247417
H_LLM_roleplay_chat,5,3,Clarify,0.6677645424923944
H_LLM_roleplay_chat,5,3,Objectives,0.05163134478007627
H_LLM_roleplay_chat,5,3,Motivation,0.07145595288344242
H_LLM_roleplay_chat,5,3,Resources,0.014331718845393197
H_LLM_roleplay_chat,5,3,Help,0.028081643919562284
H_LLM_roleplay_chat,5,3,Closing,0.0027903034084285883
H_LLM_roleplay_chat,5,3,Moderation,0.02521389513217768
H_LLM_roleplay_chat,5,3,Other,0.09184159555863257
H_LLM_roleplay_chat,5,4,Opening,0.2080321159429567
H_LLM_roleplay_chat,5,4,Empathy,0.04408607382656401
H_LLM_roleplay_chat,5,4,Clarify,0.48477224148407466
H_LLM_roleplay_chat,5,4,Objectives,0.06398554107571303
H_LLM_roleplay_chat,5,4,Motivation,0.03496207014110489
H_LLM_roleplay_chat,5,4,Resources,0.01873804012540187
H_LLM_roleplay_chat,5,4,Help,0.06719681400930569
H_LLM_roleplay_chat,5,4,Closing,0.011063680168117426
H_LLM_roleplay_chat,5,4,Moderation,0.039463134322788314
H_LLM_roleplay_chat,5,4,Other,0.02770028890397334
H_LLM_roleplay_chat,6,0,Opening,0.013145492099945257
H_LLM_roleplay_chat,6,0,Empathy,0.0071409118049073645
H_LLM_roleplay_chat,6,0,Clarify,0.23170034616059457
H_LLM_roleplay_chat,6,0,Objectives,0.17930761274977164
H_LLM_roleplay_chat,6,0,Motivation,0.10366420453939082
H_LLM_roleplay_chat,6,0,Resources,0.14776229799677304
H_LLM_roleplay_chat,6,0,Help,0.1338221357798827
H_LLM_roleplay_chat,6,0,Closing,0.01069414276228567
H_LLM_roleplay_chat,6,0,Moderation,0.05699027375273771
H_LLM_roleplay_chat,6,0,Other,0.11577258235371136
H_LLM_roleplay_chat,6,1,Opening,0.005580083882154916
H_LLM_roleplay_chat,6,1,Empathy,0.07457416645747804
H_LLM_roleplay_chat,6,1,Clarify,0.7596268553941045
H_LLM_roleplay_chat,6,1,Objectives,0.10063709755455869
H_LLM_roleplay_chat,6,1,Motivation,0.002763303062165906
H_LLM_roleplay_chat,6,1,Resources,0.015774308582504584
H_LLM_roleplay_chat,6,1,Help,0.005662934034259008
H_LLM_roleplay_chat,6,1,Closing,6.429976389714686e-129
H_LLM_roleplay_chat,6,1,Moderation,5.873115866173095e-117
H_LLM_roleplay_chat,6,1,Other,0.03538125103277443
H_LLM_roleplay_chat,6,2,Opening,0.9973193100657808
H_LLM_roleplay_chat,6,2,Empathy,0.0
H_LLM_roleplay_chat,6,2,Clarify,4.131910722183206e-30
H_LLM_roleplay_chat,6,2,Objectives,6.952610545233373e-210
H_LLM_roleplay_chat,6,2,Motivation,0.0
H_LLM_roleplay_chat,6,2,Resources,2.4797697637072596e-275
H_LLM_roleplay_chat,6,2,Help,9.653592011847913e-285
H_LLM_roleplay_chat,6,2,Closing,0.0
H_LLM_roleplay_chat,6,2,Moderation,0.0
H_LLM_roleplay_chat,6,2,Other,0.002680689934219238
H_LLM_roleplay_chat,6,3,Opening,0.03014240285027524
H_LLM_roleplay_chat,6,3,Empathy,0.004503024392635041
H_LLM_roleplay_chat,6,3,Clarify,0.08033225972908023
H_LLM_roleplay_chat,6,3,Objectives,0.025540401797094003
H_LLM_roleplay_chat,6,3,Motivation,0.0678973223641203
H_LLM_roleplay_chat,6,3,Resources,0.014405506915009234
H_LLM_roleplay_chat,6,3,Help,0.39093676748417405
H_LLM_roleplay_chat,6,3,Closing,0.21252867491002855
H_LLM_roleplay_chat,6,3,Moderation,0.048553562424403784
H_LLM_roleplay_chat,6,3,Other,0.1251600771331794
H_LLM_roleplay_chat,6,4,Opening,0.7797990315315252
H_LLM_roleplay_chat,6,4,Empathy,0.002484260700642935
H_LLM_roleplay_chat,6,4,Clarify,0.040841168915290244
H_LLM_roleplay_chat,6,4,Objectives,0.02122918888788961
H_LLM_roleplay_chat,6,4,Motivation,0.026334599790016445
H_LLM_roleplay_chat,6,4,Resources,0.00606916597049546
H_LLM_roleplay_chat,6,4,Help,0.05534406259451824
H_LLM_roleplay_chat,6,4,Closing,0.010646753216918877
H_LLM_roleplay_chat,6,4,Moderation,0.048438437720184246
H_LLM_roleplay_chat,6,4,Other,0.008813330672518719
H_LLM_roleplay_chat,6,5,Opening,0.023149330009355294
H_LLM_roleplay_chat,6,5,Empathy,0.029309259853162937
H_LLM_roleplay_chat,6,5,Clarify,0.6629772645456129
H_LLM_roleplay_chat,6,5,Objectives,0.04912338999607071
H_LLM_roleplay_chat,6,5,Motivation,0.07028553640313287
H_LLM_roleplay_chat,6,5,Resources,0.014627935810107793
H_LLM_roleplay_chat,6,5,Help,0.033377034496587486
H_LLM_roleplay_chat,6,5,Closing,0.0030422303854210795
H_LLM_roleplay_chat,6,5,Moderation,0.025061442301603093
H_LLM_roleplay_chat,6,5,Other,0.08904657619894583
H_LLM_roleplay_chat,7,0,Opening,0.03031655509192682
H_LLM_roleplay_chat,7,0,Empathy,0.00336284263743251
H_LLM_roleplay_chat,7,0,Clarify,0.07789574005303451
H_LLM_roleplay_chat,7,0,Objectives,0.027232333431671762
H_LLM_roleplay_chat,7,0,Motivation,0.06616346913776673
H_LLM_roleplay_chat,7,0,Resources,0.01242934291465444
H_LLM_roleplay_chat,7,0,Help,0.3925899069041647
H_LLM_roleplay_chat,7,0,Closing,0.2161443483314834
H_LLM_roleplay_chat,7,0,Moderation,0.04948877113617914
H_LLM_roleplay_chat,7,0,Other,0.12437669036168603
H_LLM_roleplay_chat,7,1,Opening,0.020446673962331227
H_LLM_roleplay_chat,7,1,Empathy,3.860956466704441e-17
H_LLM_roleplay_chat,7,1,Clarify,0.20514059804230592
H_LLM_roleplay_chat,7,1,Objectives,0.27671298731787475
H_LLM_roleplay_chat,7,1,Motivation,0.068565998554854
H_LLM_roleplay_chat,7,1,Resources,0.09680690044080789
H_LLM_roleplay_chat,7,1,Help,0.10314140226055776
H_LLM_roleplay_chat,7,1,Closing,0.01500227799687179
H_LLM_roleplay_chat,7,1,Moderation,0.10225967372895917
H_LLM_roleplay_chat,7,1,Other,0.11192348769543743
H_LLM_roleplay_chat,7,2,Opening,0.006156152701713922
H_LLM_roleplay_chat,7,2,Empathy,0.016392539529615037
H_LLM_roleplay_chat,7,2,Clarify,0.2594077560166593
H_LLM_roleplay_chat,7,2,Objectives,0.07697135498357377
H_LLM_roleplay_chat,7,2,Motivation,0.13888069118382007
H_LLM_roleplay_chat,7,2,Resources,0.19470506701643212
H_LLM_roleplay_chat,7,2,Help,0.16692040653176202
H_LLM_roleplay_chat,7,2,Closing,0.00792137035487318
H_LLM_roleplay_chat,7,2,Moderation,0.012467239343279542
H_LLM_roleplay_chat,7,2,Other,0.12017742233827104
H_LLM_roleplay_chat,7,3,Opening,0.780377771792745
H_LLM_roleplay_chat,7,3,Empathy,0.002874932280784229
H_LLM_roleplay_chat,7,3,Clarify,0.040069354120931884
H_LLM_roleplay_chat,7,3,Objectives,0.02118336800814736
H_LLM_roleplay_chat,7,3,Motivation,0.02622604321010323
H_LLM_roleplay_chat,7,3,Resources,0.004722699831509117
H_LLM_roleplay_chat,7,3,Help,0.05680411363432259
H_LLM_roleplay_chat,7,3,Closing,0.010442690115468943
H_LLM_roleplay_chat,7,3,Moderation,0.048816072389891364
H_LLM_roleplay_chat,7,3,Other,0.008482954616096376
H_LLM_roleplay_chat,7,4,Opening,0.9973080399857533
H_LLM_roleplay_chat,7,4,Empathy,0.0
H_LLM_roleplay_chat,7,4,Clarify,2.2805438642174674e-28
H_LLM_roleplay_chat,7,4,Objectives,0.0
H_LLM_roleplay_chat,7,4,Motivation,0.0
H_LLM_roleplay_chat,7,4,Resources,4.349556521911633e-304
H_LLM_roleplay_chat,7,4,Help,0.0
H_LLM_roleplay_chat,7,4,Closing,0.0
H_LLM_roleplay_chat,7,4,Moderation,0.0
H_LLM_roleplay_chat,7,4,Other,0.0026919600142467047
H_LLM_roleplay_chat,7,5,Opening,0.023189829368871154
H_LLM_roleplay_chat,7,5,Empathy,0.029434229412003184
H_LLM_roleplay_chat,7,5,Clarify,0.6722456703116245
H_LLM_roleplay_chat,7,5,Objectives,0.043465440708134975
H_LLM_roleplay_chat,7,5,Motivation,0.0707016168191424
H_LLM_roleplay_chat,7,5,Resources,0.014189961243901242
H_LLM_roleplay_chat,7,5,Help,0.03285918994006572
H_LLM_roleplay_chat,7,5,Closing,0.0028711752399706338
H_LLM_roleplay_chat,7,5,Moderation,0.022283170512729412
H_LLM_roleplay_chat,7,5,Other,0.08875971644355682
H_LLM_roleplay_chat,7,6,Opening,0.005573056332023498
H_LLM_roleplay_chat,7,6,Empathy,0.07434990519851327
H_LLM_roleplay_chat,7,6,Clarify,0.7597398153807501
H_LLM_roleplay_chat,7,6,Objectives,0.100338523772333
H_LLM_roleplay_chat,7,6,Motivation,0.0027624170576348774
H_LLM_roleplay_chat,7,6,Resources,0.016383930248839662
H_LLM_roleplay_chat,7,6,Help,0.005634421733885506
H_LLM_roleplay_chat,7,6,Closing,5.706015306942407e-157
H_LLM_roleplay_chat,7,6,Moderation,3.6903486614985356e-145
H_LLM_roleplay_chat,7,6,Other,0.03521793027602002
H_LLM_roleplay_chat,8,0,Opening,0.00513710747398998
H_LLM_roleplay_chat,8,0,Empathy,0.08628788206196937
H_LLM_roleplay_chat,8,0,Clarify,0.7448119517772129
H_LLM_roleplay_chat,8,0,Objectives,0.10962486141865216
H_LLM_roleplay_chat,8,0,Motivation,0.0018188429746901153
H_LLM_roleplay_chat,8,0,Resources,0.01658169572612245
H_LLM_roleplay_chat,8,0,Help,0.005801170550698483
H_LLM_roleplay_chat,8,0,Closing,0.0
H_LLM_roleplay_chat,8,0,Moderation,0.0
H_LLM_roleplay_chat,8,0,Other,0.02993648801666454
H_LLM_roleplay_chat,8,1,Opening,0.009057588015223099
H_LLM_roleplay_chat,8,1,Empathy,0.030362352027166594
H_LLM_roleplay_chat,8,1,Clarify,0.6882321362107529
H_LLM_roleplay_chat,8,1,Objectives,0.0521993477922472
H_LLM_roleplay_chat,8,1,Motivation,0.07055802064521166
H_LLM_roleplay_chat,8,1,Resources,0.01250850950737617
H_LLM_roleplay_chat,8,1,Help,0.022678158922153968
H_LLM_roleplay_chat,8,1,Closing,0.0016969931605635574
H_LLM_roleplay_chat,8,1,Moderation,0.019206906289838625
H_LLM_roleplay_chat,8,1,Other,0.09349998742946634
H_LLM_roleplay_chat,8,2,Opening,0.25523984133851224
H_LLM_roleplay_chat,8,2,Empathy,0.01480027348066329
H_LLM_roleplay_chat,8,2,Clarify,0.3876596304066507
H_LLM_roleplay_chat,8,2,Objectives,0.030701683022205956
H_LLM_roleplay_chat,8,2,Motivation,0.058137587859347216
H_LLM_roleplay_chat,8,2,Resources,0.02245902530582703
H_LLM_roleplay_chat,8,2,Help,0.10178636578158909
H_LLM_roleplay_chat,8,2,Closing,0.017286706858552225
H_LLM_roleplay_chat,8,2,Moderation,0.06586448442945574
H_LLM_roleplay_chat,8,2,Other,0.046064401517196596
H_LLM_roleplay_chat,8,3,Opening,0.012054832742580854
H_LLM_roleplay_chat,8,3,Empathy,0.006929154593489772
H_LLM_roleplay_chat,8,3,Clarify,0.23230493653439208
H_LLM_roleplay_chat,8,3,Objectives,0.17904076833722402
H_LLM_roleplay_chat,8,3,Motivation,0.10528999660229758
H_LLM_roleplay_chat,8,3,Resources,0.14821692746020748
H_LLM_roleplay_chat,8,3,Help,0.13107388687425736
H_LLM_roleplay_chat,8,3,Closing,0.011816098168235466
H_LLM_roleplay_chat,8,3,Moderation,0.05804169140226041
H_LLM_roleplay_chat,8,3,Other,0.11523170728505494
H_LLM_roleplay_chat,8,4,Opening,0.9972873183333649
H_LLM_roleplay_chat,8,4,Empathy,0.0
H_LLM_roleplay_chat,8,4,Clarify,0.0
H_LLM_roleplay_chat,8,4,Objectives,0.0
H_LLM_roleplay_chat,8,4,Motivation,0.0
H_LLM_roleplay_chat,8,4,Resources,0.0
H_LLM_roleplay_chat,8,4,Help,0.0
H_LLM_roleplay_chat,8,4,Closing,0.0
H_LLM_roleplay_chat,8,4,Moderation,0.0
H_LLM_roleplay_chat,8,4,Other,0.0027126816666350867
H_LLM_roleplay_chat,8,5,Opening,0.03580540452763642
H_LLM_roleplay_chat,8,5,Empathy,0.0004010060671894601
H_LLM_roleplay_chat,8,5,Clarify,0.10549041948089598
H_LLM_roleplay_chat,8,5,Objectives,0.032978851895999334
H_LLM_roleplay_chat,8,5,Motivation,0.11966828075175064
H_LLM_roleplay_chat,8,5,Resources,0.0056815778837380326
H_LLM_roleplay_chat,8,5,Help,0.20977344814339938
H_LLM_roleplay_chat,8,5,Closing,0.30042531352183216
H_LLM_roleplay_chat,8,5,Moderation,0.06102146029049846
H_LLM_roleplay_chat,8,5,Other,0.12875423743706008
H_LLM_roleplay_chat,8,6,Opening,0.9417027092410251
H_LLM_roleplay_chat,8,6,Empathy,0.0017291319521715474
H_LLM_roleplay_chat,8,6,Clarify,4.686629450245059e-12
H_LLM_roleplay_chat,8,6,Objectives,0.020643485221797882
H_LLM_roleplay_chat,8,6,Motivation,0.009127754518421865
H_LLM_roleplay_chat,8,6,Resources,6.875704159633824e-128
H_LLM_roleplay_chat,8,6,Help,8.718840305856226e-137
H_LLM_roleplay_chat,8,6,Closing,6.721792143433271e-161
H_LLM_roleplay_chat,8,6,Moderation,0.02033988747397474
H_LLM_roleplay_chat,8,6,Other,0.006457031587922117
H_LLM_roleplay_chat,8,7,Opening,0.017157154572777875
H_LLM_roleplay_chat,8,7,Empathy,0.01010182055481867
H_LLM_roleplay_chat,8,7,Clarify,0.0450322389281102
H_LLM_roleplay_chat,8,7,Objectives,0.014336800987482088
H_LLM_roleplay_chat,8,7,Motivation,0.007108046424745253
H_LLM_roleplay_chat,8,7,Resources,0.021081736181697234
H_LLM_roleplay_chat,8,7,Help,0.6069612410947592
H_LLM_roleplay_chat,8,7,Closing,0.12222004708126455
H_LLM_roleplay_chat,8,7,Moderation,0.030124045955604747
H_LLM_roleplay_chat,8,7,Other,0.12587686821874025
