condition,speaker_type,decile,label,count,total,proportion
HH_CAIA_mail,Client,0,CL-E-*-*-ECP-*,1,74,0.013513513513513514
HH_CAIA_mail,Client,0,CL-FB-*-*-*-*,39,74,0.527027027027027
HH_CAIA_mail,Client,0,CL-IF-ACP-*-Cons-*,2,74,0.02702702702702703
HH_CAIA_mail,Client,0,CL-IF-ACP-*-FPA-*,1,74,0.013513513513513514
HH_CAIA_mail,Client,0,CL-IF-ACP-*-PD-*,8,74,0.10810810810810811
HH_CAIA_mail,Client,0,CL-IF-ACP-*-PS-*,11,74,0.14864864864864866
HH_CAIA_mail,Client,0,CL-O-*-*-O-*,10,74,0.13513513513513514
HH_CAIA_mail,Client,0,CO-FC-*-*-F-*,2,74,0.02702702702702703
HH_CAIA_mail,Client,1,CL-E-*-*-ECP-*,1,66,0.015151515151515152
HH_CAIA_mail,Client,1,CL-FB-*-*-*-*,19,66,0.2878787878787879
HH_CAIA_mail,Client,1,CL-IF-ACP-*-Cons-*,2,66,0.030303030303030304
HH_CAIA_mail,Client,1,CL-IF-ACP-*-PD-*,10,66,0.15151515151515152
HH_CAIA_mail,Client,1,CL-IF-ACP-*-PS-*,7,66,0.10606060606060606
HH_CAIA_mail,Client,1,CL-IF-ACP-*-Rej-*,1,66,0.015151515151515152
HH_CAIA_mail,Client,1,CL-IF-ACP-*-Req-*,2,66,0.030303030303030304
HH_CAIA_mail,Client,1,CL-IF-AO-*-Ext-*,1,66,0.015151515151515152
HH_CAIA_mail,Client,1,CL-IF-AO-*-Obj-*,1,66,0.015151515151515152
HH_CAIA_mail,Client,1,CL-IF-HP-*-PosF-*,3,66,0.045454545454545456
HH_CAIA_mail,Client,1,CL-IF-Mot-*-RC-*,1,66,0.015151515151515152
HH_CAIA_mail,Client,1,CL-O-*-*-O-*,16,66,0.24242424242424243
HH_CAIA_mail,Client,1,CL-O-*-*-UCO-*,2,66,0.030303030303030304
HH_CAIA_mail,Client,2,CL-E-*-*-PT-*,1,51,0.0196078431372549
HH_CAIA_mail,Client,2,CL-FB-*-*-*-*,17,51,0.3333333333333333
HH_CAIA_mail,Client,2,CL-IF-ACP-*-Cons-*,1,51,0.0196078431372549
HH_CAIA_mail,Client,2,CL-IF-ACP-*-FPA-*,1,51,0.0196078431372549
HH_CAIA_mail,Client,2,CL-IF-ACP-*-PD-*,7,51,0.13725490196078433
HH_CAIA_mail,Client,2,CL-IF-ACP-*-PS-*,3,51,0.058823529411764705
HH_CAIA_mail,Client,2,CL-IF-ACP-*-Req-*,3,51,0.058823529411764705
HH_CAIA_mail,Client,2,CL-IF-AO-*-Ext-*,1,51,0.0196078431372549
HH_CAIA_mail,Client,2,CL-IF-HP-*-NegFR-*,1,51,0.0196078431372549
HH_CAIA_mail,Client,2,CL-IF-HP-*-PosF-*,4,51,0.0784313725490196
HH_CAIA_mail,Client,2,CL-IF-Mot-*-RC-*,2,51,0.0392156862745098
HH_CAIA_mail,Client,2,CL-IF-RA-*-RP-*,1,51,0.0196078431372549
HH_CAIA_mail,Client,2,CL-O-*-*-O-*,9,51,0.17647058823529413
HH_CAIA_mail,Client,3,CL-E-*-*-ECP-*,1,50,0.02
HH_CAIA_mail,Client,3,CL-E-*-*-PT-*,2,50,0.04
HH_CAIA_mail,Client,3,CL-FB-*-*-*-*,17,50,0.34
HH_CAIA_mail,Client,3,CL-IF-ACP-*-FPA-*,3,50,0.06
HH_CAIA_mail,Client,3,CL-IF-ACP-*-PD-*,7,50,0.14
HH_CAIA_mail,Client,3,CL-IF-ACP-*-PS-*,3,50,0.06
HH_CAIA_mail,Client,3,CL-IF-ACP-*-Req-*,2,50,0.04
HH_CAIA_mail,Client,3,CL-IF-AO-*-Obj-*,1,50,0.02
HH_CAIA_mail,Client,3,CL-IF-HP-*-PosF-*,4,50,0.08
HH_CAIA_mail,Client,3,CL-IF-HP-*-PosFR-*,1,50,0.02
HH_CAIA_mail,Client,3,CL-IF-RA-*-RF-*,1,50,0.02
HH_CAIA_mail,Client,3,CL-IF-RA-*-RP-*,1,50,0.02
HH_CAIA_mail,Client,3,CL-O-*-*-O-*,6,50,0.12
HH_CAIA_mail,Client,3,CL-O-*-*-UCO-*,1,50,0.02
HH_CAIA_mail,Client,4,CL-E-*-*-PT-*,1,42,0.023809523809523808
HH_CAIA_mail,Client,4,CL-FB-*-*-*-*,9,42,0.21428571428571427
HH_CAIA_mail,Client,4,CL-IF-ACP-*-OE-*,1,42,0.023809523809523808
HH_CAIA_mail,Client,4,CL-IF-ACP-*-PD-*,7,42,0.16666666666666666
HH_CAIA_mail,Client,4,CL-IF-ACP-*-PS-*,3,42,0.07142857142857142
HH_CAIA_mail,Client,4,CL-IF-ACP-*-Req-*,1,42,0.023809523809523808
HH_CAIA_mail,Client,4,CL-IF-AO-*-Ext-*,1,42,0.023809523809523808
HH_CAIA_mail,Client,4,CL-IF-HP-*-NegFR-*,1,42,0.023809523809523808
HH_CAIA_mail,Client,4,CL-IF-HP-*-PosF-*,9,42,0.21428571428571427
HH_CAIA_mail,Client,4,CL-IF-HP-*-RepRA-*,1,42,0.023809523809523808
HH_CAIA_mail,Client,4,CL-IF-Mot-*-RC-*,2,42,0.047619047619047616
HH_CAIA_mail,Client,4,CL-O-*-*-O-*,6,42,0.14285714285714285
HH_CAIA_mail,Client,5,CL-FB-*-*-*-*,17,45,0.37777777777777777
HH_CAIA_mail,Client,5,CL-IF-ACP-*-FPA-*,3,45,0.06666666666666667
HH_CAIA_mail,Client,5,CL-IF-ACP-*-PD-*,7,45,0.15555555555555556
HH_CAIA_mail,Client,5,CL-IF-ACP-*-PS-*,2,45,0.044444444444444446
HH_CAIA_mail,Client,5,CL-IF-AO-*-Ext-*,4,45,0.08888888888888889
HH_CAIA_mail,Client,5,CL-IF-HP-*-NegFR-*,2,45,0.044444444444444446
HH_CAIA_mail,Client,5,CL-IF-HP-*-PosF-*,4,45,0.08888888888888889
HH_CAIA_mail,Client,5,CL-IF-HP-*-RepRA-*,1,45,0.022222222222222223
HH_CAIA_mail,Client,5,CL-IF-Mot-*-RC-*,1,45,0.022222222222222223
HH_CAIA_mail,Client,5,CL-O-*-*-O-*,4,45,0.08888888888888889
HH_CAIA_mail,Client,6,CL-FB-*-*-*-*,9,34,0.2647058823529412
HH_CAIA_mail,Client,6,CL-IF-ACP-*-Cons-*,1,34,0.029411764705882353
HH_CAIA_mail,Client,6,CL-IF-ACP-*-FPA-*,1,34,0.029411764705882353
HH_CAIA_mail,Client,6,CL-IF-ACP-*-PD-*,3,34,0.08823529411764706
HH_CAIA_mail,Client,6,CL-IF-ACP-*-PS-*,4,34,0.11764705882352941
HH_CAIA_mail,Client,6,CL-IF-AO-*-Ext-*,2,34,0.058823529411764705
HH_CAIA_mail,Client,6,CL-IF-HP-*-PosF-*,5,34,0.14705882352941177
HH_CAIA_mail,Client,6,CL-IF-HP-*-PosFR-*,1,34,0.029411764705882353
HH_CAIA_mail,Client,6,CL-IF-HP-*-RepRA-*,1,34,0.029411764705882353
HH_CAIA_mail,Client,6,CL-IF-Mot-*-RC-*,1,34,0.029411764705882353
HH_CAIA_mail,Client,6,CL-IF-RA-*-RP-*,1,34,0.029411764705882353
HH_CAIA_mail,Client,6,CL-O-*-*-O-*,5,34,0.14705882352941177
HH_CAIA_mail,Client,7,CL-FB-*-*-*-*,13,32,0.40625
HH_CAIA_mail,Client,7,CL-IF-ACP-*-FPA-*,3,32,0.09375
HH_CAIA_mail,Client,7,CL-IF-ACP-*-PD-*,5,32,0.15625
HH_CAIA_mail,Client,7,CL-IF-ACP-*-Req-*,2,32,0.0625
HH_CAIA_mail,Client,7,CL-IF-AO-*-Ext-*,2,32,0.0625
HH_CAIA_mail,Client,7,CL-IF-HP-*-PosF-*,1,32,0.03125
HH_CAIA_mail,Client,7,CL-IF-HP-*-PosFR-*,1,32,0.03125
HH_CAIA_mail,Client,7,CL-IF-RA-*-RP-*,1,32,0.03125
HH_CAIA_mail,Client,7,CL-O-*-*-O-*,4,32,0.125
HH_CAIA_mail,Client,8,CL-FB-*-*-*-*,8,31,0.25806451612903225
HH_CAIA_mail,Client,8,CL-IF-ACP-*-FPA-*,2,31,0.06451612903225806
HH_CAIA_mail,Client,8,CL-IF-ACP-*-PD-*,3,31,0.0967741935483871
HH_CAIA_mail,Client,8,CL-IF-ACP-*-PS-*,1,31,0.03225806451612903
HH_CAIA_mail,Client,8,CL-IF-ACP-*-Req-*,2,31,0.06451612903225806
HH_CAIA_mail,Client,8,CL-IF-AO-*-Obj-*,2,31,0.06451612903225806
HH_CAIA_mail,Client,8,CL-IF-HP-*-Fail-*,1,31,0.03225806451612903
HH_CAIA_mail,Client,8,CL-IF-HP-*-PosF-*,4,31,0.12903225806451613
HH_CAIA_mail,Client,8,CL-IF-HP-*-RepRA-*,1,31,0.03225806451612903
HH_CAIA_mail,Client,8,CL-IF-Mot-*-FC-*,1,31,0.03225806451612903
HH_CAIA_mail,Client,8,CL-IF-Mot-*-RC-*,2,31,0.06451612903225806
HH_CAIA_mail,Client,8,CL-O-*-*-O-*,4,31,0.12903225806451613
HH_CAIA_mail,Client,9,CL-FB-*-*-*-*,9,46,0.1956521739130435
HH_CAIA_mail,Client,9,CL-FC-*-*-F-*,2,46,0.043478260869565216
HH_CAIA_mail,Client,9,CL-IF-ACP-*-FPA-*,5,46,0.10869565217391304
HH_CAIA_mail,Client,9,CL-IF-ACP-*-PD-*,5,46,0.10869565217391304
HH_CAIA_mail,Client,9,CL-IF-ACP-*-Req-*,2,46,0.043478260869565216
HH_CAIA_mail,Client,9,CL-IF-AO-*-Obj-*,1,46,0.021739130434782608
HH_CAIA_mail,Client,9,CL-IF-HP-*-PosF-*,6,46,0.13043478260869565
HH_CAIA_mail,Client,9,CL-IF-HP-*-PosFR-*,3,46,0.06521739130434782
HH_CAIA_mail,Client,9,CL-IF-HP-*-RepRA-*,3,46,0.06521739130434782
HH_CAIA_mail,Client,9,CL-IF-HP-*-Succ-*,1,46,0.021739130434782608
HH_CAIA_mail,Client,9,CL-IF-Mot-*-RC-*,1,46,0.021739130434782608
HH_CAIA_mail,Client,9,CL-IF-RA-*-RP-*,1,46,0.021739130434782608
HH_CAIA_mail,Client,9,CL-O-*-*-O-*,5,46,0.10869565217391304
HH_CAIA_mail,Client,9,CL-O-*-*-UCO-*,1,46,0.021739130434782608
HH_CAIA_mail,Client,9,CO-FC-*-*-F-*,1,46,0.021739130434782608
HH_CAIA_mail,Counsellor,0,CO-FA-*-*-*-*,42,72,0.5833333333333334
HH_CAIA_mail,Counsellor,0,CO-IF-AC-RF-RC-*,2,72,0.027777777777777776
HH_CAIA_mail,Counsellor,0,CO-IF-AC-RF-RLS-SR,2,72,0.027777777777777776
HH_CAIA_mail,Counsellor,0,CO-IF-AC-RF-SRx-*,6,72,0.08333333333333333
HH_CAIA_mail,Counsellor,0,CO-IF-HP-*-ITFE-*,1,72,0.013888888888888888
HH_CAIA_mail,Counsellor,0,CO-IF-Mot-*-ITA-*,2,72,0.027777777777777776
HH_CAIA_mail,Counsellor,0,CO-Mod-*-*-*-*,15,72,0.20833333333333334
HH_CAIA_mail,Counsellor,0,CO-O-*-*-O-*,2,72,0.027777777777777776
HH_CAIA_mail,Counsellor,1,CO-FA-*-*-*-*,15,40,0.375
HH_CAIA_mail,Counsellor,1,CO-FC-*-*-F-*,3,40,0.075
HH_CAIA_mail,Counsellor,1,CO-FC-*-*-OPR-*,1,40,0.025
HH_CAIA_mail,Counsellor,1,CO-IF-AC-RF-RPA-*,1,40,0.025
HH_CAIA_mail,Counsellor,1,CO-IF-AC-RF-SRx-*,9,40,0.225
HH_CAIA_mail,Counsellor,1,CO-IF-HP-*-IEA,1,40,0.025
HH_CAIA_mail,Counsellor,1,CO-IF-HP-*-IPFR-*,1,40,0.025
HH_CAIA_mail,Counsellor,1,CO-IF-HP-*-ITFE-*,1,40,0.025
HH_CAIA_mail,Counsellor,1,CO-IF-Mot-*-ITA-*,2,40,0.05
HH_CAIA_mail,Counsellor,1,CO-Mod-*-*-*-*,5,40,0.125
HH_CAIA_mail,Counsellor,1,CO-O-*-*-O-*,1,40,0.025
HH_CAIA_mail,Counsellor,2,CO-FA-*-*-*-*,19,43,0.4418604651162791
HH_CAIA_mail,Counsellor,2,CO-IF-AC-RE-RCR-*,1,43,0.023255813953488372
HH_CAIA_mail,Counsellor,2,CO-IF-AC-RF-RLS-SR,3,43,0.06976744186046512
HH_CAIA_mail,Counsellor,2,CO-IF-AC-RF-SRx-*,6,43,0.13953488372093023
HH_CAIA_mail,Counsellor,2,CO-IF-Mot-*-ITA-*,7,43,0.16279069767441862
HH_CAIA_mail,Counsellor,2,CO-Mod-*-*-*-*,5,43,0.11627906976744186
HH_CAIA_mail,Counsellor,2,CO-O-*-*-O-*,2,43,0.046511627906976744
HH_CAIA_mail,Counsellor,3,CO-FA-*-*-*-*,11,38,0.2894736842105263
HH_CAIA_mail,Counsellor,3,CO-FC-*-*-F-*,1,38,0.02631578947368421
HH_CAIA_mail,Counsellor,3,CO-FC-*-*-OPR-*,1,38,0.02631578947368421
HH_CAIA_mail,Counsellor,3,CO-IF-AC-RE-RCR-*,1,38,0.02631578947368421
HH_CAIA_mail,Counsellor,3,CO-IF-AC-RF-RLS-SR,1,38,0.02631578947368421
HH_CAIA_mail,Counsellor,3,CO-IF-AC-RF-RTP-*,1,38,0.02631578947368421
HH_CAIA_mail,Counsellor,3,CO-IF-AC-RF-SRx-*,10,38,0.2631578947368421
HH_CAIA_mail,Counsellor,3,CO-IF-HP-*-ICO-*,1,38,0.02631578947368421
HH_CAIA_mail,Counsellor,3,CO-IF-HP-*-ITFE-*,1,38,0.02631578947368421
HH_CAIA_mail,Counsellor,3,CO-IF-Mot-*-ITA-*,1,38,0.02631578947368421
HH_CAIA_mail,Counsellor,3,CO-IF-RA-*-N-RAFa,1,38,0.02631578947368421
HH_CAIA_mail,Counsellor,3,CO-IF-RA-*-RAP-*,1,38,0.02631578947368421
HH_CAIA_mail,Counsellor,3,CO-Mod-*-*-*-*,6,38,0.15789473684210525
HH_CAIA_mail,Counsellor,3,CO-O-*-*-O-*,1,38,0.02631578947368421
HH_CAIA_mail,Counsellor,4,CO-FA-*-*-*-*,16,41,0.3902439024390244
HH_CAIA_mail,Counsellor,4,CO-IF-AC-RE-RCR-*,3,41,0.07317073170731707
HH_CAIA_mail,Counsellor,4,CO-IF-AC-RF-RPD-*,1,41,0.024390243902439025
HH_CAIA_mail,Counsellor,4,CO-IF-AC-RF-SRx-*,7,41,0.17073170731707318
HH_CAIA_mail,Counsellor,4,CO-IF-HP-*-IEA,1,41,0.024390243902439025
HH_CAIA_mail,Counsellor,4,CO-IF-HP-*-IPFR-*,1,41,0.024390243902439025
HH_CAIA_mail,Counsellor,4,CO-IF-Mot-*-ITA-*,4,41,0.0975609756097561
HH_CAIA_mail,Counsellor,4,CO-IF-Mot-*-RS-*,1,41,0.024390243902439025
HH_CAIA_mail,Counsellor,4,CO-IF-RA-*-RAP-*,2,41,0.04878048780487805
HH_CAIA_mail,Counsellor,4,CO-Mod-*-*-*-*,4,41,0.0975609756097561
HH_CAIA_mail,Counsellor,4,CO-O-*-*-O-*,1,41,0.024390243902439025
HH_CAIA_mail,Counsellor,5,CO-FA-*-*-*-*,13,35,0.37142857142857144
HH_CAIA_mail,Counsellor,5,CO-FC-*-*-OPR-*,1,35,0.02857142857142857
HH_CAIA_mail,Counsellor,5,CO-IF-AC-RF-RC-*,1,35,0.02857142857142857
HH_CAIA_mail,Counsellor,5,CO-IF-AC-RF-SRx-*,7,35,0.2
HH_CAIA_mail,Counsellor,5,CO-IF-HP-*-ICO-*,1,35,0.02857142857142857
HH_CAIA_mail,Counsellor,5,CO-IF-HP-*-IEA,1,35,0.02857142857142857
HH_CAIA_mail,Counsellor,5,CO-IF-Mot-*-IAC-*,1,35,0.02857142857142857
HH_CAIA_mail,Counsellor,5,CO-IF-Mot-*-ITA-*,4,35,0.11428571428571428
HH_CAIA_mail,Counsellor,5,CO-Mod-*-*-*-*,5,35,0.14285714285714285
HH_CAIA_mail,Counsellor,5,CO-O-*-*-O-*,1,35,0.02857142857142857
HH_CAIA_mail,Counsellor,6,CO-FA-*-*-*-*,10,31,0.3225806451612903
HH_CAIA_mail,Counsellor,6,CO-FC-*-*-F-*,1,31,0.03225806451612903
HH_CAIA_mail,Counsellor,6,CO-IF-AC-RE-RES-*,1,31,0.03225806451612903
HH_CAIA_mail,Counsellor,6,CO-IF-AC-RF-SRx-*,5,31,0.16129032258064516
HH_CAIA_mail,Counsellor,6,CO-IF-Mot-*-IAC-*,1,31,0.03225806451612903
HH_CAIA_mail,Counsellor,6,CO-IF-Mot-*-ITA-*,4,31,0.12903225806451613
HH_CAIA_mail,Counsellor,6,CO-IF-RA-*-RAP-*,1,31,0.03225806451612903
HH_CAIA_mail,Counsellor,6,CO-Mod-*-*-*-*,7,31,0.22580645161290322
HH_CAIA_mail,Counsellor,6,CO-O-*-*-O-*,1,31,0.03225806451612903
HH_CAIA_mail,Counsellor,7,CO-FA-*-*-*-*,7,20,0.35
HH_CAIA_mail,Counsellor,7,CO-IF-AC-RE-RCR-*,1,20,0.05
HH_CAIA_mail,Counsellor,7,CO-IF-AC-RF-SRx-*,3,20,0.15
HH_CAIA_mail,Counsellor,7,CO-IF-HP-*-IPFR-*,2,20,0.1
HH_CAIA_mail,Counsellor,7,CO-IF-Mot-*-IAC-*,1,20,0.05
HH_CAIA_mail,Counsellor,7,CO-IF-Mot-*-ITA-*,4,20,0.2
HH_CAIA_mail,Counsellor,7,CO-Mod-*-*-*-*,2,20,0.1
HH_CAIA_mail,Counsellor,8,CO-FA-*-*-*-*,10,28,0.35714285714285715
HH_CAIA_mail,Counsellor,8,CO-IF-AC-RF-RLS-SR,1,28,0.03571428571428571
HH_CAIA_mail,Counsellor,8,CO-IF-AC-RF-SRx-*,5,28,0.17857142857142858
HH_CAIA_mail,Counsellor,8,CO-IF-HP-*-IPFR-*,1,28,0.03571428571428571
HH_CAIA_mail,Counsellor,8,CO-IF-HP-*-PP-IA,1,28,0.03571428571428571
HH_CAIA_mail,Counsellor,8,CO-IF-Mot-*-IAC-*,1,28,0.03571428571428571
HH_CAIA_mail,Counsellor,8,CO-IF-Mot-*-ITA-*,2,28,0.07142857142857142
HH_CAIA_mail,Counsellor,8,CO-IF-RA-*-RAP-*,1,28,0.03571428571428571
HH_CAIA_mail,Counsellor,8,CO-Mod-*-*-*-*,4,28,0.14285714285714285
HH_CAIA_mail,Counsellor,8,CO-O-*-*-O-*,2,28,0.07142857142857142
HH_CAIA_mail,Counsellor,9,CO-FA-*-*-*-*,8,40,0.2
HH_CAIA_mail,Counsellor,9,CO-FC-*-*-F-*,1,40,0.025
HH_CAIA_mail,Counsellor,9,CO-FC-*-*-OPR-*,2,40,0.05
HH_CAIA_mail,Counsellor,9,CO-IF-AC-RE-RCR-*,1,40,0.025
HH_CAIA_mail,Counsellor,9,CO-IF-AC-RF-SRx-*,5,40,0.125
HH_CAIA_mail,Counsellor,9,CO-IF-HP-*-IPFR-*,2,40,0.05
HH_CAIA_mail,Counsellor,9,CO-IF-HP-*-ITFE-*,1,40,0.025
HH_CAIA_mail,Counsellor,9,CO-IF-HP-*-PP-IA,1,40,0.025
HH_CAIA_mail,Counsellor,9,CO-IF-HP-*-PP-IW,1,40,0.025
HH_CAIA_mail,Counsellor,9,CO-IF-Mot-*-IAC-*,4,40,0.1
HH_CAIA_mail,Counsellor,9,CO-IF-Mot-*-ITA-*,5,40,0.125
HH_CAIA_mail,Counsellor,9,CO-IF-RA-*-RAP-*,2,40,0.05
HH_CAIA_mail,Counsellor,9,CO-Mod-*-*-*-*,5,40,0.125
HH_CAIA_mail,Counsellor,9,CO-O-*-*-O-*,2,40,0.05
HH_real_chat,Client,0,CL-FB-*-*-*-*,70,150,0.4666666666666667
HH_real_chat,Client,0,CL-FC-*-*-UPR-*,1,150,0.006666666666666667
HH_real_chat,Client,0,CL-IF-ACP-*-Cons-*,6,150,0.04
HH_real_chat,Client,0,CL-IF-ACP-*-DPD-*,5,150,0.03333333333333333
HH_real_chat,Client,0,CL-IF-ACP-*-FPA-*,1,150,0.006666666666666667
HH_real_chat,Client,0,CL-IF-ACP-*-OE-*,5,150,0.03333333333333333
HH_real_chat,Client,0,CL-IF-ACP-*-PD-*,1,150,0.006666666666666667
HH_real_chat,Client,0,CL-IF-ACP-*-PS-*,10,150,0.06666666666666667
HH_real_chat,Client,0,CL-IF-ACP-*-Req-*,3,150,0.02
HH_real_chat,Client,0,CL-IF-AO-*-Ext-*,1,150,0.006666666666666667
HH_real_chat,Client,0,CL-IF-AO-*-Obj-*,1,150,0.006666666666666667
HH_real_chat,Client,0,CL-IF-HP-*-PosF-*,6,150,0.04
HH_real_chat,Client,0,CL-IF-Mot-*-RC-*,2,150,0.013333333333333334
HH_real_chat,Client,0,CL-IF-RA-*-RP-*,1,150,0.006666666666666667
HH_real_chat,Client,0,CL-O-*-*-O-*,33,150,0.22
HH_real_chat,Client,0,CL-O-*-*-UCO-*,3,150,0.02
HH_real_chat,Client,0,CO-Mod-*-*-*-*,1,150,0.006666666666666667
HH_real_chat,Client,1,CL-E-*-*-PT-*,3,200,0.015
HH_real_chat,Client,1,CL-FB-*-*-*-*,17,200,0.085
HH_real_chat,Client,1,CL-IF-ACP-*-Cons-*,19,200,0.095
HH_real_chat,Client,1,CL-IF-ACP-*-DPD-*,21,200,0.105
HH_real_chat,Client,1,CL-IF-ACP-*-FPA-*,1,200,0.005
HH_real_chat,Client,1,CL-IF-ACP-*-OE-*,9,200,0.045
HH_real_chat,Client,1,CL-IF-ACP-*-PD-*,10,200,0.05
HH_real_chat,Client,1,CL-IF-ACP-*-PS-*,34,200,0.17
HH_real_chat,Client,1,CL-IF-ACP-*-Rej-*,4,200,0.02
HH_real_chat,Client,1,CL-IF-ACP-*-Req-*,7,200,0.035
HH_real_chat,Client,1,CL-IF-AO-*-Ext-*,2,200,0.01
HH_real_chat,Client,1,CL-IF-AO-*-Obj-*,3,200,0.015
HH_real_chat,Client,1,CL-IF-HP-*-NegFR-*,2,200,0.01
HH_real_chat,Client,1,CL-IF-HP-*-PosF-*,3,200,0.015
HH_real_chat,Client,1,CL-IF-HP-*-RepRA-*,2,200,0.01
HH_real_chat,Client,1,CL-IF-HP-*-Succ-*,1,200,0.005
HH_real_chat,Client,1,CL-IF-Mot-*-FC-*,6,200,0.03
HH_real_chat,Client,1,CL-IF-Mot-*-RC-*,4,200,0.02
HH_real_chat,Client,1,CL-IF-RA-*-RF-*,1,200,0.005
HH_real_chat,Client,1,CL-O-*-*-O-*,44,200,0.22
HH_real_chat,Client,1,CL-O-*-*-UCO-*,7,200,0.035
HH_real_chat,Client,2,CL-E-*-*-PT-*,1,203,0.0049261083743842365
HH_real_chat,Client,2,CL-FB-*-*-*-*,2,203,0.009852216748768473
HH_real_chat,Client,2,CL-FC-*-*-UPR-*,1,203,0.0049261083743842365
HH_real_chat,Client,2,CL-IF-ACP-*-Cons-*,36,203,0.17733990147783252
HH_real_chat,Client,2,CL-IF-ACP-*-DPD-*,11,203,0.054187192118226604
HH_real_chat,Client,2,CL-IF-ACP-*-FPA-*,5,203,0.024630541871921183
HH_real_chat,Client,2,CL-IF-ACP-*-OE-*,8,203,0.03940886699507389
HH_real_chat,Client,2,CL-IF-ACP-*-PD-*,29,203,0.14285714285714285
HH_real_chat,Client,2,CL-IF-ACP-*-PS-*,33,203,0.1625615763546798
HH_real_chat,Client,2,CL-IF-ACP-*-Rej-*,4,203,0.019704433497536946
HH_real_chat,Client,2,CL-IF-ACP-*-Req-*,2,203,0.009852216748768473
HH_real_chat,Client,2,CL-IF-AO-*-Ext-*,5,203,0.024630541871921183
HH_real_chat,Client,2,CL-IF-AO-*-Obj-*,1,203,0.0049261083743842365
HH_real_chat,Client,2,CL-IF-HP-*-Fail-*,1,203,0.0049261083743842365
HH_real_chat,Client,2,CL-IF-HP-*-PosF-*,5,203,0.024630541871921183
HH_real_chat,Client,2,CL-IF-HP-*-RepRA-*,3,203,0.014778325123152709
HH_real_chat,Client,2,CL-IF-Mot-*-FC-*,1,203,0.0049261083743842365
HH_real_chat,Client,2,CL-IF-Mot-*-RC-*,2,203,0.009852216748768473
HH_real_chat,Client,2,CL-IF-RA-*-RP-*,3,203,0.014778325123152709
HH_real_chat,Client,2,CL-O-*-*-O-*,45,203,0.22167487684729065
HH_real_chat,Client,2,CL-O-*-*-UCO-*,4,203,0.019704433497536946
HH_real_chat,Client,2,CO-IF-AC-RF-SRx-*,1,203,0.0049261083743842365
HH_real_chat,Client,3,CL-E-*-*-ECP-*,1,210,0.004761904761904762
HH_real_chat,Client,3,CL-E-*-*-PT-*,2,210,0.009523809523809525
HH_real_chat,Client,3,CL-FB-*-*-*-*,4,210,0.01904761904761905
HH_real_chat,Client,3,CL-FC-*-*-F-*,1,210,0.004761904761904762
HH_real_chat,Client,3,CL-IF-ACP-*-Cons-*,36,210,0.17142857142857143
HH_real_chat,Client,3,CL-IF-ACP-*-DPD-*,2,210,0.009523809523809525
HH_real_chat,Client,3,CL-IF-ACP-*-FPA-*,7,210,0.03333333333333333
HH_real_chat,Client,3,CL-IF-ACP-*-OE-*,4,210,0.01904761904761905
HH_real_chat,Client,3,CL-IF-ACP-*-PD-*,22,210,0.10476190476190476
HH_real_chat,Client,3,CL-IF-ACP-*-PS-*,28,210,0.13333333333333333
HH_real_chat,Client,3,CL-IF-ACP-*-Rej-*,11,210,0.05238095238095238
HH_real_chat,Client,3,CL-IF-ACP-*-Req-*,3,210,0.014285714285714285
HH_real_chat,Client,3,CL-IF-AO-*-Ext-*,5,210,0.023809523809523808
HH_real_chat,Client,3,CL-IF-AO-*-Obj-*,6,210,0.02857142857142857
HH_real_chat,Client,3,CL-IF-HP-*-Fail-*,1,210,0.004761904761904762
HH_real_chat,Client,3,CL-IF-HP-*-NegFR-*,4,210,0.01904761904761905
HH_real_chat,Client,3,CL-IF-HP-*-PosF-*,3,210,0.014285714285714285
HH_real_chat,Client,3,CL-IF-HP-*-PosFR-*,1,210,0.004761904761904762
HH_real_chat,Client,3,CL-IF-HP-*-RepRA-*,5,210,0.023809523809523808
HH_real_chat,Client,3,CL-IF-Mot-*-FC-*,3,210,0.014285714285714285
HH_real_chat,Client,3,CL-IF-Mot-*-RC-*,4,210,0.01904761904761905
HH_real_chat,Client,3,CL-IF-RA-*-RF-*,1,210,0.004761904761904762
HH_real_chat,Client,3,CL-IF-RA-*-RP-*,4,210,0.01904761904761905
HH_real_chat,Client,3,CL-O-*-*-O-*,48,210,0.22857142857142856
HH_real_chat,Client,3,CL-O-*-*-UCO-*,4,210,0.01904761904761905
HH_real_chat,Client,4,CL-E-*-*-PT-*,2,215,0.009302325581395349
HH_real_chat,Client,4,CL-FB-*-*-*-*,3,215,0.013953488372093023
HH_real_chat,Client,4,CL-FC-*-*-F-*,1,215,0.004651162790697674
HH_real_chat,Client,4,CL-FC-*-*-UPR-*,3,215,0.013953488372093023
HH_real_chat,Client,4,CL-IF-ACP-*-Cons-*,37,215,0.17209302325581396
HH_real_chat,Client,4,CL-IF-ACP-*-DPD-*,3,215,0.013953488372093023
HH_real_chat,Client,4,CL-IF-ACP-*-FPA-*,9,215,0.04186046511627907
HH_real_chat,Client,4,CL-IF-ACP-*-OE-*,9,215,0.04186046511627907
HH_real_chat,Client,4,CL-IF-ACP-*-PD-*,25,215,0.11627906976744186
HH_real_chat,Client,4,CL-IF-ACP-*-PS-*,23,215,0.10697674418604651
HH_real_chat,Client,4,CL-IF-ACP-*-Rej-*,4,215,0.018604651162790697
HH_real_chat,Client,4,CL-IF-ACP-*-Req-*,6,215,0.027906976744186046
HH_real_chat,Client,4,CL-IF-AO-*-Ext-*,9,215,0.04186046511627907
HH_real_chat,Client,4,CL-IF-AO-*-Obj-*,4,215,0.018604651162790697
HH_real_chat,Client,4,CL-IF-HP-*-Fail-*,2,215,0.009302325581395349
HH_real_chat,Client,4,CL-IF-HP-*-NegFR-*,6,215,0.027906976744186046
HH_real_chat,Client,4,CL-IF-HP-*-PosF-*,6,215,0.027906976744186046
HH_real_chat,Client,4,CL-IF-HP-*-PosFR-*,1,215,0.004651162790697674
HH_real_chat,Client,4,CL-IF-HP-*-RepRA-*,2,215,0.009302325581395349
HH_real_chat,Client,4,CL-IF-Mot-*-FC-*,8,215,0.037209302325581395
HH_real_chat,Client,4,CL-IF-Mot-*-RC-*,5,215,0.023255813953488372
HH_real_chat,Client,4,CL-IF-RA-*-RF-*,1,215,0.004651162790697674
HH_real_chat,Client,4,CL-IF-RA-*-RP-*,1,215,0.004651162790697674
HH_real_chat,Client,4,CL-O-*-*-O-*,39,215,0.1813953488372093
HH_real_chat,Client,4,CL-O-*-*-UCO-*,5,215,0.023255813953488372
HH_real_chat,Client,4,CO-Mod-*-*-*-*,1,215,0.004651162790697674
HH_real_chat,Client,5,CL-E-*-*-ECP-*,2,251,0.00796812749003984
HH_real_chat,Client,5,CL-E-*-*-PT-*,1,251,0.00398406374501992
HH_real_chat,Client,5,CL-FB-*-*-*-*,3,251,0.01195219123505976
HH_real_chat,Client,5,CL-IF-ACP-*-Cons-*,42,251,0.16733067729083664
HH_real_chat,Client,5,CL-IF-ACP-*-DPD-*,5,251,0.0199203187250996
HH_real_chat,Client,5,CL-IF-ACP-*-FPA-*,6,251,0.02390438247011952
HH_real_chat,Client,5,CL-IF-ACP-*-OE-*,10,251,0.0398406374501992
HH_real_chat,Client,5,CL-IF-ACP-*-PD-*,36,251,0.14342629482071714
HH_real_chat,Client,5,CL-IF-ACP-*-PS-*,28,251,0.11155378486055777
HH_real_chat,Client,5,CL-IF-ACP-*-Rej-*,9,251,0.035856573705179286
HH_real_chat,Client,5,CL-IF-ACP-*-Req-*,12,251,0.04780876494023904
HH_real_chat,Client,5,CL-IF-AO-*-Ext-*,2,251,0.00796812749003984
HH_real_chat,Client,5,CL-IF-AO-*-Obj-*,3,251,0.01195219123505976
HH_real_chat,Client,5,CL-IF-HP-*-NegFR-*,5,251,0.0199203187250996
HH_real_chat,Client,5,CL-IF-HP-*-PosF-*,3,251,0.01195219123505976
HH_real_chat,Client,5,CL-IF-HP-*-PosFR-*,2,251,0.00796812749003984
HH_real_chat,Client,5,CL-IF-HP-*-RepRA-*,3,251,0.01195219123505976
HH_real_chat,Client,5,CL-IF-Mot-*-FC-*,4,251,0.01593625498007968
HH_real_chat,Client,5,CL-IF-Mot-*-RC-*,14,251,0.055776892430278883
HH_real_chat,Client,5,CL-IF-RA-*-RF-*,2,251,0.00796812749003984
HH_real_chat,Client,5,CL-IF-RA-*-RP-*,3,251,0.01195219123505976
HH_real_chat,Client,5,CL-O-*-*-O-*,45,251,0.17928286852589642
HH_real_chat,Client,5,CL-O-*-*-UCO-*,9,251,0.035856573705179286
HH_real_chat,Client,5,CO-IF-HP-*-ITFE-*,1,251,0.00398406374501992
HH_real_chat,Client,5,CO-Mod-*-*-*-*,1,251,0.00398406374501992
HH_real_chat,Client,6,CL-E-*-*-ECC-*,1,283,0.0035335689045936395
HH_real_chat,Client,6,CL-E-*-*-ECP-*,2,283,0.007067137809187279
HH_real_chat,Client,6,CL-E-*-*-PT-*,2,283,0.007067137809187279
HH_real_chat,Client,6,CL-FB-*-*-*-*,4,283,0.014134275618374558
HH_real_chat,Client,6,CL-FC-*-*-F-*,2,283,0.007067137809187279
HH_real_chat,Client,6,CL-FC-*-*-UPR-*,1,283,0.0035335689045936395
HH_real_chat,Client,6,CL-IF-ACP-*-Cons-*,51,283,0.18021201413427562
HH_real_chat,Client,6,CL-IF-ACP-*-DPD-*,6,283,0.02120141342756184
HH_real_chat,Client,6,CL-IF-ACP-*-FPA-*,10,283,0.0353356890459364
HH_real_chat,Client,6,CL-IF-ACP-*-OE-*,12,283,0.04240282685512368
HH_real_chat,Client,6,CL-IF-ACP-*-PD-*,30,283,0.10600706713780919
HH_real_chat,Client,6,CL-IF-ACP-*-PS-*,16,283,0.05653710247349823
HH_real_chat,Client,6,CL-IF-ACP-*-Rej-*,11,283,0.038869257950530034
HH_real_chat,Client,6,CL-IF-ACP-*-Req-*,10,283,0.0353356890459364
HH_real_chat,Client,6,CL-IF-AO-*-Ext-*,4,283,0.014134275618374558
HH_real_chat,Client,6,CL-IF-AO-*-Obj-*,5,283,0.0176678445229682
HH_real_chat,Client,6,CL-IF-HP-*-Fail-*,4,283,0.014134275618374558
HH_real_chat,Client,6,CL-IF-HP-*-NegFR-*,4,283,0.014134275618374558
HH_real_chat,Client,6,CL-IF-HP-*-PosF-*,9,283,0.03180212014134275
HH_real_chat,Client,6,CL-IF-HP-*-PosFR-*,3,283,0.01060070671378092
HH_real_chat,Client,6,CL-IF-HP-*-RepRA-*,5,283,0.0176678445229682
HH_real_chat,Client,6,CL-IF-HP-*-Succ-*,1,283,0.0035335689045936395
HH_real_chat,Client,6,CL-IF-Mot-*-FC-*,2,283,0.007067137809187279
HH_real_chat,Client,6,CL-IF-Mot-*-RC-*,9,283,0.03180212014134275
HH_real_chat,Client,6,CL-IF-RA-*-RF-*,4,283,0.014134275618374558
HH_real_chat,Client,6,CL-IF-RA-*-RP-*,1,283,0.0035335689045936395
HH_real_chat,Client,6,CL-O-*-*-O-*,68,283,0.24028268551236748
HH_real_chat,Client,6,CL-O-*-*-UCO-*,6,283,0.02120141342756184
HH_real_chat,Client,7,CL-E-*-*-ECP-*,1,304,0.003289473684210526
HH_real_chat,Client,7,CL-E-*-*-PT-*,2,304,0.006578947368421052
HH_real_chat,Client,7,CL-FB-*-*-*-*,5,304,0.01644736842105263
HH_real_chat,Client,7,CL-IF-ACP-*-Cons-*,71,304,0.23355263157894737
HH_real_chat,Client,7,CL-IF-ACP-*-DPD-*,12,304,0.039473684210526314
HH_real_chat,Client,7,CL-IF-ACP-*-FPA-*,6,304,0.019736842105263157
HH_real_chat,Client,7,CL-IF-ACP-*-OE-*,11,304,0.03618421052631579
HH_real_chat,Client,7,CL-IF-ACP-*-PD-*,22,304,0.07236842105263158
HH_real_chat,Client,7,CL-IF-ACP-*-PS-*,27,304,0.08881578947368421
HH_real_chat,Client,7,CL-IF-ACP-*-Rej-*,8,304,0.02631578947368421
HH_real_chat,Client,7,CL-IF-ACP-*-Req-*,8,304,0.02631578947368421
HH_real_chat,Client,7,CL-IF-AO-*-Ext-*,7,304,0.023026315789473683
HH_real_chat,Client,7,CL-IF-AO-*-Obj-*,7,304,0.023026315789473683
HH_real_chat,Client,7,CL-IF-HP-*-Fail-*,9,304,0.029605263157894735
HH_real_chat,Client,7,CL-IF-HP-*-NegFR-*,4,304,0.013157894736842105
HH_real_chat,Client,7,CL-IF-HP-*-PosF-*,8,304,0.02631578947368421
HH_real_chat,Client,7,CL-IF-HP-*-PosFR-*,1,304,0.003289473684210526
HH_real_chat,Client,7,CL-IF-HP-*-RepRA-*,2,304,0.006578947368421052
HH_real_chat,Client,7,CL-IF-HP-*-Succ-*,1,304,0.003289473684210526
HH_real_chat,Client,7,CL-IF-Mot-*-FC-*,5,304,0.01644736842105263
HH_real_chat,Client,7,CL-IF-Mot-*-RC-*,13,304,0.04276315789473684
HH_real_chat,Client,7,CL-IF-RA-*-RP-*,1,304,0.003289473684210526
HH_real_chat,Client,7,CL-O-*-*-O-*,66,304,0.21710526315789475
HH_real_chat,Client,7,CL-O-*-*-UCO-*,6,304,0.019736842105263157
HH_real_chat,Client,7,CO-Mod-*-*-*-*,1,304,0.003289473684210526
HH_real_chat,Client,8,CL-E-*-*-ECC-*,2,334,0.005988023952095809
HH_real_chat,Client,8,CL-E-*-*-ECP-*,2,334,0.005988023952095809
HH_real_chat,Client,8,CL-E-*-*-PT-*,2,334,0.005988023952095809
HH_real_chat,Client,8,CL-FB-*-*-*-*,4,334,0.011976047904191617
HH_real_chat,Client,8,CL-IF-ACP-*-Cons-*,76,334,0.2275449101796407
HH_real_chat,Client,8,CL-IF-ACP-*-DPD-*,3,334,0.008982035928143712
HH_real_chat,Client,8,CL-IF-ACP-*-FPA-*,10,334,0.029940119760479042
HH_real_chat,Client,8,CL-IF-ACP-*-OE-*,8,334,0.023952095808383235
HH_real_chat,Client,8,CL-IF-ACP-*-PD-*,36,334,0.10778443113772455
HH_real_chat,Client,8,CL-IF-ACP-*-PS-*,17,334,0.05089820359281437
HH_real_chat,Client,8,CL-IF-ACP-*-Rej-*,14,334,0.041916167664670656
HH_real_chat,Client,8,CL-IF-ACP-*-Req-*,11,334,0.03293413173652695
HH_real_chat,Client,8,CL-IF-AO-*-Ext-*,10,334,0.029940119760479042
HH_real_chat,Client,8,CL-IF-AO-*-Obj-*,6,334,0.017964071856287425
HH_real_chat,Client,8,CL-IF-HP-*-Fail-*,2,334,0.005988023952095809
HH_real_chat,Client,8,CL-IF-HP-*-NegFR-*,8,334,0.023952095808383235
HH_real_chat,Client,8,CL-IF-HP-*-PosF-*,19,334,0.05688622754491018
HH_real_chat,Client,8,CL-IF-HP-*-PosFR-*,7,334,0.020958083832335328
HH_real_chat,Client,8,CL-IF-HP-*-RepRA-*,3,334,0.008982035928143712
HH_real_chat,Client,8,CL-IF-HP-*-Succ-*,3,334,0.008982035928143712
HH_real_chat,Client,8,CL-IF-Mot-*-FC-*,5,334,0.014970059880239521
HH_real_chat,Client,8,CL-IF-Mot-*-RC-*,8,334,0.023952095808383235
HH_real_chat,Client,8,CL-IF-RA-*-RP-*,3,334,0.008982035928143712
HH_real_chat,Client,8,CL-O-*-*-O-*,71,334,0.2125748502994012
HH_real_chat,Client,8,CL-O-*-*-UCO-*,3,334,0.008982035928143712
HH_real_chat,Client,8,CO-Mod-*-*-*-*,1,334,0.0029940119760479044
HH_real_chat,Client,9,CL-E-*-*-PT-*,1,403,0.0024813895781637717
HH_real_chat,Client,9,CL-FB-*-*-*-*,8,403,0.019851116625310174
HH_real_chat,Client,9,CL-FC-*-*-F-*,25,403,0.062034739454094295
HH_real_chat,Client,9,CL-FC-*-*-UPR-*,3,403,0.007444168734491315
HH_real_chat,Client,9,CL-IF-ACP-*-Cons-*,63,403,0.15632754342431762
HH_real_chat,Client,9,CL-IF-ACP-*-DPD-*,7,403,0.017369727047146403
HH_real_chat,Client,9,CL-IF-ACP-*-FPA-*,3,403,0.007444168734491315
HH_real_chat,Client,9,CL-IF-ACP-*-OE-*,1,403,0.0024813895781637717
HH_real_chat,Client,9,CL-IF-ACP-*-PD-*,7,403,0.017369727047146403
HH_real_chat,Client,9,CL-IF-ACP-*-PS-*,7,403,0.017369727047146403
HH_real_chat,Client,9,CL-IF-ACP-*-Rej-*,9,403,0.022332506203473945
HH_real_chat,Client,9,CL-IF-ACP-*-Req-*,8,403,0.019851116625310174
HH_real_chat,Client,9,CL-IF-AO-*-Ext-*,2,403,0.004962779156327543
HH_real_chat,Client,9,CL-IF-AO-*-Obj-*,6,403,0.01488833746898263
HH_real_chat,Client,9,CL-IF-HP-*-Fail-*,3,403,0.007444168734491315
HH_real_chat,Client,9,CL-IF-HP-*-NegFR-*,2,403,0.004962779156327543
HH_real_chat,Client,9,CL-IF-HP-*-PosF-*,58,403,0.14392059553349876
HH_real_chat,Client,9,CL-IF-HP-*-PosFR-*,5,403,0.01240694789081886
HH_real_chat,Client,9,CL-IF-HP-*-RepRA-*,6,403,0.01488833746898263
HH_real_chat,Client,9,CL-IF-HP-*-Succ-*,3,403,0.007444168734491315
HH_real_chat,Client,9,CL-IF-Mot-*-FC-*,3,403,0.007444168734491315
HH_real_chat,Client,9,CL-IF-Mot-*-RC-*,3,403,0.007444168734491315
HH_real_chat,Client,9,CL-IF-RA-*-RP-*,2,403,0.004962779156327543
HH_real_chat,Client,9,CL-O-*-*-O-*,156,403,0.3870967741935484
HH_real_chat,Client,9,CL-O-*-*-UCO-*,7,403,0.017369727047146403
HH_real_chat,Client,9,CO-IF-HP-*-PP-IW,1,403,0.0024813895781637717
HH_real_chat,Client,9,CO-Mod-*-*-*-*,4,403,0.009925558312655087
HH_real_chat,Counsellor,0,CL-IF-ACP-*-DPD-*,3,132,0.022727272727272728
HH_real_chat,Counsellor,0,CL-IF-ACP-*-FPA-*,1,132,0.007575757575757576
HH_real_chat,Counsellor,0,CO-FA-*-*-*-*,81,132,0.6136363636363636
HH_real_chat,Counsellor,0,CO-FC-*-*-F-*,1,132,0.007575757575757576
HH_real_chat,Counsellor,0,CO-IF-AC-RF-RC-*,13,132,0.09848484848484848
HH_real_chat,Counsellor,0,CO-IF-AC-RF-RPD-*,13,132,0.09848484848484848
HH_real_chat,Counsellor,0,CO-IF-AC-RF-RTP-*,3,132,0.022727272727272728
HH_real_chat,Counsellor,0,CO-IF-AC-RF-SRx-*,2,132,0.015151515151515152
HH_real_chat,Counsellor,0,CO-IF-Mot-*-IAC-*,1,132,0.007575757575757576
HH_real_chat,Counsellor,0,CO-IF-Mot-*-ITA-*,2,132,0.015151515151515152
HH_real_chat,Counsellor,0,CO-Mod-*-*-*-*,8,132,0.06060606060606061
HH_real_chat,Counsellor,0,CO-O-*-*-O-*,3,132,0.022727272727272728
HH_real_chat,Counsellor,0,CO-O-*-*-UCO-*,1,132,0.007575757575757576
HH_real_chat,Counsellor,1,CL-E-*-*-ECC-*,3,181,0.016574585635359115
HH_real_chat,Counsellor,1,CL-IF-ACP-*-DPD-*,4,181,0.022099447513812154
HH_real_chat,Counsellor,1,CL-IF-AO-*-Obj-*,1,181,0.0055248618784530384
HH_real_chat,Counsellor,1,CO-FA-*-*-*-*,33,181,0.18232044198895028
HH_real_chat,Counsellor,1,CO-IF-AC-RE-RCR-*,1,181,0.0055248618784530384
HH_real_chat,Counsellor,1,CO-IF-AC-RE-RES-*,17,181,0.09392265193370165
HH_real_chat,Counsellor,1,CO-IF-AC-RF-RC-*,21,181,0.11602209944751381
HH_real_chat,Counsellor,1,CO-IF-AC-RF-RCD-*,1,181,0.0055248618784530384
HH_real_chat,Counsellor,1,CO-IF-AC-RF-RLS-H,4,181,0.022099447513812154
HH_real_chat,Counsellor,1,CO-IF-AC-RF-RLS-SR,3,181,0.016574585635359115
HH_real_chat,Counsellor,1,CO-IF-AC-RF-RPA-*,2,181,0.011049723756906077
HH_real_chat,Counsellor,1,CO-IF-AC-RF-RPD-*,8,181,0.04419889502762431
HH_real_chat,Counsellor,1,CO-IF-AC-RF-RTP-*,6,181,0.03314917127071823
HH_real_chat,Counsellor,1,CO-IF-AC-RF-SRx-*,14,181,0.07734806629834254
HH_real_chat,Counsellor,1,CO-IF-AO-*-ICO-*,1,181,0.0055248618784530384
HH_real_chat,Counsellor,1,CO-IF-HP-*-ITFE-*,4,181,0.022099447513812154
HH_real_chat,Counsellor,1,CO-IF-HP-*-PP-IW,1,181,0.0055248618784530384
HH_real_chat,Counsellor,1,CO-IF-Mot-*-IAC-*,2,181,0.011049723756906077
HH_real_chat,Counsellor,1,CO-IF-Mot-*-ITA-*,5,181,0.027624309392265192
HH_real_chat,Counsellor,1,CO-IF-RA-*-RAP-*,1,181,0.0055248618784530384
HH_real_chat,Counsellor,1,CO-Mod-*-*-*-*,17,181,0.09392265193370165
HH_real_chat,Counsellor,1,CO-O-*-*-O-*,28,181,0.15469613259668508
HH_real_chat,Counsellor,1,CO-O-*-*-UCO-*,4,181,0.022099447513812154
HH_real_chat,Counsellor,2,CL-E-*-*-ECC-*,1,173,0.005780346820809248
HH_real_chat,Counsellor,2,CL-IF-ACP-*-Rej-*,2,173,0.011560693641618497
HH_real_chat,Counsellor,2,CO-FA-*-*-*-*,5,173,0.028901734104046242
HH_real_chat,Counsellor,2,CO-IF-AC-RE-RCR-*,7,173,0.04046242774566474
HH_real_chat,Counsellor,2,CO-IF-AC-RE-RES-*,12,173,0.06936416184971098
HH_real_chat,Counsellor,2,CO-IF-AC-RF-RC-*,10,173,0.057803468208092484
HH_real_chat,Counsellor,2,CO-IF-AC-RF-RCD-*,4,173,0.023121387283236993
HH_real_chat,Counsellor,2,CO-IF-AC-RF-RLS-ES,1,173,0.005780346820809248
HH_real_chat,Counsellor,2,CO-IF-AC-RF-RLS-H,8,173,0.046242774566473986
HH_real_chat,Counsellor,2,CO-IF-AC-RF-RLS-L,1,173,0.005780346820809248
HH_real_chat,Counsellor,2,CO-IF-AC-RF-RLS-PS,2,173,0.011560693641618497
HH_real_chat,Counsellor,2,CO-IF-AC-RF-RLS-SR,5,173,0.028901734104046242
HH_real_chat,Counsellor,2,CO-IF-AC-RF-RPA-*,4,173,0.023121387283236993
HH_real_chat,Counsellor,2,CO-IF-AC-RF-RPD-*,13,173,0.07514450867052024
HH_real_chat,Counsellor,2,CO-IF-AC-RF-RTP-*,8,173,0.046242774566473986
HH_real_chat,Counsellor,2,CO-IF-AC-RF-SRx-*,20,173,0.11560693641618497
HH_real_chat,Counsellor,2,CO-IF-AO-*-ROW-*,2,173,0.011560693641618497
HH_real_chat,Counsellor,2,CO-IF-HP-*-ICO-*,3,173,0.017341040462427744
HH_real_chat,Counsellor,2,CO-IF-HP-*-IEA,5,173,0.028901734104046242
HH_real_chat,Counsellor,2,CO-IF-HP-*-ITFE-*,1,173,0.005780346820809248
HH_real_chat,Counsellor,2,CO-IF-HP-*-PP-IA,3,173,0.017341040462427744
HH_real_chat,Counsellor,2,CO-IF-Mot-*-IAC-*,1,173,0.005780346820809248
HH_real_chat,Counsellor,2,CO-IF-Mot-*-ITA-*,3,173,0.017341040462427744
HH_real_chat,Counsellor,2,CO-IF-Mot-*-RS-*,2,173,0.011560693641618497
HH_real_chat,Counsellor,2,CO-IF-RA-*-RAP-*,1,173,0.005780346820809248
HH_real_chat,Counsellor,2,CO-Mod-*-*-*-*,18,173,0.10404624277456648
HH_real_chat,Counsellor,2,CO-O-*-*-O-*,26,173,0.15028901734104047
HH_real_chat,Counsellor,2,CO-O-*-*-UCO-*,5,173,0.028901734104046242
HH_real_chat,Counsellor,3,CL-E-*-*-ECC-*,2,179,0.0111731843575419
HH_real_chat,Counsellor,3,CL-IF-ACP-*-Rej-*,1,179,0.00558659217877095
HH_real_chat,Counsellor,3,CL-IF-Mot-*-RC-*,1,179,0.00558659217877095
HH_real_chat,Counsellor,3,CO-FA-*-*-*-*,9,179,0.05027932960893855
HH_real_chat,Counsellor,3,CO-IF-AC-RE-RCR-*,3,179,0.01675977653631285
HH_real_chat,Counsellor,3,CO-IF-AC-RE-RES-*,12,179,0.0670391061452514
HH_real_chat,Counsellor,3,CO-IF-AC-RF-RC-*,7,179,0.03910614525139665
HH_real_chat,Counsellor,3,CO-IF-AC-RF-RCD-*,3,179,0.01675977653631285
HH_real_chat,Counsellor,3,CO-IF-AC-RF-RLS-H,7,179,0.03910614525139665
HH_real_chat,Counsellor,3,CO-IF-AC-RF-RLS-PS,1,179,0.00558659217877095
HH_real_chat,Counsellor,3,CO-IF-AC-RF-RLS-SR,6,179,0.0335195530726257
HH_real_chat,Counsellor,3,CO-IF-AC-RF-RPA-*,8,179,0.0446927374301676
HH_real_chat,Counsellor,3,CO-IF-AC-RF-RPD-*,8,179,0.0446927374301676
HH_real_chat,Counsellor,3,CO-IF-AC-RF-RTP-*,18,179,0.1005586592178771
HH_real_chat,Counsellor,3,CO-IF-AC-RF-SRx-*,20,179,0.11173184357541899
HH_real_chat,Counsellor,3,CO-IF-AO-*-ICO-*,2,179,0.0111731843575419
HH_real_chat,Counsellor,3,CO-IF-AO-*-ROW-*,1,179,0.00558659217877095
HH_real_chat,Counsellor,3,CO-IF-HP-*-ICO-*,2,179,0.0111731843575419
HH_real_chat,Counsellor,3,CO-IF-HP-*-IEA,4,179,0.0223463687150838
HH_real_chat,Counsellor,3,CO-IF-HP-*-ITFE-*,1,179,0.00558659217877095
HH_real_chat,Counsellor,3,CO-IF-HP-*-PP-IW,2,179,0.0111731843575419
HH_real_chat,Counsellor,3,CO-IF-Mot-*-IAC-*,2,179,0.0111731843575419
HH_real_chat,Counsellor,3,CO-IF-Mot-*-IEM-*,1,179,0.00558659217877095
HH_real_chat,Counsellor,3,CO-IF-Mot-*-ITA-*,2,179,0.0111731843575419
HH_real_chat,Counsellor,3,CO-IF-Mot-*-RFC-*,2,179,0.0111731843575419
HH_real_chat,Counsellor,3,CO-IF-RA-*-N-RAFa,1,179,0.00558659217877095
HH_real_chat,Counsellor,3,CO-IF-RA-*-RAP-*,1,179,0.00558659217877095
HH_real_chat,Counsellor,3,CO-Mod-*-*-*-*,15,179,0.08379888268156424
HH_real_chat,Counsellor,3,CO-O-*-*-O-*,26,179,0.1452513966480447
HH_real_chat,Counsellor,3,CO-O-*-*-UCO-*,11,179,0.061452513966480445
HH_real_chat,Counsellor,4,CL-FC-*-*-F-*,1,205,0.004878048780487805
HH_real_chat,Counsellor,4,CL-IF-ACP-*-FPA-*,1,205,0.004878048780487805
HH_real_chat,Counsellor,4,CL-IF-ACP-*-PS-*,1,205,0.004878048780487805
HH_real_chat,Counsellor,4,CL-IF-ACP-*-Rej-*,1,205,0.004878048780487805
HH_real_chat,Counsellor,4,CL-IF-HP-*-NegFR-*,1,205,0.004878048780487805
HH_real_chat,Counsellor,4,CO-FA-*-*-*-*,8,205,0.03902439024390244
HH_real_chat,Counsellor,4,CO-IF-AC-RE-RCR-*,5,205,0.024390243902439025
HH_real_chat,Counsellor,4,CO-IF-AC-RE-RES-*,12,205,0.05853658536585366
HH_real_chat,Counsellor,4,CO-IF-AC-RF-RC-*,6,205,0.02926829268292683
HH_real_chat,Counsellor,4,CO-IF-AC-RF-RCD-*,2,205,0.00975609756097561
HH_real_chat,Counsellor,4,CO-IF-AC-RF-RLS-H,9,205,0.04390243902439024
HH_real_chat,Counsellor,4,CO-IF-AC-RF-RLS-PS,1,205,0.004878048780487805
HH_real_chat,Counsellor,4,CO-IF-AC-RF-RLS-SR,5,205,0.024390243902439025
HH_real_chat,Counsellor,4,CO-IF-AC-RF-RPA-*,5,205,0.024390243902439025
HH_real_chat,Counsellor,4,CO-IF-AC-RF-RPD-*,3,205,0.014634146341463415
HH_real_chat,Counsellor,4,CO-IF-AC-RF-RTP-*,13,205,0.06341463414634146
HH_real_chat,Counsellor,4,CO-IF-AC-RF-SRx-*,21,205,0.1024390243902439
HH_real_chat,Counsellor,4,CO-IF-AO-*-ICO-*,3,205,0.014634146341463415
HH_real_chat,Counsellor,4,CO-IF-AO-*-ROW-*,6,205,0.02926829268292683
HH_real_chat,Counsellor,4,CO-IF-HP-*-IEA,8,205,0.03902439024390244
HH_real_chat,Counsellor,4,CO-IF-HP-*-IF-*,3,205,0.014634146341463415
HH_real_chat,Counsellor,4,CO-IF-HP-*-IPFR-*,1,205,0.004878048780487805
HH_real_chat,Counsellor,4,CO-IF-HP-*-ITFE-*,4,205,0.01951219512195122
HH_real_chat,Counsellor,4,CO-IF-HP-*-PP-IA,2,205,0.00975609756097561
HH_real_chat,Counsellor,4,CO-IF-Mot-*-RS-*,2,205,0.00975609756097561
HH_real_chat,Counsellor,4,CO-IF-RA-*-N-RAFr,1,205,0.004878048780487805
HH_real_chat,Counsellor,4,CO-IF-RA-*-RAP-*,7,205,0.03414634146341464
HH_real_chat,Counsellor,4,CO-IF-RA-*-RP-*,1,205,0.004878048780487805
HH_real_chat,Counsellor,4,CO-Mod-*-*-*-*,27,205,0.13170731707317074
HH_real_chat,Counsellor,4,CO-O-*-*-O-*,35,205,0.17073170731707318
HH_real_chat,Counsellor,4,CO-O-*-*-UCO-*,10,205,0.04878048780487805
HH_real_chat,Counsellor,5,CL-IF-ACP-*-DPD-*,2,229,0.008733624454148471
HH_real_chat,Counsellor,5,CL-IF-ACP-*-FPA-*,1,229,0.004366812227074236
HH_real_chat,Counsellor,5,CL-IF-HP-*-RepRA-*,1,229,0.004366812227074236
HH_real_chat,Counsellor,5,CL-IF-Mot-*-RC-*,1,229,0.004366812227074236
HH_real_chat,Counsellor,5,CO-FA-*-*-*-*,7,229,0.03056768558951965
HH_real_chat,Counsellor,5,CO-FC-*-*-F-*,2,229,0.008733624454148471
HH_real_chat,Counsellor,5,CO-FC-*-*-OPR-*,1,229,0.004366812227074236
HH_real_chat,Counsellor,5,CO-IF-AC-RE-RCR-*,8,229,0.034934497816593885
HH_real_chat,Counsellor,5,CO-IF-AC-RE-RES-*,8,229,0.034934497816593885
HH_real_chat,Counsellor,5,CO-IF-AC-RF-RC-*,11,229,0.048034934497816595
HH_real_chat,Counsellor,5,CO-IF-AC-RF-RCD-*,4,229,0.017467248908296942
HH_real_chat,Counsellor,5,CO-IF-AC-RF-RLS-ES,2,229,0.008733624454148471
HH_real_chat,Counsellor,5,CO-IF-AC-RF-RLS-H,5,229,0.021834061135371178
HH_real_chat,Counsellor,5,CO-IF-AC-RF-RLS-L,3,229,0.013100436681222707
HH_real_chat,Counsellor,5,CO-IF-AC-RF-RLS-PS,1,229,0.004366812227074236
HH_real_chat,Counsellor,5,CO-IF-AC-RF-RLS-SR,8,229,0.034934497816593885
HH_real_chat,Counsellor,5,CO-IF-AC-RF-RPA-*,8,229,0.034934497816593885
HH_real_chat,Counsellor,5,CO-IF-AC-RF-RPD-*,7,229,0.03056768558951965
HH_real_chat,Counsellor,5,CO-IF-AC-RF-RTP-*,20,229,0.08733624454148471
HH_real_chat,Counsellor,5,CO-IF-AC-RF-SRx-*,28,229,0.1222707423580786
HH_real_chat,Counsellor,5,CO-IF-AO-*-ICO-*,2,229,0.008733624454148471
HH_real_chat,Counsellor,5,CO-IF-AO-*-ROW-*,4,229,0.017467248908296942
HH_real_chat,Counsellor,5,CO-IF-HP-*-IEA,3,229,0.013100436681222707
HH_real_chat,Counsellor,5,CO-IF-HP-*-IPFR-*,3,229,0.013100436681222707
HH_real_chat,Counsellor,5,CO-IF-HP-*-ITFE-*,2,229,0.008733624454148471
HH_real_chat,Counsellor,5,CO-IF-HP-*-PP-IA,4,229,0.017467248908296942
HH_real_chat,Counsellor,5,CO-IF-Mot-*-IAC-*,3,229,0.013100436681222707
HH_real_chat,Counsellor,5,CO-IF-Mot-*-ITA-*,1,229,0.004366812227074236
HH_real_chat,Counsellor,5,CO-IF-Mot-*-RFC-*,4,229,0.017467248908296942
HH_real_chat,Counsellor,5,CO-IF-Mot-*-RS-*,1,229,0.004366812227074236
HH_real_chat,Counsellor,5,CO-IF-RA-*-N-RAFa,2,229,0.008733624454148471
HH_real_chat,Counsellor,5,CO-IF-RA-*-RAP-*,5,229,0.021834061135371178
HH_real_chat,Counsellor,5,CO-Mod-*-*-*-*,12,229,0.05240174672489083
HH_real_chat,Counsellor,5,CO-O-*-*-O-*,38,229,0.16593886462882096
HH_real_chat,Counsellor,5,CO-O-*-*-UCO-*,17,229,0.07423580786026202
HH_real_chat,Counsellor,6,CL-E-*-*-ECC-*,2,273,0.007326007326007326
HH_real_chat,Counsellor,6,CL-IF-ACP-*-DPD-*,3,273,0.01098901098901099
HH_real_chat,Counsellor,6,CL-IF-ACP-*-OE-*,1,273,0.003663003663003663
HH_real_chat,Counsellor,6,CL-IF-ACP-*-Rej-*,2,273,0.007326007326007326
HH_real_chat,Counsellor,6,CL-IF-HP-*-NegFR-*,1,273,0.003663003663003663
HH_real_chat,Counsellor,6,CL-O-*-*-UCO-*,2,273,0.007326007326007326
HH_real_chat,Counsellor,6,CO-FA-*-*-*-*,11,273,0.040293040293040296
HH_real_chat,Counsellor,6,CO-FC-*-*-F-*,2,273,0.007326007326007326
HH_real_chat,Counsellor,6,CO-FC-*-*-OPR-*,1,273,0.003663003663003663
HH_real_chat,Counsellor,6,CO-IF-AC-RE-RCR-*,7,273,0.02564102564102564
HH_real_chat,Counsellor,6,CO-IF-AC-RE-RES-*,7,273,0.02564102564102564
HH_real_chat,Counsellor,6,CO-IF-AC-RF-RC-*,5,273,0.018315018315018316
HH_real_chat,Counsellor,6,CO-IF-AC-RF-RCD-*,3,273,0.01098901098901099
HH_real_chat,Counsellor,6,CO-IF-AC-RF-RLS-H,3,273,0.01098901098901099
HH_real_chat,Counsellor,6,CO-IF-AC-RF-RLS-L,6,273,0.02197802197802198
HH_real_chat,Counsellor,6,CO-IF-AC-RF-RLS-PS,1,273,0.003663003663003663
HH_real_chat,Counsellor,6,CO-IF-AC-RF-RLS-SR,8,273,0.029304029304029304
HH_real_chat,Counsellor,6,CO-IF-AC-RF-RPA-*,6,273,0.02197802197802198
HH_real_chat,Counsellor,6,CO-IF-AC-RF-RPD-*,11,273,0.040293040293040296
HH_real_chat,Counsellor,6,CO-IF-AC-RF-RTP-*,29,273,0.10622710622710622
HH_real_chat,Counsellor,6,CO-IF-AC-RF-SRx-*,25,273,0.09157509157509157
HH_real_chat,Counsellor,6,CO-IF-AO-*-ICO-*,2,273,0.007326007326007326
HH_real_chat,Counsellor,6,CO-IF-AO-*-ROW-*,9,273,0.03296703296703297
HH_real_chat,Counsellor,6,CO-IF-HP-*-ICO-*,2,273,0.007326007326007326
HH_real_chat,Counsellor,6,CO-IF-HP-*-IEA,11,273,0.040293040293040296
HH_real_chat,Counsellor,6,CO-IF-HP-*-IF-*,1,273,0.003663003663003663
HH_real_chat,Counsellor,6,CO-IF-HP-*-IPFR-*,1,273,0.003663003663003663
HH_real_chat,Counsellor,6,CO-IF-HP-*-ITFE-*,3,273,0.01098901098901099
HH_real_chat,Counsellor,6,CO-IF-HP-*-IW-*,1,273,0.003663003663003663
HH_real_chat,Counsellor,6,CO-IF-HP-*-PP-IA,8,273,0.029304029304029304
HH_real_chat,Counsellor,6,CO-IF-HP-*-PP-IW,1,273,0.003663003663003663
HH_real_chat,Counsellor,6,CO-IF-Mot-*-IAC-*,2,273,0.007326007326007326
HH_real_chat,Counsellor,6,CO-IF-Mot-*-IEM-*,1,273,0.003663003663003663
HH_real_chat,Counsellor,6,CO-IF-Mot-*-ITA-*,1,273,0.003663003663003663
HH_real_chat,Counsellor,6,CO-IF-Mot-*-RFC-*,2,273,0.007326007326007326
HH_real_chat,Counsellor,6,CO-IF-Mot-*-RS-*,3,273,0.01098901098901099
HH_real_chat,Counsellor,6,CO-IF-RA-*-N-RAFr,2,273,0.007326007326007326
HH_real_chat,Counsellor,6,CO-IF-RA-*-RAP-*,5,273,0.018315018315018316
HH_real_chat,Counsellor,6,CO-Mod-*-*-*-*,23,273,0.08424908424908426
HH_real_chat,Counsellor,6,CO-O-*-*-O-*,38,273,0.1391941391941392
HH_real_chat,Counsellor,6,CO-O-*-*-UCO-*,21,273,0.07692307692307693
HH_real_chat,Counsellor,7,CL-IF-ACP-*-DPD-*,3,293,0.010238907849829351
HH_real_chat,Counsellor,7,CL-IF-ACP-*-PS-*,1,293,0.0034129692832764505
HH_real_chat,Counsellor,7,CL-IF-ACP-*-Rej-*,1,293,0.0034129692832764505
HH_real_chat,Counsellor,7,CL-IF-HP-*-NegFR-*,1,293,0.0034129692832764505
HH_real_chat,Counsellor,7,CO-FA-*-*-*-*,10,293,0.034129692832764506
HH_real_chat,Counsellor,7,CO-FC-*-*-F-*,4,293,0.013651877133105802
HH_real_chat,Counsellor,7,CO-FC-*-*-OPR-*,6,293,0.020477815699658702
HH_real_chat,Counsellor,7,CO-IF-AC-RE-RCR-*,11,293,0.03754266211604096
HH_real_chat,Counsellor,7,CO-IF-AC-RE-RES-*,8,293,0.027303754266211604
HH_real_chat,Counsellor,7,CO-IF-AC-RF-RC-*,7,293,0.023890784982935155
HH_real_chat,Counsellor,7,CO-IF-AC-RF-RCD-*,2,293,0.006825938566552901
HH_real_chat,Counsellor,7,CO-IF-AC-RF-RLS-H,6,293,0.020477815699658702
HH_real_chat,Counsellor,7,CO-IF-AC-RF-RLS-L,4,293,0.013651877133105802
HH_real_chat,Counsellor,7,CO-IF-AC-RF-RLS-PS,3,293,0.010238907849829351
HH_real_chat,Counsellor,7,CO-IF-AC-RF-RLS-SR,2,293,0.006825938566552901
HH_real_chat,Counsellor,7,CO-IF-AC-RF-RPA-*,4,293,0.013651877133105802
HH_real_chat,Counsellor,7,CO-IF-AC-RF-RPD-*,14,293,0.04778156996587031
HH_real_chat,Counsellor,7,CO-IF-AC-RF-RTP-*,21,293,0.07167235494880546
HH_real_chat,Counsellor,7,CO-IF-AC-RF-SRx-*,24,293,0.08191126279863481
HH_real_chat,Counsellor,7,CO-IF-AO-*-ICO-*,2,293,0.006825938566552901
HH_real_chat,Counsellor,7,CO-IF-AO-*-ROW-*,7,293,0.023890784982935155
HH_real_chat,Counsellor,7,CO-IF-HP-*-ICO-*,1,293,0.0034129692832764505
HH_real_chat,Counsellor,7,CO-IF-HP-*-IEA,10,293,0.034129692832764506
HH_real_chat,Counsellor,7,CO-IF-HP-*-IF-*,3,293,0.010238907849829351
HH_real_chat,Counsellor,7,CO-IF-HP-*-IPFR-*,5,293,0.017064846416382253
HH_real_chat,Counsellor,7,CO-IF-HP-*-ITFE-*,3,293,0.010238907849829351
HH_real_chat,Counsellor,7,CO-IF-HP-*-PP-IA,9,293,0.030716723549488054
HH_real_chat,Counsellor,7,CO-IF-HP-*-PP-IW,1,293,0.0034129692832764505
HH_real_chat,Counsellor,7,CO-IF-Mot-*-IAC-*,3,293,0.010238907849829351
HH_real_chat,Counsellor,7,CO-IF-Mot-*-IEM-*,1,293,0.0034129692832764505
HH_real_chat,Counsellor,7,CO-IF-Mot-*-ITA-*,5,293,0.017064846416382253
HH_real_chat,Counsellor,7,CO-IF-Mot-*-RFC-*,8,293,0.027303754266211604
HH_real_chat,Counsellor,7,CO-IF-Mot-*-RS-*,1,293,0.0034129692832764505
HH_real_chat,Counsellor,7,CO-IF-RA-*-RAP-*,7,293,0.023890784982935155
HH_real_chat,Counsellor,7,CO-Mod-*-*-*-*,30,293,0.10238907849829351
HH_real_chat,Counsellor,7,CO-O-*-*-O-*,39,293,0.13310580204778158
HH_real_chat,Counsellor,7,CO-O-*-*-UCO-*,26,293,0.08873720136518772
HH_real_chat,Counsellor,8,CL-IF-ACP-*-DPD-*,2,326,0.006134969325153374
HH_real_chat,Counsellor,8,CL-IF-ACP-*-Rej-*,1,326,0.003067484662576687
HH_real_chat,Counsellor,8,CL-IF-AO-*-Obj-*,1,326,0.003067484662576687
HH_real_chat,Counsellor,8,CO-FA-*-*-*-*,9,326,0.027607361963190184
HH_real_chat,Counsellor,8,CO-FC-*-*-F-*,9,326,0.027607361963190184
HH_real_chat,Counsellor,8,CO-FC-*-*-OPR-*,6,326,0.018404907975460124
HH_real_chat,Counsellor,8,CO-IF-AC-RE-RCR-*,9,326,0.027607361963190184
HH_real_chat,Counsellor,8,CO-IF-AC-RE-RES-*,9,326,0.027607361963190184
HH_real_chat,Counsellor,8,CO-IF-AC-RF-RC-*,10,326,0.03067484662576687
HH_real_chat,Counsellor,8,CO-IF-AC-RF-RCD-*,2,326,0.006134969325153374
HH_real_chat,Counsellor,8,CO-IF-AC-RF-RLS-ES,1,326,0.003067484662576687
HH_real_chat,Counsellor,8,CO-IF-AC-RF-RLS-H,3,326,0.009202453987730062
HH_real_chat,Counsellor,8,CO-IF-AC-RF-RLS-L,6,326,0.018404907975460124
HH_real_chat,Counsellor,8,CO-IF-AC-RF-RLS-PS,2,326,0.006134969325153374
HH_real_chat,Counsellor,8,CO-IF-AC-RF-RLS-SR,6,326,0.018404907975460124
HH_real_chat,Counsellor,8,CO-IF-AC-RF-RPA-*,4,326,0.012269938650306749
HH_real_chat,Counsellor,8,CO-IF-AC-RF-RPD-*,5,326,0.015337423312883436
HH_real_chat,Counsellor,8,CO-IF-AC-RF-RTP-*,26,326,0.07975460122699386
HH_real_chat,Counsellor,8,CO-IF-AC-RF-SRx-*,31,326,0.0950920245398773
HH_real_chat,Counsellor,8,CO-IF-AO-*-ICO-*,3,326,0.009202453987730062
HH_real_chat,Counsellor,8,CO-IF-AO-*-ROW-*,3,326,0.009202453987730062
HH_real_chat,Counsellor,8,CO-IF-HP-*-IEA,12,326,0.03680981595092025
HH_real_chat,Counsellor,8,CO-IF-HP-*-IF-*,2,326,0.006134969325153374
HH_real_chat,Counsellor,8,CO-IF-HP-*-IPFR-*,3,326,0.009202453987730062
HH_real_chat,Counsellor,8,CO-IF-HP-*-ITFE-*,2,326,0.006134969325153374
HH_real_chat,Counsellor,8,CO-IF-HP-*-PP-IA,8,326,0.024539877300613498
HH_real_chat,Counsellor,8,CO-IF-HP-*-PP-IW,6,326,0.018404907975460124
HH_real_chat,Counsellor,8,CO-IF-Mot-*-IAC-*,3,326,0.009202453987730062
HH_real_chat,Counsellor,8,CO-IF-Mot-*-IEM-*,3,326,0.009202453987730062
HH_real_chat,Counsellor,8,CO-IF-Mot-*-ITA-*,4,326,0.012269938650306749
HH_real_chat,Counsellor,8,CO-IF-Mot-*-RFC-*,1,326,0.003067484662576687
HH_real_chat,Counsellor,8,CO-IF-Mot-*-RS-*,2,326,0.006134969325153374
HH_real_chat,Counsellor,8,CO-IF-RA-*-N-RAFa,2,326,0.006134969325153374
HH_real_chat,Counsellor,8,CO-IF-RA-*-RAP-*,12,326,0.03680981595092025
HH_real_chat,Counsellor,8,CO-Mod-*-*-*-*,30,326,0.09202453987730061
HH_real_chat,Counsellor,8,CO-O-*-*-O-*,49,326,0.15030674846625766
HH_real_chat,Counsellor,8,CO-O-*-*-UCO-*,39,326,0.1196319018404908
HH_real_chat,Counsellor,9,CL-FC-*-*-F-*,1,383,0.0026109660574412533
HH_real_chat,Counsellor,9,CL-IF-ACP-*-DPD-*,3,383,0.007832898172323759
HH_real_chat,Counsellor,9,CL-IF-ACP-*-Rej-*,1,383,0.0026109660574412533
HH_real_chat,Counsellor,9,CO-FA-*-*-*-*,36,383,0.09399477806788512
HH_real_chat,Counsellor,9,CO-FC-*-*-F-*,34,383,0.08877284595300261
HH_real_chat,Counsellor,9,CO-FC-*-*-OPR-*,7,383,0.018276762402088774
HH_real_chat,Counsellor,9,CO-IF-AC-RE-RCR-*,6,383,0.015665796344647518
HH_real_chat,Counsellor,9,CO-IF-AC-RE-RES-*,1,383,0.0026109660574412533
HH_real_chat,Counsellor,9,CO-IF-AC-RF-RC-*,3,383,0.007832898172323759
HH_real_chat,Counsellor,9,CO-IF-AC-RF-RCD-*,1,383,0.0026109660574412533
HH_real_chat,Counsellor,9,CO-IF-AC-RF-RLS-L,2,383,0.005221932114882507
HH_real_chat,Counsellor,9,CO-IF-AC-RF-RLS-PS,2,383,0.005221932114882507
HH_real_chat,Counsellor,9,CO-IF-AC-RF-RLS-SR,2,383,0.005221932114882507
HH_real_chat,Counsellor,9,CO-IF-AC-RF-RPA-*,1,383,0.0026109660574412533
HH_real_chat,Counsellor,9,CO-IF-AC-RF-RPD-*,5,383,0.013054830287206266
HH_real_chat,Counsellor,9,CO-IF-AC-RF-RTP-*,14,383,0.03655352480417755
HH_real_chat,Counsellor,9,CO-IF-AC-RF-SRx-*,9,383,0.02349869451697128
HH_real_chat,Counsellor,9,CO-IF-AO-*-ICO-*,2,383,0.005221932114882507
HH_real_chat,Counsellor,9,CO-IF-HP-*-ICO-*,1,383,0.0026109660574412533
HH_real_chat,Counsellor,9,CO-IF-HP-*-IEA,8,383,0.020887728459530026
HH_real_chat,Counsellor,9,CO-IF-HP-*-IF-*,2,383,0.005221932114882507
HH_real_chat,Counsellor,9,CO-IF-HP-*-ITFE-*,2,383,0.005221932114882507
HH_real_chat,Counsellor,9,CO-IF-HP-*-IW-*,1,383,0.0026109660574412533
HH_real_chat,Counsellor,9,CO-IF-HP-*-PP-IA,11,383,0.028720626631853787
HH_real_chat,Counsellor,9,CO-IF-HP-*-PP-IW,22,383,0.057441253263707574
HH_real_chat,Counsellor,9,CO-IF-Mot-*-IAC-*,3,383,0.007832898172323759
HH_real_chat,Counsellor,9,CO-IF-Mot-*-IEM-*,1,383,0.0026109660574412533
HH_real_chat,Counsellor,9,CO-IF-Mot-*-ITA-*,27,383,0.07049608355091384
HH_real_chat,Counsellor,9,CO-IF-Mot-*-RFC-*,7,383,0.018276762402088774
HH_real_chat,Counsellor,9,CO-IF-Mot-*-RS-*,1,383,0.0026109660574412533
HH_real_chat,Counsellor,9,CO-IF-RA-*-N-RAFa,1,383,0.0026109660574412533
HH_real_chat,Counsellor,9,CO-IF-RA-*-N-RAFr,1,383,0.0026109660574412533
HH_real_chat,Counsellor,9,CO-IF-RA-*-RAP-*,8,383,0.020887728459530026
HH_real_chat,Counsellor,9,CO-Mod-*-*-*-*,75,383,0.195822454308094
HH_real_chat,Counsellor,9,CO-O-*-*-O-*,62,383,0.1618798955613577
HH_real_chat,Counsellor,9,CO-O-*-*-UCO-*,20,383,0.05221932114882506
HH_real_mail,Client,0,CL-FB-*-*-*-*,96,139,0.6906474820143885
HH_real_mail,Client,0,CL-FC-*-*-UPR-*,1,139,0.007194244604316547
HH_real_mail,Client,0,CL-IF-ACP-*-DPD-*,4,139,0.02877697841726619
HH_real_mail,Client,0,CL-IF-ACP-*-FPA-*,3,139,0.02158273381294964
HH_real_mail,Client,0,CL-IF-ACP-*-PD-*,4,139,0.02877697841726619
HH_real_mail,Client,0,CL-IF-ACP-*-PS-*,9,139,0.06474820143884892
HH_real_mail,Client,0,CL-IF-AO-*-Obj-*,1,139,0.007194244604316547
HH_real_mail,Client,0,CL-IF-RA-*-RP-*,1,139,0.007194244604316547
HH_real_mail,Client,0,CL-O-*-*-O-*,20,139,0.14388489208633093
HH_real_mail,Client,1,CL-FB-*-*-*-*,17,62,0.27419354838709675
HH_real_mail,Client,1,CL-FC-*-*-F-*,1,62,0.016129032258064516
HH_real_mail,Client,1,CL-IF-ACP-*-Cons-*,1,62,0.016129032258064516
HH_real_mail,Client,1,CL-IF-ACP-*-DPD-*,4,62,0.06451612903225806
HH_real_mail,Client,1,CL-IF-ACP-*-FPA-*,2,62,0.03225806451612903
HH_real_mail,Client,1,CL-IF-ACP-*-PD-*,10,62,0.16129032258064516
HH_real_mail,Client,1,CL-IF-ACP-*-PS-*,13,62,0.20967741935483872
HH_real_mail,Client,1,CL-IF-AO-*-Ext-*,1,62,0.016129032258064516
HH_real_mail,Client,1,CL-IF-HP-*-PosF-*,7,62,0.11290322580645161
HH_real_mail,Client,1,CL-IF-Mot-*-FC-*,1,62,0.016129032258064516
HH_real_mail,Client,1,CL-IF-Mot-*-RC-*,1,62,0.016129032258064516
HH_real_mail,Client,1,CL-O-*-*-O-*,4,62,0.06451612903225806
HH_real_mail,Client,2,CL-E-*-*-PT-*,2,66,0.030303030303030304
HH_real_mail,Client,2,CL-FB-*-*-*-*,20,66,0.30303030303030304
HH_real_mail,Client,2,CL-FC-*-*-F-*,3,66,0.045454545454545456
HH_real_mail,Client,2,CL-IF-ACP-*-Cons-*,1,66,0.015151515151515152
HH_real_mail,Client,2,CL-IF-ACP-*-DPD-*,1,66,0.015151515151515152
HH_real_mail,Client,2,CL-IF-ACP-*-FPA-*,6,66,0.09090909090909091
HH_real_mail,Client,2,CL-IF-ACP-*-PD-*,9,66,0.13636363636363635
HH_real_mail,Client,2,CL-IF-ACP-*-PS-*,4,66,0.06060606060606061
HH_real_mail,Client,2,CL-IF-AO-*-Obj-*,2,66,0.030303030303030304
HH_real_mail,Client,2,CL-IF-HP-*-PosF-*,11,66,0.16666666666666666
HH_real_mail,Client,2,CL-IF-Mot-*-RC-*,1,66,0.015151515151515152
HH_real_mail,Client,2,CL-O-*-*-O-*,6,66,0.09090909090909091
HH_real_mail,Client,3,CL-E-*-*-PT-*,1,44,0.022727272727272728
HH_real_mail,Client,3,CL-FB-*-*-*-*,12,44,0.2727272727272727
HH_real_mail,Client,3,CL-IF-ACP-*-DPD-*,3,44,0.06818181818181818
HH_real_mail,Client,3,CL-IF-ACP-*-FPA-*,5,44,0.11363636363636363
HH_real_mail,Client,3,CL-IF-ACP-*-PD-*,6,44,0.13636363636363635
HH_real_mail,Client,3,CL-IF-ACP-*-PS-*,5,44,0.11363636363636363
HH_real_mail,Client,3,CL-IF-AO-*-Ext-*,2,44,0.045454545454545456
HH_real_mail,Client,3,CL-IF-AO-*-Obj-*,1,44,0.022727272727272728
HH_real_mail,Client,3,CL-IF-HP-*-PosF-*,5,44,0.11363636363636363
HH_real_mail,Client,3,CL-IF-HP-*-PosFR-*,1,44,0.022727272727272728
HH_real_mail,Client,3,CL-IF-HP-*-Succ-*,1,44,0.022727272727272728
HH_real_mail,Client,3,CL-O-*-*-O-*,2,44,0.045454545454545456
HH_real_mail,Client,4,CL-E-*-*-PT-*,1,31,0.03225806451612903
HH_real_mail,Client,4,CL-FB-*-*-*-*,10,31,0.3225806451612903
HH_real_mail,Client,4,CL-FC-*-*-UPR-*,2,31,0.06451612903225806
HH_real_mail,Client,4,CL-IF-ACP-*-FPA-*,2,31,0.06451612903225806
HH_real_mail,Client,4,CL-IF-ACP-*-PD-*,3,31,0.0967741935483871
HH_real_mail,Client,4,CL-IF-ACP-*-PS-*,5,31,0.16129032258064516
HH_real_mail,Client,4,CL-IF-AO-*-Ext-*,1,31,0.03225806451612903
HH_real_mail,Client,4,CL-IF-HP-*-PosF-*,4,31,0.12903225806451613
HH_real_mail,Client,4,CL-IF-Mot-*-RC-*,1,31,0.03225806451612903
HH_real_mail,Client,4,CL-O-*-*-O-*,1,31,0.03225806451612903
HH_real_mail,Client,4,CO-FC-*-*-F-*,1,31,0.03225806451612903
HH_real_mail,Client,5,CL-FB-*-*-*-*,27,53,0.5094339622641509
HH_real_mail,Client,5,CL-FC-*-*-F-*,1,53,0.018867924528301886
HH_real_mail,Client,5,CL-IF-ACP-*-DPD-*,5,53,0.09433962264150944
HH_real_mail,Client,5,CL-IF-ACP-*-FPA-*,4,53,0.07547169811320754
HH_real_mail,Client,5,CL-IF-ACP-*-PD-*,7,53,0.1320754716981132
HH_real_mail,Client,5,CL-IF-ACP-*-PS-*,2,53,0.03773584905660377
HH_real_mail,Client,5,CL-IF-AO-*-Obj-*,1,53,0.018867924528301886
HH_real_mail,Client,5,CL-IF-HP-*-PosF-*,1,53,0.018867924528301886
HH_real_mail,Client,5,CL-IF-HP-*-RepRA-*,1,53,0.018867924528301886
HH_real_mail,Client,5,CL-O-*-*-O-*,4,53,0.07547169811320754
HH_real_mail,Client,6,CL-E-*-*-ECP-*,1,47,0.02127659574468085
HH_real_mail,Client,6,CL-FB-*-*-*-*,20,47,0.425531914893617
HH_real_mail,Client,6,CL-FC-*-*-UPR-*,1,47,0.02127659574468085
HH_real_mail,Client,6,CL-IF-ACP-*-DPD-*,3,47,0.06382978723404255
HH_real_mail,Client,6,CL-IF-ACP-*-FPA-*,2,47,0.0425531914893617
HH_real_mail,Client,6,CL-IF-ACP-*-PD-*,1,47,0.02127659574468085
HH_real_mail,Client,6,CL-IF-AO-*-Ext-*,1,47,0.02127659574468085
HH_real_mail,Client,6,CL-IF-HP-*-PosF-*,8,47,0.1702127659574468
HH_real_mail,Client,6,CL-IF-HP-*-RepRA-*,2,47,0.0425531914893617
HH_real_mail,Client,6,CL-IF-HP-*-Succ-*,1,47,0.02127659574468085
HH_real_mail,Client,6,CL-IF-RA-*-RF-*,1,47,0.02127659574468085
HH_real_mail,Client,6,CL-O-*-*-O-*,4,47,0.0851063829787234
HH_real_mail,Client,6,CL-O-*-*-UCO-*,1,47,0.02127659574468085
HH_real_mail,Client,6,CO-FC-*-*-F-*,1,47,0.02127659574468085
HH_real_mail,Client,7,CL-FB-*-*-*-*,11,34,0.3235294117647059
HH_real_mail,Client,7,CL-IF-ACP-*-DPD-*,2,34,0.058823529411764705
HH_real_mail,Client,7,CL-IF-ACP-*-PD-*,1,34,0.029411764705882353
HH_real_mail,Client,7,CL-IF-ACP-*-PS-*,2,34,0.058823529411764705
HH_real_mail,Client,7,CL-IF-ACP-*-Req-*,2,34,0.058823529411764705
HH_real_mail,Client,7,CL-IF-AO-*-Ext-*,2,34,0.058823529411764705
HH_real_mail,Client,7,CL-IF-HP-*-Fail-*,1,34,0.029411764705882353
HH_real_mail,Client,7,CL-IF-HP-*-PosF-*,8,34,0.23529411764705882
HH_real_mail,Client,7,CL-IF-HP-*-PosFR-*,1,34,0.029411764705882353
HH_real_mail,Client,7,CL-IF-HP-*-RepRA-*,1,34,0.029411764705882353
HH_real_mail,Client,7,CL-IF-Mot-*-RC-*,1,34,0.029411764705882353
HH_real_mail,Client,7,CL-O-*-*-O-*,2,34,0.058823529411764705
HH_real_mail,Client,8,CL-FB-*-*-*-*,15,36,0.4166666666666667
HH_real_mail,Client,8,CL-FC-*-*-F-*,4,36,0.1111111111111111
HH_real_mail,Client,8,CL-FC-*-*-UPR-*,1,36,0.027777777777777776
HH_real_mail,Client,8,CL-IF-ACP-*-FPA-*,1,36,0.027777777777777776
HH_real_mail,Client,8,CL-IF-ACP-*-PD-*,2,36,0.05555555555555555
HH_real_mail,Client,8,CL-IF-ACP-*-Rej-*,1,36,0.027777777777777776
HH_real_mail,Client,8,CL-IF-ACP-*-Req-*,1,36,0.027777777777777776
HH_real_mail,Client,8,CL-IF-AO-*-Ext-*,3,36,0.08333333333333333
HH_real_mail,Client,8,CL-IF-HP-*-PosF-*,7,36,0.19444444444444445
HH_real_mail,Client,8,CL-IF-Mot-*-RC-*,1,36,0.027777777777777776
HH_real_mail,Client,9,CL-FB-*-*-*-*,4,97,0.041237113402061855
HH_real_mail,Client,9,CL-FC-*-*-F-*,5,97,0.05154639175257732
HH_real_mail,Client,9,CL-FC-*-*-UPR-*,2,97,0.020618556701030927
HH_real_mail,Client,9,CL-IF-ACP-*-DPD-*,3,97,0.030927835051546393
HH_real_mail,Client,9,CL-IF-ACP-*-FPA-*,13,97,0.13402061855670103
HH_real_mail,Client,9,CL-IF-ACP-*-OE-*,1,97,0.010309278350515464
HH_real_mail,Client,9,CL-IF-ACP-*-PD-*,20,97,0.20618556701030927
HH_real_mail,Client,9,CL-IF-ACP-*-PS-*,20,97,0.20618556701030927
HH_real_mail,Client,9,CL-IF-AO-*-Ext-*,1,97,0.010309278350515464
HH_real_mail,Client,9,CL-IF-AO-*-Obj-*,1,97,0.010309278350515464
HH_real_mail,Client,9,CL-IF-HP-*-Fail-*,1,97,0.010309278350515464
HH_real_mail,Client,9,CL-IF-HP-*-PosF-*,14,97,0.14432989690721648
HH_real_mail,Client,9,CL-IF-HP-*-PosFR-*,1,97,0.010309278350515464
HH_real_mail,Client,9,CL-IF-HP-*-RepRA-*,3,97,0.030927835051546393
HH_real_mail,Client,9,CL-IF-HP-*-Succ-*,2,97,0.020618556701030927
HH_real_mail,Client,9,CL-IF-Mot-*-RC-*,2,97,0.020618556701030927
HH_real_mail,Client,9,CL-IF-RA-*-RP-*,3,97,0.030927835051546393
HH_real_mail,Client,9,CL-O-*-*-O-*,1,97,0.010309278350515464
HH_real_mail,Counsellor,0,CL-IF-ACP-*-DPD-*,1,153,0.006535947712418301
HH_real_mail,Counsellor,0,CO-FA-*-*-*-*,94,153,0.6143790849673203
HH_real_mail,Counsellor,0,CO-FC-*-*-F-*,2,153,0.013071895424836602
HH_real_mail,Counsellor,0,CO-FC-*-*-OPR-*,2,153,0.013071895424836602
HH_real_mail,Counsellor,0,CO-IF-AC-RF-SRx-*,6,153,0.0392156862745098
HH_real_mail,Counsellor,0,CO-IF-HP-*-ITFE-*,1,153,0.006535947712418301
HH_real_mail,Counsellor,0,CO-IF-HP-*-PP-IA,1,153,0.006535947712418301
HH_real_mail,Counsellor,0,CO-Mod-*-*-*-*,3,153,0.0196078431372549
HH_real_mail,Counsellor,0,CO-O-*-*-O-*,43,153,0.28104575163398693
HH_real_mail,Counsellor,1,CL-IF-ACP-*-DPD-*,6,89,0.06741573033707865
HH_real_mail,Counsellor,1,CO-FA-*-*-*-*,43,89,0.48314606741573035
HH_real_mail,Counsellor,1,CO-FC-*-*-F-*,2,89,0.02247191011235955
HH_real_mail,Counsellor,1,CO-IF-AC-RE-RES-*,1,89,0.011235955056179775
HH_real_mail,Counsellor,1,CO-IF-AC-RF-SRx-*,21,89,0.23595505617977527
HH_real_mail,Counsellor,1,CO-IF-Mot-*-IAC-*,2,89,0.02247191011235955
HH_real_mail,Counsellor,1,CO-IF-Mot-*-ITA-*,3,89,0.033707865168539325
HH_real_mail,Counsellor,1,CO-Mod-*-*-*-*,5,89,0.056179775280898875
HH_real_mail,Counsellor,1,CO-O-*-*-O-*,4,89,0.0449438202247191
HH_real_mail,Counsellor,1,CO-O-*-*-UCO-*,2,89,0.02247191011235955
HH_real_mail,Counsellor,2,CO-FA-*-*-*-*,45,99,0.45454545454545453
HH_real_mail,Counsellor,2,CO-FC-*-*-F-*,2,99,0.020202020202020204
HH_real_mail,Counsellor,2,CO-FC-*-*-OPR-*,1,99,0.010101010101010102
HH_real_mail,Counsellor,2,CO-IF-AC-RE-RES-*,1,99,0.010101010101010102
HH_real_mail,Counsellor,2,CO-IF-AC-RF-RC-*,1,99,0.010101010101010102
HH_real_mail,Counsellor,2,CO-IF-AC-RF-SRx-*,16,99,0.16161616161616163
HH_real_mail,Counsellor,2,CO-IF-AO-*-ICO-*,1,99,0.010101010101010102
HH_real_mail,Counsellor,2,CO-IF-AO-*-ROW-*,1,99,0.010101010101010102
HH_real_mail,Counsellor,2,CO-IF-HP-*-IEA,1,99,0.010101010101010102
HH_real_mail,Counsellor,2,CO-IF-HP-*-PP-IW,1,99,0.010101010101010102
HH_real_mail,Counsellor,2,CO-IF-Mot-*-IAC-*,3,99,0.030303030303030304
HH_real_mail,Counsellor,2,CO-IF-Mot-*-ITA-*,5,99,0.050505050505050504
HH_real_mail,Counsellor,2,CO-IF-RA-*-RAP-*,1,99,0.010101010101010102
HH_real_mail,Counsellor,2,CO-Mod-*-*-*-*,10,99,0.10101010101010101
HH_real_mail,Counsellor,2,CO-O-*-*-O-*,10,99,0.10101010101010101
HH_real_mail,Counsellor,3,CL-IF-ACP-*-DPD-*,2,71,0.028169014084507043
HH_real_mail,Counsellor,3,CO-FA-*-*-*-*,28,71,0.39436619718309857
HH_real_mail,Counsellor,3,CO-FC-*-*-F-*,2,71,0.028169014084507043
HH_real_mail,Counsellor,3,CO-FC-*-*-OPR-*,2,71,0.028169014084507043
HH_real_mail,Counsellor,3,CO-IF-AC-RE-RES-*,1,71,0.014084507042253521
HH_real_mail,Counsellor,3,CO-IF-AC-RF-RC-*,2,71,0.028169014084507043
HH_real_mail,Counsellor,3,CO-IF-AC-RF-RCD-*,1,71,0.014084507042253521
HH_real_mail,Counsellor,3,CO-IF-AC-RF-RLS-H,1,71,0.014084507042253521
HH_real_mail,Counsellor,3,CO-IF-AC-RF-SRx-*,13,71,0.18309859154929578
HH_real_mail,Counsellor,3,CO-IF-HP-*-PP-IA,1,71,0.014084507042253521
HH_real_mail,Counsellor,3,CO-IF-Mot-*-IAC-*,2,71,0.028169014084507043
HH_real_mail,Counsellor,3,CO-IF-Mot-*-ITA-*,2,71,0.028169014084507043
HH_real_mail,Counsellor,3,CO-IF-RA-*-RAP-*,1,71,0.014084507042253521
HH_real_mail,Counsellor,3,CO-Mod-*-*-*-*,6,71,0.08450704225352113
HH_real_mail,Counsellor,3,CO-O-*-*-O-*,6,71,0.08450704225352113
HH_real_mail,Counsellor,3,CO-O-*-*-UCO-*,1,71,0.014084507042253521
HH_real_mail,Counsellor,4,CO-FA-*-*-*-*,21,50,0.42
HH_real_mail,Counsellor,4,CO-FC-*-*-F-*,2,50,0.04
HH_real_mail,Counsellor,4,CO-FC-*-*-OPR-*,1,50,0.02
HH_real_mail,Counsellor,4,CO-IF-AC-RF-SRx-*,11,50,0.22
HH_real_mail,Counsellor,4,CO-IF-HP-*-IEA,1,50,0.02
HH_real_mail,Counsellor,4,CO-IF-HP-*-IPFR-*,1,50,0.02
HH_real_mail,Counsellor,4,CO-IF-Mot-*-IAC-*,1,50,0.02
HH_real_mail,Counsellor,4,CO-IF-Mot-*-ITA-*,6,50,0.12
HH_real_mail,Counsellor,4,CO-Mod-*-*-*-*,3,50,0.06
HH_real_mail,Counsellor,4,CO-O-*-*-O-*,3,50,0.06
HH_real_mail,Counsellor,5,CL-IF-ACP-*-DPD-*,4,76,0.05263157894736842
HH_real_mail,Counsellor,5,CO-FA-*-*-*-*,22,76,0.2894736842105263
HH_real_mail,Counsellor,5,CO-FC-*-*-F-*,1,76,0.013157894736842105
HH_real_mail,Counsellor,5,CO-FC-*-*-OPR-*,2,76,0.02631578947368421
HH_real_mail,Counsellor,5,CO-IF-AC-RE-RES-*,2,76,0.02631578947368421
HH_real_mail,Counsellor,5,CO-IF-AC-RF-SRx-*,13,76,0.17105263157894737
HH_real_mail,Counsellor,5,CO-IF-Mot-*-IAC-*,2,76,0.02631578947368421
HH_real_mail,Counsellor,5,CO-IF-Mot-*-ITA-*,14,76,0.18421052631578946
HH_real_mail,Counsellor,5,CO-Mod-*-*-*-*,11,76,0.14473684210526316
HH_real_mail,Counsellor,5,CO-O-*-*-O-*,5,76,0.06578947368421052
HH_real_mail,Counsellor,6,CL-IF-ACP-*-DPD-*,1,66,0.015151515151515152
HH_real_mail,Counsellor,6,CO-FA-*-*-*-*,29,66,0.4393939393939394
HH_real_mail,Counsellor,6,CO-FC-*-*-OPR-*,2,66,0.030303030303030304
HH_real_mail,Counsellor,6,CO-IF-AC-RF-RCD-*,4,66,0.06060606060606061
HH_real_mail,Counsellor,6,CO-IF-AC-RF-SRx-*,5,66,0.07575757575757576
HH_real_mail,Counsellor,6,CO-IF-HP-*-PP-IA,2,66,0.030303030303030304
HH_real_mail,Counsellor,6,CO-IF-Mot-*-IAC-*,4,66,0.06060606060606061
HH_real_mail,Counsellor,6,CO-IF-Mot-*-ITA-*,5,66,0.07575757575757576
HH_real_mail,Counsellor,6,CO-IF-RA-*-RAP-*,2,66,0.030303030303030304
HH_real_mail,Counsellor,6,CO-Mod-*-*-*-*,5,66,0.07575757575757576
HH_real_mail,Counsellor,6,CO-O-*-*-O-*,7,66,0.10606060606060606
HH_real_mail,Counsellor,7,CO-FA-*-*-*-*,21,50,0.42
HH_real_mail,Counsellor,7,CO-FC-*-*-F-*,3,50,0.06
HH_real_mail,Counsellor,7,CO-FC-*-*-OPR-*,4,50,0.08
HH_real_mail,Counsellor,7,CO-IF-AC-RF-RC-*,1,50,0.02
HH_real_mail,Counsellor,7,CO-IF-AC-RF-SRx-*,6,50,0.12
HH_real_mail,Counsellor,7,CO-IF-Mot-*-IAC-*,1,50,0.02
HH_real_mail,Counsellor,7,CO-IF-Mot-*-ITA-*,4,50,0.08
HH_real_mail,Counsellor,7,CO-IF-RA-*-RAP-*,1,50,0.02
HH_real_mail,Counsellor,7,CO-Mod-*-*-*-*,5,50,0.1
HH_real_mail,Counsellor,7,CO-O-*-*-O-*,4,50,0.08
HH_real_mail,Counsellor,8,CO-FA-*-*-*-*,33,62,0.532258064516129
HH_real_mail,Counsellor,8,CO-FC-*-*-F-*,2,62,0.03225806451612903
HH_real_mail,Counsellor,8,CO-FC-*-*-OPR-*,7,62,0.11290322580645161
HH_real_mail,Counsellor,8,CO-IF-AC-RF-RLS-H,4,62,0.06451612903225806
HH_real_mail,Counsellor,8,CO-IF-AC-RF-RLS-SR,1,62,0.016129032258064516
HH_real_mail,Counsellor,8,CO-IF-AC-RF-SRx-*,2,62,0.03225806451612903
HH_real_mail,Counsellor,8,CO-IF-Mot-*-IAC-*,1,62,0.016129032258064516
HH_real_mail,Counsellor,8,CO-IF-Mot-*-ITA-*,5,62,0.08064516129032258
HH_real_mail,Counsellor,8,CO-Mod-*-*-*-*,6,62,0.0967741935483871
HH_real_mail,Counsellor,8,CO-O-*-*-O-*,1,62,0.016129032258064516
HH_real_mail,Counsellor,9,CL-IF-ACP-*-DPD-*,1,105,0.009523809523809525
HH_real_mail,Counsellor,9,CO-FA-*-*-*-*,12,105,0.11428571428571428
HH_real_mail,Counsellor,9,CO-FC-*-*-F-*,5,105,0.047619047619047616
HH_real_mail,Counsellor,9,CO-FC-*-*-OPR-*,27,105,0.2571428571428571
HH_real_mail,Counsellor,9,CO-IF-AC-RF-RC-*,1,105,0.009523809523809525
HH_real_mail,Counsellor,9,CO-IF-AC-RF-RLS-SR,1,105,0.009523809523809525
HH_real_mail,Counsellor,9,CO-IF-AC-RF-RTP-*,1,105,0.009523809523809525
HH_real_mail,Counsellor,9,CO-IF-AC-RF-SRx-*,19,105,0.18095238095238095
HH_real_mail,Counsellor,9,CO-IF-AO-*-ICO-*,1,105,0.009523809523809525
HH_real_mail,Counsellor,9,CO-IF-HP-*-IF-*,1,105,0.009523809523809525
HH_real_mail,Counsellor,9,CO-IF-HP-*-PP-IW,3,105,0.02857142857142857
HH_real_mail,Counsellor,9,CO-IF-Mot-*-IAC-*,1,105,0.009523809523809525
HH_real_mail,Counsellor,9,CO-IF-Mot-*-ITA-*,7,105,0.06666666666666667
HH_real_mail,Counsellor,9,CO-IF-RA-*-RAP-*,1,105,0.009523809523809525
HH_real_mail,Counsellor,9,CO-Mod-*-*-*-*,23,105,0.21904761904761905
HH_real_mail,Counsellor,9,CO-O-*-*-O-*,1,105,0.009523809523809525
HH_roleplay_chat,Client,0,CL-E-*-*-ECC-*,1,263,0.0038022813688212928
HH_roleplay_chat,Client,0,CL-FB-*-*-*-*,83,263,0.3155893536121673
HH_roleplay_chat,Client,0,CL-FC-*-*-UPR-*,2,263,0.0076045627376425855
HH_roleplay_chat,Client,0,CL-IF-ACP-*-Cons-*,37,263,0.14068441064638784
HH_roleplay_chat,Client,0,CL-IF-ACP-*-DPD-*,28,263,0.10646387832699619
HH_roleplay_chat,Client,0,CL-IF-ACP-*-FPA-*,2,263,0.0076045627376425855
HH_roleplay_chat,Client,0,CL-IF-ACP-*-OE-*,2,263,0.0076045627376425855
HH_roleplay_chat,Client,0,CL-IF-ACP-*-PD-*,8,263,0.030418250950570342
HH_roleplay_chat,Client,0,CL-IF-ACP-*-PS-*,33,263,0.12547528517110265
HH_roleplay_chat,Client,0,CL-IF-ACP-*-Rej-*,5,263,0.019011406844106463
HH_roleplay_chat,Client,0,CL-IF-ACP-*-Req-*,11,263,0.04182509505703422
HH_roleplay_chat,Client,0,CL-IF-AO-*-Obj-*,2,263,0.0076045627376425855
HH_roleplay_chat,Client,0,CL-IF-HP-*-PosF-*,10,263,0.03802281368821293
HH_roleplay_chat,Client,0,CL-IF-Mot-*-FC-*,5,263,0.019011406844106463
HH_roleplay_chat,Client,0,CL-IF-RA-*-RF-*,1,263,0.0038022813688212928
HH_roleplay_chat,Client,0,CL-IF-RA-*-RP-*,1,263,0.0038022813688212928
HH_roleplay_chat,Client,0,CL-O-*-*-O-*,27,263,0.10266159695817491
HH_roleplay_chat,Client,0,CL-O-*-*-UCO-*,3,263,0.011406844106463879
HH_roleplay_chat,Client,0,CO-IF-AC-RF-RPD-*,1,263,0.0038022813688212928
HH_roleplay_chat,Client,0,CO-Mod-*-*-*-*,1,263,0.0038022813688212928
HH_roleplay_chat,Client,1,CL-E-*-*-ECP-*,3,220,0.013636363636363636
HH_roleplay_chat,Client,1,CL-E-*-*-PT-*,1,220,0.004545454545454545
HH_roleplay_chat,Client,1,CL-FB-*-*-*-*,4,220,0.01818181818181818
HH_roleplay_chat,Client,1,CL-FC-*-*-UPR-*,4,220,0.01818181818181818
HH_roleplay_chat,Client,1,CL-IF-ACP-*-Cons-*,51,220,0.2318181818181818
HH_roleplay_chat,Client,1,CL-IF-ACP-*-DPD-*,13,220,0.05909090909090909
HH_roleplay_chat,Client,1,CL-IF-ACP-*-FPA-*,8,220,0.03636363636363636
HH_roleplay_chat,Client,1,CL-IF-ACP-*-OE-*,3,220,0.013636363636363636
HH_roleplay_chat,Client,1,CL-IF-ACP-*-PD-*,32,220,0.14545454545454545
HH_roleplay_chat,Client,1,CL-IF-ACP-*-PS-*,36,220,0.16363636363636364
HH_roleplay_chat,Client,1,CL-IF-ACP-*-Rej-*,6,220,0.02727272727272727
HH_roleplay_chat,Client,1,CL-IF-ACP-*-Req-*,1,220,0.004545454545454545
HH_roleplay_chat,Client,1,CL-IF-AO-*-Ext-*,3,220,0.013636363636363636
HH_roleplay_chat,Client,1,CL-IF-AO-*-Obj-*,4,220,0.01818181818181818
HH_roleplay_chat,Client,1,CL-IF-HP-*-Fail-*,1,220,0.004545454545454545
HH_roleplay_chat,Client,1,CL-IF-HP-*-PosF-*,6,220,0.02727272727272727
HH_roleplay_chat,Client,1,CL-IF-HP-*-RepRA-*,1,220,0.004545454545454545
HH_roleplay_chat,Client,1,CL-IF-Mot-*-FC-*,4,220,0.01818181818181818
HH_roleplay_chat,Client,1,CL-IF-Mot-*-RC-*,1,220,0.004545454545454545
HH_roleplay_chat,Client,1,CL-IF-RA-*-RF-*,1,220,0.004545454545454545
HH_roleplay_chat,Client,1,CL-IF-RA-*-RP-*,2,220,0.00909090909090909
HH_roleplay_chat,Client,1,CL-O-*-*-O-*,31,220,0.1409090909090909
HH_roleplay_chat,Client,1,CL-O-*-*-UCO-*,3,220,0.013636363636363636
HH_roleplay_chat,Client,1,CO-IF-HP-*-IEA,1,220,0.004545454545454545
HH_roleplay_chat,Client,2,CL-E-*-*-ECP-*,3,209,0.014354066985645933
HH_roleplay_chat,Client,2,CL-FB-*-*-*-*,2,209,0.009569377990430622
HH_roleplay_chat,Client,2,CL-FC-*-*-UPR-*,2,209,0.009569377990430622
HH_roleplay_chat,Client,2,CL-IF-ACP-*-Cons-*,34,209,0.16267942583732056
HH_roleplay_chat,Client,2,CL-IF-ACP-*-DPD-*,6,209,0.028708133971291867
HH_roleplay_chat,Client,2,CL-IF-ACP-*-FPA-*,16,209,0.07655502392344497
HH_roleplay_chat,Client,2,CL-IF-ACP-*-OE-*,5,209,0.023923444976076555
HH_roleplay_chat,Client,2,CL-IF-ACP-*-PD-*,39,209,0.18660287081339713
HH_roleplay_chat,Client,2,CL-IF-ACP-*-PS-*,29,209,0.13875598086124402
HH_roleplay_chat,Client,2,CL-IF-ACP-*-Rej-*,6,209,0.028708133971291867
HH_roleplay_chat,Client,2,CL-IF-ACP-*-Req-*,8,209,0.03827751196172249
HH_roleplay_chat,Client,2,CL-IF-AO-*-Ext-*,5,209,0.023923444976076555
HH_roleplay_chat,Client,2,CL-IF-AO-*-Obj-*,13,209,0.06220095693779904
HH_roleplay_chat,Client,2,CL-IF-HP-*-PosF-*,7,209,0.03349282296650718
HH_roleplay_chat,Client,2,CL-IF-HP-*-PosFR-*,2,209,0.009569377990430622
HH_roleplay_chat,Client,2,CL-IF-HP-*-RepRA-*,2,209,0.009569377990430622
HH_roleplay_chat,Client,2,CL-IF-Mot-*-FC-*,3,209,0.014354066985645933
HH_roleplay_chat,Client,2,CL-IF-Mot-*-RC-*,1,209,0.004784688995215311
HH_roleplay_chat,Client,2,CL-IF-RA-*-RF-*,2,209,0.009569377990430622
HH_roleplay_chat,Client,2,CL-IF-RA-*-RP-*,6,209,0.028708133971291867
HH_roleplay_chat,Client,2,CL-O-*-*-O-*,15,209,0.07177033492822966
HH_roleplay_chat,Client,2,CL-O-*-*-UCO-*,2,209,0.009569377990430622
HH_roleplay_chat,Client,2,CO-IF-HP-*-IEA,1,209,0.004784688995215311
HH_roleplay_chat,Client,3,CL-E-*-*-ECP-*,7,209,0.03349282296650718
HH_roleplay_chat,Client,3,CL-E-*-*-PT-*,1,209,0.004784688995215311
HH_roleplay_chat,Client,3,CL-FB-*-*-*-*,7,209,0.03349282296650718
HH_roleplay_chat,Client,3,CL-IF-ACP-*-Cons-*,52,209,0.24880382775119617
HH_roleplay_chat,Client,3,CL-IF-ACP-*-DPD-*,5,209,0.023923444976076555
HH_roleplay_chat,Client,3,CL-IF-ACP-*-FPA-*,11,209,0.05263157894736842
HH_roleplay_chat,Client,3,CL-IF-ACP-*-OE-*,1,209,0.004784688995215311
HH_roleplay_chat,Client,3,CL-IF-ACP-*-PD-*,33,209,0.15789473684210525
HH_roleplay_chat,Client,3,CL-IF-ACP-*-PS-*,19,209,0.09090909090909091
HH_roleplay_chat,Client,3,CL-IF-ACP-*-Rej-*,4,209,0.019138755980861243
HH_roleplay_chat,Client,3,CL-IF-ACP-*-Req-*,5,209,0.023923444976076555
HH_roleplay_chat,Client,3,CL-IF-AO-*-Ext-*,3,209,0.014354066985645933
HH_roleplay_chat,Client,3,CL-IF-AO-*-Obj-*,14,209,0.06698564593301436
HH_roleplay_chat,Client,3,CL-IF-HP-*-Fail-*,1,209,0.004784688995215311
HH_roleplay_chat,Client,3,CL-IF-HP-*-NegFR-*,3,209,0.014354066985645933
HH_roleplay_chat,Client,3,CL-IF-HP-*-PosF-*,5,209,0.023923444976076555
HH_roleplay_chat,Client,3,CL-IF-HP-*-PosFR-*,1,209,0.004784688995215311
HH_roleplay_chat,Client,3,CL-IF-HP-*-RepRA-*,1,209,0.004784688995215311
HH_roleplay_chat,Client,3,CL-IF-Mot-*-FC-*,4,209,0.019138755980861243
HH_roleplay_chat,Client,3,CL-IF-Mot-*-RC-*,4,209,0.019138755980861243
HH_roleplay_chat,Client,3,CL-IF-RA-*-RP-*,5,209,0.023923444976076555
HH_roleplay_chat,Client,3,CL-O-*-*-O-*,16,209,0.07655502392344497
HH_roleplay_chat,Client,3,CL-O-*-*-UCO-*,4,209,0.019138755980861243
HH_roleplay_chat,Client,3,CO-IF-AC-RF-SRx-*,3,209,0.014354066985645933
HH_roleplay_chat,Client,4,CL-E-*-*-ECP-*,4,208,0.019230769230769232
HH_roleplay_chat,Client,4,CL-E-*-*-PT-*,4,208,0.019230769230769232
HH_roleplay_chat,Client,4,CL-FB-*-*-*-*,1,208,0.004807692307692308
HH_roleplay_chat,Client,4,CL-FC-*-*-F-*,4,208,0.019230769230769232
HH_roleplay_chat,Client,4,CL-FC-*-*-UPR-*,3,208,0.014423076923076924
HH_roleplay_chat,Client,4,CL-IF-ACP-*-Cons-*,57,208,0.27403846153846156
HH_roleplay_chat,Client,4,CL-IF-ACP-*-DPD-*,5,208,0.02403846153846154
HH_roleplay_chat,Client,4,CL-IF-ACP-*-FPA-*,13,208,0.0625
HH_roleplay_chat,Client,4,CL-IF-ACP-*-OE-*,4,208,0.019230769230769232
HH_roleplay_chat,Client,4,CL-IF-ACP-*-PD-*,23,208,0.11057692307692307
HH_roleplay_chat,Client,4,CL-IF-ACP-*-PS-*,12,208,0.057692307692307696
HH_roleplay_chat,Client,4,CL-IF-ACP-*-Rej-*,3,208,0.014423076923076924
HH_roleplay_chat,Client,4,CL-IF-ACP-*-Req-*,10,208,0.04807692307692308
HH_roleplay_chat,Client,4,CL-IF-AO-*-Ext-*,4,208,0.019230769230769232
HH_roleplay_chat,Client,4,CL-IF-AO-*-Obj-*,6,208,0.028846153846153848
HH_roleplay_chat,Client,4,CL-IF-HP-*-Fail-*,1,208,0.004807692307692308
HH_roleplay_chat,Client,4,CL-IF-HP-*-PosF-*,13,208,0.0625
HH_roleplay_chat,Client,4,CL-IF-HP-*-PosFR-*,2,208,0.009615384615384616
HH_roleplay_chat,Client,4,CL-IF-HP-*-RepRA-*,3,208,0.014423076923076924
HH_roleplay_chat,Client,4,CL-IF-Mot-*-FC-*,2,208,0.009615384615384616
HH_roleplay_chat,Client,4,CL-IF-Mot-*-RC-*,2,208,0.009615384615384616
HH_roleplay_chat,Client,4,CL-IF-RA-*-RF-*,1,208,0.004807692307692308
HH_roleplay_chat,Client,4,CL-IF-RA-*-RP-*,9,208,0.04326923076923077
HH_roleplay_chat,Client,4,CL-O-*-*-O-*,21,208,0.10096153846153846
HH_roleplay_chat,Client,4,CL-O-*-*-UCO-*,1,208,0.004807692307692308
HH_roleplay_chat,Client,5,CL-E-*-*-ECC-*,1,190,0.005263157894736842
HH_roleplay_chat,Client,5,CL-FC-*-*-F-*,7,190,0.03684210526315789
HH_roleplay_chat,Client,5,CL-FC-*-*-UPR-*,5,190,0.02631578947368421
HH_roleplay_chat,Client,5,CL-IF-ACP-*-Cons-*,44,190,0.23157894736842105
HH_roleplay_chat,Client,5,CL-IF-ACP-*-DPD-*,5,190,0.02631578947368421
HH_roleplay_chat,Client,5,CL-IF-ACP-*-FPA-*,9,190,0.04736842105263158
HH_roleplay_chat,Client,5,CL-IF-ACP-*-OE-*,3,190,0.015789473684210527
HH_roleplay_chat,Client,5,CL-IF-ACP-*-PD-*,19,190,0.1
HH_roleplay_chat,Client,5,CL-IF-ACP-*-PS-*,9,190,0.04736842105263158
HH_roleplay_chat,Client,5,CL-IF-ACP-*-Rej-*,4,190,0.021052631578947368
HH_roleplay_chat,Client,5,CL-IF-ACP-*-Req-*,7,190,0.03684210526315789
HH_roleplay_chat,Client,5,CL-IF-AO-*-Ext-*,7,190,0.03684210526315789
HH_roleplay_chat,Client,5,CL-IF-AO-*-Obj-*,8,190,0.042105263157894736
HH_roleplay_chat,Client,5,CL-IF-HP-*-NegFR-*,3,190,0.015789473684210527
HH_roleplay_chat,Client,5,CL-IF-HP-*-PosF-*,7,190,0.03684210526315789
HH_roleplay_chat,Client,5,CL-IF-HP-*-PosFR-*,6,190,0.031578947368421054
HH_roleplay_chat,Client,5,CL-IF-HP-*-RepRA-*,4,190,0.021052631578947368
HH_roleplay_chat,Client,5,CL-IF-HP-*-Succ-*,2,190,0.010526315789473684
HH_roleplay_chat,Client,5,CL-IF-Mot-*-FC-*,4,190,0.021052631578947368
HH_roleplay_chat,Client,5,CL-IF-Mot-*-RC-*,1,190,0.005263157894736842
HH_roleplay_chat,Client,5,CL-IF-RA-*-RF-*,1,190,0.005263157894736842
HH_roleplay_chat,Client,5,CL-IF-RA-*-RP-*,4,190,0.021052631578947368
HH_roleplay_chat,Client,5,CL-O-*-*-O-*,26,190,0.1368421052631579
HH_roleplay_chat,Client,5,CL-O-*-*-UCO-*,3,190,0.015789473684210527
HH_roleplay_chat,Client,5,CO-IF-AC-RF-SRx-*,1,190,0.005263157894736842
HH_roleplay_chat,Client,6,CL-E-*-*-ECP-*,1,177,0.005649717514124294
HH_roleplay_chat,Client,6,CL-E-*-*-PT-*,3,177,0.01694915254237288
HH_roleplay_chat,Client,6,CL-FB-*-*-*-*,1,177,0.005649717514124294
HH_roleplay_chat,Client,6,CL-FC-*-*-F-*,10,177,0.05649717514124294
HH_roleplay_chat,Client,6,CL-FC-*-*-UPR-*,3,177,0.01694915254237288
HH_roleplay_chat,Client,6,CL-IF-ACP-*-Cons-*,48,177,0.2711864406779661
HH_roleplay_chat,Client,6,CL-IF-ACP-*-DPD-*,1,177,0.005649717514124294
HH_roleplay_chat,Client,6,CL-IF-ACP-*-FPA-*,7,177,0.03954802259887006
HH_roleplay_chat,Client,6,CL-IF-ACP-*-OE-*,2,177,0.011299435028248588
HH_roleplay_chat,Client,6,CL-IF-ACP-*-PD-*,8,177,0.04519774011299435
HH_roleplay_chat,Client,6,CL-IF-ACP-*-PS-*,7,177,0.03954802259887006
HH_roleplay_chat,Client,6,CL-IF-ACP-*-Rej-*,2,177,0.011299435028248588
HH_roleplay_chat,Client,6,CL-IF-ACP-*-Req-*,13,177,0.07344632768361582
HH_roleplay_chat,Client,6,CL-IF-AO-*-Ext-*,7,177,0.03954802259887006
HH_roleplay_chat,Client,6,CL-IF-AO-*-Obj-*,10,177,0.05649717514124294
HH_roleplay_chat,Client,6,CL-IF-HP-*-NegFR-*,1,177,0.005649717514124294
HH_roleplay_chat,Client,6,CL-IF-HP-*-PosF-*,7,177,0.03954802259887006
HH_roleplay_chat,Client,6,CL-IF-HP-*-PosFR-*,2,177,0.011299435028248588
HH_roleplay_chat,Client,6,CL-IF-HP-*-RepRA-*,2,177,0.011299435028248588
HH_roleplay_chat,Client,6,CL-IF-HP-*-Succ-*,1,177,0.005649717514124294
HH_roleplay_chat,Client,6,CL-IF-Mot-*-FC-*,2,177,0.011299435028248588
HH_roleplay_chat,Client,6,CL-IF-Mot-*-RC-*,6,177,0.03389830508474576
HH_roleplay_chat,Client,6,CL-IF-RA-*-RF-*,3,177,0.01694915254237288
HH_roleplay_chat,Client,6,CL-IF-RA-*-RP-*,6,177,0.03389830508474576
HH_roleplay_chat,Client,6,CL-O-*-*-O-*,19,177,0.10734463276836158
HH_roleplay_chat,Client,6,CL-O-*-*-UCO-*,4,177,0.022598870056497175
HH_roleplay_chat,Client,6,CO-Mod-*-*-*-*,1,177,0.005649717514124294
HH_roleplay_chat,Client,7,CL-E-*-*-PT-*,1,152,0.006578947368421052
HH_roleplay_chat,Client,7,CL-FB-*-*-*-*,3,152,0.019736842105263157
HH_roleplay_chat,Client,7,CL-FC-*-*-F-*,4,152,0.02631578947368421
HH_roleplay_chat,Client,7,CL-FC-*-*-UPR-*,2,152,0.013157894736842105
HH_roleplay_chat,Client,7,CL-IF-ACP-*-Cons-*,43,152,0.28289473684210525
HH_roleplay_chat,Client,7,CL-IF-ACP-*-FPA-*,9,152,0.05921052631578947
HH_roleplay_chat,Client,7,CL-IF-ACP-*-OE-*,1,152,0.006578947368421052
HH_roleplay_chat,Client,7,CL-IF-ACP-*-PD-*,14,152,0.09210526315789473
HH_roleplay_chat,Client,7,CL-IF-ACP-*-PS-*,5,152,0.03289473684210526
HH_roleplay_chat,Client,7,CL-IF-ACP-*-Rej-*,8,152,0.05263157894736842
HH_roleplay_chat,Client,7,CL-IF-ACP-*-Req-*,8,152,0.05263157894736842
HH_roleplay_chat,Client,7,CL-IF-AO-*-Ext-*,2,152,0.013157894736842105
HH_roleplay_chat,Client,7,CL-IF-AO-*-Obj-*,11,152,0.07236842105263158
HH_roleplay_chat,Client,7,CL-IF-HP-*-NegFR-*,1,152,0.006578947368421052
HH_roleplay_chat,Client,7,CL-IF-HP-*-PosF-*,8,152,0.05263157894736842
HH_roleplay_chat,Client,7,CL-IF-HP-*-PosFR-*,4,152,0.02631578947368421
HH_roleplay_chat,Client,7,CL-IF-HP-*-Succ-*,2,152,0.013157894736842105
HH_roleplay_chat,Client,7,CL-IF-Mot-*-FC-*,2,152,0.013157894736842105
HH_roleplay_chat,Client,7,CL-IF-Mot-*-RC-*,1,152,0.006578947368421052
HH_roleplay_chat,Client,7,CL-IF-RA-*-RF-*,3,152,0.019736842105263157
HH_roleplay_chat,Client,7,CL-IF-RA-*-RP-*,4,152,0.02631578947368421
HH_roleplay_chat,Client,7,CL-O-*-*-O-*,14,152,0.09210526315789473
HH_roleplay_chat,Client,7,CL-O-*-*-UCO-*,2,152,0.013157894736842105
HH_roleplay_chat,Client,8,CL-E-*-*-ECP-*,1,147,0.006802721088435374
HH_roleplay_chat,Client,8,CL-E-*-*-PT-*,1,147,0.006802721088435374
HH_roleplay_chat,Client,8,CL-FC-*-*-F-*,10,147,0.06802721088435375
HH_roleplay_chat,Client,8,CL-FC-*-*-UPR-*,6,147,0.04081632653061224
HH_roleplay_chat,Client,8,CL-IF-ACP-*-Cons-*,28,147,0.19047619047619047
HH_roleplay_chat,Client,8,CL-IF-ACP-*-DPD-*,3,147,0.02040816326530612
HH_roleplay_chat,Client,8,CL-IF-ACP-*-FPA-*,3,147,0.02040816326530612
HH_roleplay_chat,Client,8,CL-IF-ACP-*-PD-*,8,147,0.05442176870748299
HH_roleplay_chat,Client,8,CL-IF-ACP-*-PS-*,7,147,0.047619047619047616
HH_roleplay_chat,Client,8,CL-IF-ACP-*-Rej-*,3,147,0.02040816326530612
HH_roleplay_chat,Client,8,CL-IF-ACP-*-Req-*,10,147,0.06802721088435375
HH_roleplay_chat,Client,8,CL-IF-AO-*-Ext-*,4,147,0.027210884353741496
HH_roleplay_chat,Client,8,CL-IF-AO-*-Obj-*,3,147,0.02040816326530612
HH_roleplay_chat,Client,8,CL-IF-HP-*-PosF-*,10,147,0.06802721088435375
HH_roleplay_chat,Client,8,CL-IF-HP-*-PosFR-*,8,147,0.05442176870748299
HH_roleplay_chat,Client,8,CL-IF-HP-*-RepRA-*,2,147,0.013605442176870748
HH_roleplay_chat,Client,8,CL-IF-HP-*-Succ-*,2,147,0.013605442176870748
HH_roleplay_chat,Client,8,CL-IF-Mot-*-RC-*,4,147,0.027210884353741496
HH_roleplay_chat,Client,8,CL-IF-RA-*-RF-*,2,147,0.013605442176870748
HH_roleplay_chat,Client,8,CL-IF-RA-*-RP-*,6,147,0.04081632653061224
HH_roleplay_chat,Client,8,CL-O-*-*-O-*,24,147,0.16326530612244897
HH_roleplay_chat,Client,8,CL-O-*-*-UCO-*,2,147,0.013605442176870748
HH_roleplay_chat,Client,9,CL-FB-*-*-*-*,1,128,0.0078125
HH_roleplay_chat,Client,9,CL-FC-*-*-F-*,28,128,0.21875
HH_roleplay_chat,Client,9,CL-FC-*-*-UPR-*,7,128,0.0546875
HH_roleplay_chat,Client,9,CL-IF-ACP-*-Cons-*,30,128,0.234375
HH_roleplay_chat,Client,9,CL-IF-ACP-*-DPD-*,1,128,0.0078125
HH_roleplay_chat,Client,9,CL-IF-ACP-*-FPA-*,1,128,0.0078125
HH_roleplay_chat,Client,9,CL-IF-ACP-*-OE-*,2,128,0.015625
HH_roleplay_chat,Client,9,CL-IF-ACP-*-PD-*,1,128,0.0078125
HH_roleplay_chat,Client,9,CL-IF-ACP-*-PS-*,1,128,0.0078125
HH_roleplay_chat,Client,9,CL-IF-ACP-*-Rej-*,1,128,0.0078125
HH_roleplay_chat,Client,9,CL-IF-ACP-*-Req-*,4,128,0.03125
HH_roleplay_chat,Client,9,CL-IF-AO-*-Ext-*,1,128,0.0078125
HH_roleplay_chat,Client,9,CL-IF-AO-*-Obj-*,3,128,0.0234375
HH_roleplay_chat,Client,9,CL-IF-HP-*-PosF-*,14,128,0.109375
HH_roleplay_chat,Client,9,CL-IF-HP-*-PosFR-*,4,128,0.03125
HH_roleplay_chat,Client,9,CL-IF-HP-*-RepRA-*,4,128,0.03125
HH_roleplay_chat,Client,9,CL-IF-HP-*-Succ-*,4,128,0.03125
HH_roleplay_chat,Client,9,CL-IF-Mot-*-FC-*,1,128,0.0078125
HH_roleplay_chat,Client,9,CL-IF-Mot-*-RC-*,2,128,0.015625
HH_roleplay_chat,Client,9,CL-IF-RA-*-RF-*,4,128,0.03125
HH_roleplay_chat,Client,9,CL-IF-RA-*-RP-*,1,128,0.0078125
HH_roleplay_chat,Client,9,CL-O-*-*-O-*,13,128,0.1015625
HH_roleplay_chat,Counsellor,0,CL-IF-ACP-*-DPD-*,8,287,0.027874564459930314
HH_roleplay_chat,Counsellor,0,CL-IF-ACP-*-Rej-*,1,287,0.003484320557491289
HH_roleplay_chat,Counsellor,0,CO-FA-*-*-*-*,141,287,0.4912891986062718
HH_roleplay_chat,Counsellor,0,CO-FC-*-*-F-*,1,287,0.003484320557491289
HH_roleplay_chat,Counsellor,0,CO-FC-*-*-OPR-*,3,287,0.010452961672473868
HH_roleplay_chat,Counsellor,0,CO-IF-AC-RE-RCR-*,1,287,0.003484320557491289
HH_roleplay_chat,Counsellor,0,CO-IF-AC-RE-RES-*,8,287,0.027874564459930314
HH_roleplay_chat,Counsellor,0,CO-IF-AC-RF-RC-*,16,287,0.05574912891986063
HH_roleplay_chat,Counsellor,0,CO-IF-AC-RF-RLS-H,1,287,0.003484320557491289
HH_roleplay_chat,Counsellor,0,CO-IF-AC-RF-RLS-PS,1,287,0.003484320557491289
HH_roleplay_chat,Counsellor,0,CO-IF-AC-RF-RLS-SR,2,287,0.006968641114982578
HH_roleplay_chat,Counsellor,0,CO-IF-AC-RF-RPA-*,5,287,0.017421602787456445
HH_roleplay_chat,Counsellor,0,CO-IF-AC-RF-RPD-*,7,287,0.024390243902439025
HH_roleplay_chat,Counsellor,0,CO-IF-AC-RF-RTP-*,3,287,0.010452961672473868
HH_roleplay_chat,Counsellor,0,CO-IF-AC-RF-SRx-*,15,287,0.05226480836236934
HH_roleplay_chat,Counsellor,0,CO-IF-AO-*-ROW-*,1,287,0.003484320557491289
HH_roleplay_chat,Counsellor,0,CO-IF-HP-*-IEA,1,287,0.003484320557491289
HH_roleplay_chat,Counsellor,0,CO-IF-Mot-*-IAC-*,2,287,0.006968641114982578
HH_roleplay_chat,Counsellor,0,CO-IF-Mot-*-ITA-*,11,287,0.03832752613240418
HH_roleplay_chat,Counsellor,0,CO-IF-Mot-*-RS-*,1,287,0.003484320557491289
HH_roleplay_chat,Counsellor,0,CO-Mod-*-*-*-*,39,287,0.13588850174216027
HH_roleplay_chat,Counsellor,0,CO-O-*-*-O-*,18,287,0.0627177700348432
HH_roleplay_chat,Counsellor,0,CO-O-*-*-UCO-*,1,287,0.003484320557491289
HH_roleplay_chat,Counsellor,1,CL-IF-ACP-*-DPD-*,1,225,0.0044444444444444444
HH_roleplay_chat,Counsellor,1,CO-FA-*-*-*-*,13,225,0.057777777777777775
HH_roleplay_chat,Counsellor,1,CO-FC-*-*-F-*,1,225,0.0044444444444444444
HH_roleplay_chat,Counsellor,1,CO-FC-*-*-OPR-*,1,225,0.0044444444444444444
HH_roleplay_chat,Counsellor,1,CO-IF-AC-RE-RCR-*,7,225,0.03111111111111111
HH_roleplay_chat,Counsellor,1,CO-IF-AC-RE-RES-*,12,225,0.05333333333333334
HH_roleplay_chat,Counsellor,1,CO-IF-AC-RF-RC-*,19,225,0.08444444444444445
HH_roleplay_chat,Counsellor,1,CO-IF-AC-RF-RCD-*,1,225,0.0044444444444444444
HH_roleplay_chat,Counsellor,1,CO-IF-AC-RF-RLS-H,9,225,0.04
HH_roleplay_chat,Counsellor,1,CO-IF-AC-RF-RLS-SR,4,225,0.017777777777777778
HH_roleplay_chat,Counsellor,1,CO-IF-AC-RF-RPA-*,8,225,0.035555555555555556
HH_roleplay_chat,Counsellor,1,CO-IF-AC-RF-RPD-*,10,225,0.044444444444444446
HH_roleplay_chat,Counsellor,1,CO-IF-AC-RF-RTP-*,4,225,0.017777777777777778
HH_roleplay_chat,Counsellor,1,CO-IF-AC-RF-SRx-*,39,225,0.17333333333333334
HH_roleplay_chat,Counsellor,1,CO-IF-AO-*-ROW-*,5,225,0.022222222222222223
HH_roleplay_chat,Counsellor,1,CO-IF-HP-*-IPFR-*,1,225,0.0044444444444444444
HH_roleplay_chat,Counsellor,1,CO-IF-HP-*-PP-IA,2,225,0.008888888888888889
HH_roleplay_chat,Counsellor,1,CO-IF-Mot-*-IAC-*,3,225,0.013333333333333334
HH_roleplay_chat,Counsellor,1,CO-IF-Mot-*-ITA-*,8,225,0.035555555555555556
HH_roleplay_chat,Counsellor,1,CO-IF-RA-*-RAP-*,2,225,0.008888888888888889
HH_roleplay_chat,Counsellor,1,CO-IF-RA-*-RP-*,1,225,0.0044444444444444444
HH_roleplay_chat,Counsellor,1,CO-Mod-*-*-*-*,39,225,0.17333333333333334
HH_roleplay_chat,Counsellor,1,CO-O-*-*-O-*,34,225,0.1511111111111111
HH_roleplay_chat,Counsellor,1,CO-O-*-*-UCO-*,1,225,0.0044444444444444444
HH_roleplay_chat,Counsellor,2,CL-IF-ACP-*-DPD-*,1,235,0.00425531914893617
HH_roleplay_chat,Counsellor,2,CL-IF-ACP-*-Rej-*,1,235,0.00425531914893617
HH_roleplay_chat,Counsellor,2,CL-IF-HP-*-PosFR-*,1,235,0.00425531914893617
HH_roleplay_chat,Counsellor,2,CO-FA-*-*-*-*,11,235,0.04680851063829787
HH_roleplay_chat,Counsellor,2,CO-FC-*-*-OPR-*,1,235,0.00425531914893617
HH_roleplay_chat,Counsellor,2,CO-IF-AC-RE-RCR-*,7,235,0.029787234042553193
HH_roleplay_chat,Counsellor,2,CO-IF-AC-RE-RES-*,8,235,0.03404255319148936
HH_roleplay_chat,Counsellor,2,CO-IF-AC-RF-RC-*,24,235,0.10212765957446808
HH_roleplay_chat,Counsellor,2,CO-IF-AC-RF-RCD-*,5,235,0.02127659574468085
HH_roleplay_chat,Counsellor,2,CO-IF-AC-RF-RLS-H,16,235,0.06808510638297872
HH_roleplay_chat,Counsellor,2,CO-IF-AC-RF-RLS-L,2,235,0.00851063829787234
HH_roleplay_chat,Counsellor,2,CO-IF-AC-RF-RLS-SR,4,235,0.01702127659574468
HH_roleplay_chat,Counsellor,2,CO-IF-AC-RF-RPA-*,11,235,0.04680851063829787
HH_roleplay_chat,Counsellor,2,CO-IF-AC-RF-RPD-*,7,235,0.029787234042553193
HH_roleplay_chat,Counsellor,2,CO-IF-AC-RF-RTP-*,12,235,0.05106382978723404
HH_roleplay_chat,Counsellor,2,CO-IF-AC-RF-SRx-*,33,235,0.14042553191489363
HH_roleplay_chat,Counsellor,2,CO-IF-AO-*-ICO-*,2,235,0.00851063829787234
HH_roleplay_chat,Counsellor,2,CO-IF-AO-*-ROW-*,1,235,0.00425531914893617
HH_roleplay_chat,Counsellor,2,CO-IF-HP-*-IPFR-*,1,235,0.00425531914893617
HH_roleplay_chat,Counsellor,2,CO-IF-HP-*-ITFE-*,1,235,0.00425531914893617
HH_roleplay_chat,Counsellor,2,CO-IF-Mot-*-IAC-*,4,235,0.01702127659574468
HH_roleplay_chat,Counsellor,2,CO-IF-Mot-*-ITA-*,11,235,0.04680851063829787
HH_roleplay_chat,Counsellor,2,CO-IF-RA-*-N-RAFa,1,235,0.00425531914893617
HH_roleplay_chat,Counsellor,2,CO-IF-RA-*-RAP-*,5,235,0.02127659574468085
HH_roleplay_chat,Counsellor,2,CO-IF-RA-*-RP-*,3,235,0.01276595744680851
HH_roleplay_chat,Counsellor,2,CO-Mod-*-*-*-*,27,235,0.1148936170212766
HH_roleplay_chat,Counsellor,2,CO-O-*-*-O-*,31,235,0.13191489361702127
HH_roleplay_chat,Counsellor,2,CO-O-*-*-UCO-*,4,235,0.01702127659574468
HH_roleplay_chat,Counsellor,3,CL-E-*-*-ECP-*,2,225,0.008888888888888889
HH_roleplay_chat,Counsellor,3,CL-IF-ACP-*-DPD-*,1,225,0.0044444444444444444
HH_roleplay_chat,Counsellor,3,CL-IF-AO-*-Obj-*,1,225,0.0044444444444444444
HH_roleplay_chat,Counsellor,3,CO-FA-*-*-*-*,10,225,0.044444444444444446
HH_roleplay_chat,Counsellor,3,CO-FC-*-*-F-*,2,225,0.008888888888888889
HH_roleplay_chat,Counsellor,3,CO-FC-*-*-OPR-*,1,225,0.0044444444444444444
HH_roleplay_chat,Counsellor,3,CO-IF-AC-RE-RCR-*,6,225,0.02666666666666667
HH_roleplay_chat,Counsellor,3,CO-IF-AC-RE-RES-*,9,225,0.04
HH_roleplay_chat,Counsellor,3,CO-IF-AC-RF-RC-*,11,225,0.04888888888888889
HH_roleplay_chat,Counsellor,3,CO-IF-AC-RF-RCD-*,4,225,0.017777777777777778
HH_roleplay_chat,Counsellor,3,CO-IF-AC-RF-RLS-H,9,225,0.04
HH_roleplay_chat,Counsellor,3,CO-IF-AC-RF-RLS-L,1,225,0.0044444444444444444
HH_roleplay_chat,Counsellor,3,CO-IF-AC-RF-RLS-PS,1,225,0.0044444444444444444
HH_roleplay_chat,Counsellor,3,CO-IF-AC-RF-RLS-SR,6,225,0.02666666666666667
HH_roleplay_chat,Counsellor,3,CO-IF-AC-RF-RPA-*,16,225,0.07111111111111111
HH_roleplay_chat,Counsellor,3,CO-IF-AC-RF-RPD-*,5,225,0.022222222222222223
HH_roleplay_chat,Counsellor,3,CO-IF-AC-RF-RTP-*,4,225,0.017777777777777778
HH_roleplay_chat,Counsellor,3,CO-IF-AC-RF-SRx-*,36,225,0.16
HH_roleplay_chat,Counsellor,3,CO-IF-AO-*-ICO-*,5,225,0.022222222222222223
HH_roleplay_chat,Counsellor,3,CO-IF-AO-*-ROW-*,1,225,0.0044444444444444444
HH_roleplay_chat,Counsellor,3,CO-IF-HP-*-ICO-*,1,225,0.0044444444444444444
HH_roleplay_chat,Counsellor,3,CO-IF-HP-*-IEA,1,225,0.0044444444444444444
HH_roleplay_chat,Counsellor,3,CO-IF-HP-*-IPFR-*,6,225,0.02666666666666667
HH_roleplay_chat,Counsellor,3,CO-IF-HP-*-ITFE-*,2,225,0.008888888888888889
HH_roleplay_chat,Counsellor,3,CO-IF-HP-*-PP-IA,2,225,0.008888888888888889
HH_roleplay_chat,Counsellor,3,CO-IF-Mot-*-IAC-*,3,225,0.013333333333333334
HH_roleplay_chat,Counsellor,3,CO-IF-Mot-*-ITA-*,7,225,0.03111111111111111
HH_roleplay_chat,Counsellor,3,CO-IF-Mot-*-RFC-*,2,225,0.008888888888888889
HH_roleplay_chat,Counsellor,3,CO-IF-Mot-*-RS-*,1,225,0.0044444444444444444
HH_roleplay_chat,Counsellor,3,CO-IF-RA-*-N-RAFr,1,225,0.0044444444444444444
HH_roleplay_chat,Counsellor,3,CO-IF-RA-*-RAP-*,9,225,0.04
HH_roleplay_chat,Counsellor,3,CO-Mod-*-*-*-*,25,225,0.1111111111111111
HH_roleplay_chat,Counsellor,3,CO-O-*-*-O-*,32,225,0.14222222222222222
HH_roleplay_chat,Counsellor,3,CO-O-*-*-UCO-*,2,225,0.008888888888888889
HH_roleplay_chat,Counsellor,4,CL-FC-*-*-F-*,1,206,0.0048543689320388345
HH_roleplay_chat,Counsellor,4,CL-FC-*-*-UPR-*,1,206,0.0048543689320388345
HH_roleplay_chat,Counsellor,4,CL-IF-AO-*-Obj-*,1,206,0.0048543689320388345
HH_roleplay_chat,Counsellor,4,CO-FA-*-*-*-*,8,206,0.038834951456310676
HH_roleplay_chat,Counsellor,4,CO-FC-*-*-F-*,4,206,0.019417475728155338
HH_roleplay_chat,Counsellor,4,CO-FC-*-*-OPR-*,7,206,0.03398058252427184
HH_roleplay_chat,Counsellor,4,CO-IF-AC-RE-RCR-*,8,206,0.038834951456310676
HH_roleplay_chat,Counsellor,4,CO-IF-AC-RE-RES-*,4,206,0.019417475728155338
HH_roleplay_chat,Counsellor,4,CO-IF-AC-RF-RC-*,9,206,0.043689320388349516
HH_roleplay_chat,Counsellor,4,CO-IF-AC-RF-RCD-*,4,206,0.019417475728155338
HH_roleplay_chat,Counsellor,4,CO-IF-AC-RF-RLS-H,3,206,0.014563106796116505
HH_roleplay_chat,Counsellor,4,CO-IF-AC-RF-RLS-L,1,206,0.0048543689320388345
HH_roleplay_chat,Counsellor,4,CO-IF-AC-RF-RLS-SR,8,206,0.038834951456310676
HH_roleplay_chat,Counsellor,4,CO-IF-AC-RF-RPA-*,7,206,0.03398058252427184
HH_roleplay_chat,Counsellor,4,CO-IF-AC-RF-RPD-*,2,206,0.009708737864077669
HH_roleplay_chat,Counsellor,4,CO-IF-AC-RF-RTP-*,8,206,0.038834951456310676
HH_roleplay_chat,Counsellor,4,CO-IF-AC-RF-SRx-*,25,206,0.12135922330097088
HH_roleplay_chat,Counsellor,4,CO-IF-AO-*-ICO-*,8,206,0.038834951456310676
HH_roleplay_chat,Counsellor,4,CO-IF-AO-*-ROW-*,2,206,0.009708737864077669
HH_roleplay_chat,Counsellor,4,CO-IF-HP-*-IEA,6,206,0.02912621359223301
HH_roleplay_chat,Counsellor,4,CO-IF-HP-*-IF-*,1,206,0.0048543689320388345
HH_roleplay_chat,Counsellor,4,CO-IF-HP-*-IPFR-*,3,206,0.014563106796116505
HH_roleplay_chat,Counsellor,4,CO-IF-HP-*-ITFE-*,2,206,0.009708737864077669
HH_roleplay_chat,Counsellor,4,CO-IF-HP-*-PP-IA,7,206,0.03398058252427184
HH_roleplay_chat,Counsellor,4,CO-IF-HP-*-PP-IW,1,206,0.0048543689320388345
HH_roleplay_chat,Counsellor,4,CO-IF-Mot-*-IAC-*,1,206,0.0048543689320388345
HH_roleplay_chat,Counsellor,4,CO-IF-Mot-*-IEM-*,1,206,0.0048543689320388345
HH_roleplay_chat,Counsellor,4,CO-IF-Mot-*-ITA-*,5,206,0.024271844660194174
HH_roleplay_chat,Counsellor,4,CO-IF-Mot-*-RFC-*,1,206,0.0048543689320388345
HH_roleplay_chat,Counsellor,4,CO-IF-RA-*-N-RAFa,5,206,0.024271844660194174
HH_roleplay_chat,Counsellor,4,CO-IF-RA-*-N-RAFr,2,206,0.009708737864077669
HH_roleplay_chat,Counsellor,4,CO-IF-RA-*-RAP-*,4,206,0.019417475728155338
HH_roleplay_chat,Counsellor,4,CO-IF-RA-*-RP-*,3,206,0.014563106796116505
HH_roleplay_chat,Counsellor,4,CO-Mod-*-*-*-*,18,206,0.08737864077669903
HH_roleplay_chat,Counsellor,4,CO-O-*-*-O-*,33,206,0.16019417475728157
HH_roleplay_chat,Counsellor,4,CO-O-*-*-UCO-*,2,206,0.009708737864077669
HH_roleplay_chat,Counsellor,5,CL-FC-*-*-F-*,1,200,0.005
HH_roleplay_chat,Counsellor,5,CL-FC-*-*-UPR-*,1,200,0.005
HH_roleplay_chat,Counsellor,5,CL-IF-ACP-*-DPD-*,2,200,0.01
HH_roleplay_chat,Counsellor,5,CL-IF-AO-*-Obj-*,1,200,0.005
HH_roleplay_chat,Counsellor,5,CO-FA-*-*-*-*,4,200,0.02
HH_roleplay_chat,Counsellor,5,CO-FC-*-*-F-*,4,200,0.02
HH_roleplay_chat,Counsellor,5,CO-FC-*-*-OPR-*,6,200,0.03
HH_roleplay_chat,Counsellor,5,CO-IF-AC-RE-RCR-*,2,200,0.01
HH_roleplay_chat,Counsellor,5,CO-IF-AC-RE-RES-*,9,200,0.045
HH_roleplay_chat,Counsellor,5,CO-IF-AC-RF-RC-*,11,200,0.055
HH_roleplay_chat,Counsellor,5,CO-IF-AC-RF-RCD-*,3,200,0.015
HH_roleplay_chat,Counsellor,5,CO-IF-AC-RF-RLS-H,5,200,0.025
HH_roleplay_chat,Counsellor,5,CO-IF-AC-RF-RLS-L,4,200,0.02
HH_roleplay_chat,Counsellor,5,CO-IF-AC-RF-RLS-PS,1,200,0.005
HH_roleplay_chat,Counsellor,5,CO-IF-AC-RF-RLS-SR,6,200,0.03
HH_roleplay_chat,Counsellor,5,CO-IF-AC-RF-RPA-*,6,200,0.03
HH_roleplay_chat,Counsellor,5,CO-IF-AC-RF-RPD-*,9,200,0.045
HH_roleplay_chat,Counsellor,5,CO-IF-AC-RF-RTP-*,5,200,0.025
HH_roleplay_chat,Counsellor,5,CO-IF-AC-RF-SRx-*,18,200,0.09
HH_roleplay_chat,Counsellor,5,CO-IF-AO-*-ICO-*,10,200,0.05
HH_roleplay_chat,Counsellor,5,CO-IF-AO-*-ROW-*,5,200,0.025
HH_roleplay_chat,Counsellor,5,CO-IF-HP-*-IEA,1,200,0.005
HH_roleplay_chat,Counsellor,5,CO-IF-HP-*-IPFR-*,4,200,0.02
HH_roleplay_chat,Counsellor,5,CO-IF-HP-*-ITFE-*,2,200,0.01
HH_roleplay_chat,Counsellor,5,CO-IF-HP-*-PP-IA,2,200,0.01
HH_roleplay_chat,Counsellor,5,CO-IF-HP-*-PP-IW,2,200,0.01
HH_roleplay_chat,Counsellor,5,CO-IF-Mot-*-IAC-*,2,200,0.01
HH_roleplay_chat,Counsellor,5,CO-IF-Mot-*-ITA-*,5,200,0.025
HH_roleplay_chat,Counsellor,5,CO-IF-Mot-*-RFC-*,1,200,0.005
HH_roleplay_chat,Counsellor,5,CO-IF-Mot-*-RS-*,1,200,0.005
HH_roleplay_chat,Counsellor,5,CO-IF-RA-*-N-RAFa,2,200,0.01
HH_roleplay_chat,Counsellor,5,CO-IF-RA-*-N-RAFr,1,200,0.005
HH_roleplay_chat,Counsellor,5,CO-IF-RA-*-RAP-*,4,200,0.02
HH_roleplay_chat,Counsellor,5,CO-IF-RA-*-RP-*,2,200,0.01
HH_roleplay_chat,Counsellor,5,CO-Mod-*-*-*-*,22,200,0.11
HH_roleplay_chat,Counsellor,5,CO-O-*-*-O-*,35,200,0.175
HH_roleplay_chat,Counsellor,5,CO-O-*-*-UCO-*,1,200,0.005
HH_roleplay_chat,Counsellor,6,CL-FC-*-*-UPR-*,1,180,0.005555555555555556
HH_roleplay_chat,Counsellor,6,CL-IF-ACP-*-DPD-*,1,180,0.005555555555555556
HH_roleplay_chat,Counsellor,6,CL-IF-AO-*-Obj-*,1,180,0.005555555555555556
HH_roleplay_chat,Counsellor,6,CO-FA-*-*-*-*,4,180,0.022222222222222223
HH_roleplay_chat,Counsellor,6,CO-FC-*-*-F-*,12,180,0.06666666666666667
HH_roleplay_chat,Counsellor,6,CO-FC-*-*-OPR-*,6,180,0.03333333333333333
HH_roleplay_chat,Counsellor,6,CO-IF-AC-RE-RCR-*,12,180,0.06666666666666667
HH_roleplay_chat,Counsellor,6,CO-IF-AC-RE-RES-*,2,180,0.011111111111111112
HH_roleplay_chat,Counsellor,6,CO-IF-AC-RF-RC-*,14,180,0.07777777777777778
HH_roleplay_chat,Counsellor,6,CO-IF-AC-RF-RCD-*,1,180,0.005555555555555556
HH_roleplay_chat,Counsellor,6,CO-IF-AC-RF-RLS-H,2,180,0.011111111111111112
HH_roleplay_chat,Counsellor,6,CO-IF-AC-RF-RLS-L,1,180,0.005555555555555556
HH_roleplay_chat,Counsellor,6,CO-IF-AC-RF-RLS-SR,4,180,0.022222222222222223
HH_roleplay_chat,Counsellor,6,CO-IF-AC-RF-RPA-*,7,180,0.03888888888888889
HH_roleplay_chat,Counsellor,6,CO-IF-AC-RF-RPD-*,4,180,0.022222222222222223
HH_roleplay_chat,Counsellor,6,CO-IF-AC-RF-RTP-*,5,180,0.027777777777777776
HH_roleplay_chat,Counsellor,6,CO-IF-AC-RF-SRx-*,16,180,0.08888888888888889
HH_roleplay_chat,Counsellor,6,CO-IF-AO-*-ICO-*,6,180,0.03333333333333333
HH_roleplay_chat,Counsellor,6,CO-IF-AO-*-ROW-*,3,180,0.016666666666666666
HH_roleplay_chat,Counsellor,6,CO-IF-HP-*-ICO-*,1,180,0.005555555555555556
HH_roleplay_chat,Counsellor,6,CO-IF-HP-*-IEA,4,180,0.022222222222222223
HH_roleplay_chat,Counsellor,6,CO-IF-HP-*-IPFR-*,3,180,0.016666666666666666
HH_roleplay_chat,Counsellor,6,CO-IF-HP-*-PP-IA,5,180,0.027777777777777776
HH_roleplay_chat,Counsellor,6,CO-IF-HP-*-PP-IW,1,180,0.005555555555555556
HH_roleplay_chat,Counsellor,6,CO-IF-Mot-*-IAC-*,1,180,0.005555555555555556
HH_roleplay_chat,Counsellor,6,CO-IF-Mot-*-ITA-*,4,180,0.022222222222222223
HH_roleplay_chat,Counsellor,6,CO-IF-Mot-*-RFC-*,3,180,0.016666666666666666
HH_roleplay_chat,Counsellor,6,CO-IF-RA-*-N-RAFa,4,180,0.022222222222222223
HH_roleplay_chat,Counsellor,6,CO-IF-RA-*-N-RAFr,1,180,0.005555555555555556
HH_roleplay_chat,Counsellor,6,CO-IF-RA-*-RAP-*,8,180,0.044444444444444446
HH_roleplay_chat,Counsellor,6,CO-IF-RA-*-RP-*,1,180,0.005555555555555556
HH_roleplay_chat,Counsellor,6,CO-Mod-*-*-*-*,20,180,0.1111111111111111
HH_roleplay_chat,Counsellor,6,CO-O-*-*-O-*,19,180,0.10555555555555556
HH_roleplay_chat,Counsellor,6,CO-O-*-*-UCO-*,3,180,0.016666666666666666
HH_roleplay_chat,Counsellor,7,CL-E-*-*-ECP-*,1,169,0.005917159763313609
HH_roleplay_chat,Counsellor,7,CL-FC-*-*-F-*,1,169,0.005917159763313609
HH_roleplay_chat,Counsellor,7,CO-FA-*-*-*-*,4,169,0.023668639053254437
HH_roleplay_chat,Counsellor,7,CO-FC-*-*-F-*,9,169,0.05325443786982249
HH_roleplay_chat,Counsellor,7,CO-FC-*-*-OPR-*,2,169,0.011834319526627219
HH_roleplay_chat,Counsellor,7,CO-IF-AC-RE-RCR-*,4,169,0.023668639053254437
HH_roleplay_chat,Counsellor,7,CO-IF-AC-RE-RES-*,5,169,0.029585798816568046
HH_roleplay_chat,Counsellor,7,CO-IF-AC-RF-RC-*,11,169,0.0650887573964497
HH_roleplay_chat,Counsellor,7,CO-IF-AC-RF-RCD-*,1,169,0.005917159763313609
HH_roleplay_chat,Counsellor,7,CO-IF-AC-RF-RLS-L,1,169,0.005917159763313609
HH_roleplay_chat,Counsellor,7,CO-IF-AC-RF-RLS-SR,5,169,0.029585798816568046
HH_roleplay_chat,Counsellor,7,CO-IF-AC-RF-RPA-*,2,169,0.011834319526627219
HH_roleplay_chat,Counsellor,7,CO-IF-AC-RF-RPD-*,1,169,0.005917159763313609
HH_roleplay_chat,Counsellor,7,CO-IF-AC-RF-RTP-*,4,169,0.023668639053254437
HH_roleplay_chat,Counsellor,7,CO-IF-AC-RF-SRx-*,10,169,0.05917159763313609
HH_roleplay_chat,Counsellor,7,CO-IF-AO-*-ICO-*,5,169,0.029585798816568046
HH_roleplay_chat,Counsellor,7,CO-IF-AO-*-ROW-*,6,169,0.03550295857988166
HH_roleplay_chat,Counsellor,7,CO-IF-HP-*-IEA,2,169,0.011834319526627219
HH_roleplay_chat,Counsellor,7,CO-IF-HP-*-IPFR-*,7,169,0.04142011834319527
HH_roleplay_chat,Counsellor,7,CO-IF-HP-*-PP-IA,6,169,0.03550295857988166
HH_roleplay_chat,Counsellor,7,CO-IF-HP-*-PP-IW,3,169,0.01775147928994083
HH_roleplay_chat,Counsellor,7,CO-IF-Mot-*-IAC-*,2,169,0.011834319526627219
HH_roleplay_chat,Counsellor,7,CO-IF-Mot-*-ITA-*,6,169,0.03550295857988166
HH_roleplay_chat,Counsellor,7,CO-IF-Mot-*-RFC-*,1,169,0.005917159763313609
HH_roleplay_chat,Counsellor,7,CO-IF-RA-*-N-RAFa,1,169,0.005917159763313609
HH_roleplay_chat,Counsellor,7,CO-IF-RA-*-N-RAFr,1,169,0.005917159763313609
HH_roleplay_chat,Counsellor,7,CO-IF-RA-*-RAP-*,4,169,0.023668639053254437
HH_roleplay_chat,Counsellor,7,CO-Mod-*-*-*-*,24,169,0.14201183431952663
HH_roleplay_chat,Counsellor,7,CO-O-*-*-O-*,35,169,0.20710059171597633
HH_roleplay_chat,Counsellor,7,CO-O-*-*-UCO-*,5,169,0.029585798816568046
HH_roleplay_chat,Counsellor,8,CL-FC-*-*-F-*,1,156,0.00641025641025641
HH_roleplay_chat,Counsellor,8,CL-IF-ACP-*-DPD-*,2,156,0.01282051282051282
HH_roleplay_chat,Counsellor,8,CL-IF-HP-*-PosFR-*,1,156,0.00641025641025641
HH_roleplay_chat,Counsellor,8,CO-FA-*-*-*-*,7,156,0.04487179487179487
HH_roleplay_chat,Counsellor,8,CO-FC-*-*-F-*,8,156,0.05128205128205128
HH_roleplay_chat,Counsellor,8,CO-FC-*-*-OPR-*,9,156,0.057692307692307696
HH_roleplay_chat,Counsellor,8,CO-IF-AC-RE-RCR-*,4,156,0.02564102564102564
HH_roleplay_chat,Counsellor,8,CO-IF-AC-RE-RES-*,3,156,0.019230769230769232
HH_roleplay_chat,Counsellor,8,CO-IF-AC-RF-RC-*,3,156,0.019230769230769232
HH_roleplay_chat,Counsellor,8,CO-IF-AC-RF-RCD-*,1,156,0.00641025641025641
HH_roleplay_chat,Counsellor,8,CO-IF-AC-RF-RLS-L,1,156,0.00641025641025641
HH_roleplay_chat,Counsellor,8,CO-IF-AC-RF-RLS-PS,1,156,0.00641025641025641
HH_roleplay_chat,Counsellor,8,CO-IF-AC-RF-RLS-SR,2,156,0.01282051282051282
HH_roleplay_chat,Counsellor,8,CO-IF-AC-RF-RPA-*,1,156,0.00641025641025641
HH_roleplay_chat,Counsellor,8,CO-IF-AC-RF-RPD-*,1,156,0.00641025641025641
HH_roleplay_chat,Counsellor,8,CO-IF-AC-RF-RTP-*,2,156,0.01282051282051282
HH_roleplay_chat,Counsellor,8,CO-IF-AC-RF-SRx-*,9,156,0.057692307692307696
HH_roleplay_chat,Counsellor,8,CO-IF-AO-*-ICO-*,5,156,0.03205128205128205
HH_roleplay_chat,Counsellor,8,CO-IF-AO-*-ROW-*,9,156,0.057692307692307696
HH_roleplay_chat,Counsellor,8,CO-IF-HP-*-IEA,5,156,0.03205128205128205
HH_roleplay_chat,Counsellor,8,CO-IF-HP-*-IF-*,1,156,0.00641025641025641
HH_roleplay_chat,Counsellor,8,CO-IF-HP-*-IPFR-*,3,156,0.019230769230769232
HH_roleplay_chat,Counsellor,8,CO-IF-HP-*-PP-IA,5,156,0.03205128205128205
HH_roleplay_chat,Counsellor,8,CO-IF-HP-*-PP-IW,3,156,0.019230769230769232
HH_roleplay_chat,Counsellor,8,CO-IF-Mot-*-IAC-*,2,156,0.01282051282051282
HH_roleplay_chat,Counsellor,8,CO-IF-Mot-*-ITA-*,5,156,0.03205128205128205
HH_roleplay_chat,Counsellor,8,CO-IF-Mot-*-RFC-*,1,156,0.00641025641025641
HH_roleplay_chat,Counsellor,8,CO-IF-Mot-*-RS-*,1,156,0.00641025641025641
HH_roleplay_chat,Counsellor,8,CO-IF-RA-*-N-RAFa,4,156,0.02564102564102564
HH_roleplay_chat,Counsellor,8,CO-IF-RA-*-RAP-*,1,156,0.00641025641025641
HH_roleplay_chat,Counsellor,8,CO-Mod-*-*-*-*,18,156,0.11538461538461539
HH_roleplay_chat,Counsellor,8,CO-O-*-*-O-*,34,156,0.21794871794871795
HH_roleplay_chat,Counsellor,8,CO-O-*-*-UCO-*,3,156,0.019230769230769232
HH_roleplay_chat,Counsellor,9,CL-FC-*-*-F-*,4,141,0.028368794326241134
HH_roleplay_chat,Counsellor,9,CO-FA-*-*-*-*,5,141,0.03546099290780142
HH_roleplay_chat,Counsellor,9,CO-FC-*-*-F-*,21,141,0.14893617021276595
HH_roleplay_chat,Counsellor,9,CO-FC-*-*-OPR-*,16,141,0.11347517730496454
HH_roleplay_chat,Counsellor,9,CO-IF-AC-RE-RES-*,1,141,0.0070921985815602835
HH_roleplay_chat,Counsellor,9,CO-IF-AC-RF-RC-*,4,141,0.028368794326241134
HH_roleplay_chat,Counsellor,9,CO-IF-AC-RF-RLS-SR,2,141,0.014184397163120567
HH_roleplay_chat,Counsellor,9,CO-IF-AC-RF-RPA-*,1,141,0.0070921985815602835
HH_roleplay_chat,Counsellor,9,CO-IF-AC-RF-RPD-*,1,141,0.0070921985815602835
HH_roleplay_chat,Counsellor,9,CO-IF-AC-RF-RTP-*,3,141,0.02127659574468085
HH_roleplay_chat,Counsellor,9,CO-IF-AC-RF-SRx-*,4,141,0.028368794326241134
HH_roleplay_chat,Counsellor,9,CO-IF-AO-*-ICO-*,1,141,0.0070921985815602835
HH_roleplay_chat,Counsellor,9,CO-IF-AO-*-ROW-*,1,141,0.0070921985815602835
HH_roleplay_chat,Counsellor,9,CO-IF-HP-*-ICO-*,1,141,0.0070921985815602835
HH_roleplay_chat,Counsellor,9,CO-IF-HP-*-IEA,1,141,0.0070921985815602835
HH_roleplay_chat,Counsellor,9,CO-IF-HP-*-IPFR-*,4,141,0.028368794326241134
HH_roleplay_chat,Counsellor,9,CO-IF-HP-*-PP-IA,2,141,0.014184397163120567
HH_roleplay_chat,Counsellor,9,CO-IF-HP-*-PP-IW,10,141,0.07092198581560284
HH_roleplay_chat,Counsellor,9,CO-IF-Mot-*-IAC-*,2,141,0.014184397163120567
HH_roleplay_chat,Counsellor,9,CO-IF-Mot-*-ITA-*,10,141,0.07092198581560284
HH_roleplay_chat,Counsellor,9,CO-IF-Mot-*-RFC-*,3,141,0.02127659574468085
HH_roleplay_chat,Counsellor,9,CO-IF-RA-*-N-RAFa,3,141,0.02127659574468085
HH_roleplay_chat,Counsellor,9,CO-IF-RA-*-RAP-*,1,141,0.0070921985815602835
HH_roleplay_chat,Counsellor,9,CO-Mod-*-*-*-*,15,141,0.10638297872340426
HH_roleplay_chat,Counsellor,9,CO-O-*-*-O-*,25,141,0.1773049645390071
HH_roleplay_mail,Client,0,CL-FB-*-*-*-*,55,87,0.632183908045977
HH_roleplay_mail,Client,0,CL-IF-ACP-*-DPD-*,2,87,0.022988505747126436
HH_roleplay_mail,Client,0,CL-IF-ACP-*-FPA-*,5,87,0.05747126436781609
HH_roleplay_mail,Client,0,CL-IF-ACP-*-PD-*,2,87,0.022988505747126436
HH_roleplay_mail,Client,0,CL-IF-ACP-*-PS-*,15,87,0.1724137931034483
HH_roleplay_mail,Client,0,CL-IF-AO-*-Obj-*,1,87,0.011494252873563218
HH_roleplay_mail,Client,0,CL-O-*-*-O-*,7,87,0.08045977011494253
HH_roleplay_mail,Client,1,CL-FB-*-*-*-*,27,83,0.3253012048192771
HH_roleplay_mail,Client,1,CL-FC-*-*-F-*,2,83,0.024096385542168676
HH_roleplay_mail,Client,1,CL-IF-ACP-*-DPD-*,1,83,0.012048192771084338
HH_roleplay_mail,Client,1,CL-IF-ACP-*-FPA-*,4,83,0.04819277108433735
HH_roleplay_mail,Client,1,CL-IF-ACP-*-PD-*,12,83,0.14457831325301204
HH_roleplay_mail,Client,1,CL-IF-ACP-*-PS-*,20,83,0.24096385542168675
HH_roleplay_mail,Client,1,CL-IF-ACP-*-Req-*,1,83,0.012048192771084338
HH_roleplay_mail,Client,1,CL-IF-AO-*-Obj-*,1,83,0.012048192771084338
HH_roleplay_mail,Client,1,CL-IF-HP-*-PosF-*,6,83,0.07228915662650602
HH_roleplay_mail,Client,1,CL-IF-HP-*-RepRA-*,3,83,0.03614457831325301
HH_roleplay_mail,Client,1,CL-IF-RA-*-RP-*,1,83,0.012048192771084338
HH_roleplay_mail,Client,1,CL-O-*-*-O-*,5,83,0.060240963855421686
HH_roleplay_mail,Client,2,CL-FB-*-*-*-*,28,81,0.345679012345679
HH_roleplay_mail,Client,2,CL-FC-*-*-F-*,1,81,0.012345679012345678
HH_roleplay_mail,Client,2,CL-IF-ACP-*-DPD-*,2,81,0.024691358024691357
HH_roleplay_mail,Client,2,CL-IF-ACP-*-FPA-*,5,81,0.06172839506172839
HH_roleplay_mail,Client,2,CL-IF-ACP-*-PD-*,2,81,0.024691358024691357
HH_roleplay_mail,Client,2,CL-IF-ACP-*-PS-*,6,81,0.07407407407407407
HH_roleplay_mail,Client,2,CL-IF-ACP-*-Req-*,1,81,0.012345679012345678
HH_roleplay_mail,Client,2,CL-IF-AO-*-Ext-*,2,81,0.024691358024691357
HH_roleplay_mail,Client,2,CL-IF-AO-*-Obj-*,1,81,0.012345679012345678
HH_roleplay_mail,Client,2,CL-IF-HP-*-PosF-*,13,81,0.16049382716049382
HH_roleplay_mail,Client,2,CL-IF-HP-*-PosFR-*,1,81,0.012345679012345678
HH_roleplay_mail,Client,2,CL-IF-HP-*-RepRA-*,1,81,0.012345679012345678
HH_roleplay_mail,Client,2,CL-IF-Mot-*-RC-*,4,81,0.04938271604938271
HH_roleplay_mail,Client,2,CL-IF-RA-*-RP-*,1,81,0.012345679012345678
HH_roleplay_mail,Client,2,CL-O-*-*-O-*,12,81,0.14814814814814814
HH_roleplay_mail,Client,2,CO-IF-AC-RF-SRx-*,1,81,0.012345679012345678
HH_roleplay_mail,Client,3,CL-FB-*-*-*-*,37,84,0.44047619047619047
HH_roleplay_mail,Client,3,CL-IF-ACP-*-DPD-*,1,84,0.011904761904761904
HH_roleplay_mail,Client,3,CL-IF-ACP-*-FPA-*,4,84,0.047619047619047616
HH_roleplay_mail,Client,3,CL-IF-ACP-*-PD-*,5,84,0.05952380952380952
HH_roleplay_mail,Client,3,CL-IF-ACP-*-PS-*,2,84,0.023809523809523808
HH_roleplay_mail,Client,3,CL-IF-ACP-*-Req-*,1,84,0.011904761904761904
HH_roleplay_mail,Client,3,CL-IF-AO-*-Ext-*,1,84,0.011904761904761904
HH_roleplay_mail,Client,3,CL-IF-HP-*-PosF-*,9,84,0.10714285714285714
HH_roleplay_mail,Client,3,CL-IF-HP-*-PosFR-*,2,84,0.023809523809523808
HH_roleplay_mail,Client,3,CL-IF-HP-*-RepRA-*,8,84,0.09523809523809523
HH_roleplay_mail,Client,3,CL-IF-HP-*-Succ-*,1,84,0.011904761904761904
HH_roleplay_mail,Client,3,CL-IF-Mot-*-RC-*,3,84,0.03571428571428571
HH_roleplay_mail,Client,3,CL-O-*-*-O-*,9,84,0.10714285714285714
HH_roleplay_mail,Client,3,CL-O-*-*-UCO-*,1,84,0.011904761904761904
HH_roleplay_mail,Client,4,CL-FB-*-*-*-*,18,57,0.3157894736842105
HH_roleplay_mail,Client,4,CL-FC-*-*-F-*,2,57,0.03508771929824561
HH_roleplay_mail,Client,4,CL-FC-*-*-UPR-*,1,57,0.017543859649122806
HH_roleplay_mail,Client,4,CL-IF-ACP-*-OE-*,1,57,0.017543859649122806
HH_roleplay_mail,Client,4,CL-IF-ACP-*-PD-*,3,57,0.05263157894736842
HH_roleplay_mail,Client,4,CL-IF-ACP-*-PS-*,3,57,0.05263157894736842
HH_roleplay_mail,Client,4,CL-IF-AO-*-Obj-*,1,57,0.017543859649122806
HH_roleplay_mail,Client,4,CL-IF-HP-*-PosF-*,13,57,0.22807017543859648
HH_roleplay_mail,Client,4,CL-IF-HP-*-RepRA-*,4,57,0.07017543859649122
HH_roleplay_mail,Client,4,CL-IF-Mot-*-FC-*,1,57,0.017543859649122806
HH_roleplay_mail,Client,4,CL-IF-Mot-*-RC-*,4,57,0.07017543859649122
HH_roleplay_mail,Client,4,CL-O-*-*-O-*,6,57,0.10526315789473684
HH_roleplay_mail,Client,5,CL-FB-*-*-*-*,24,70,0.34285714285714286
HH_roleplay_mail,Client,5,CL-FC-*-*-F-*,1,70,0.014285714285714285
HH_roleplay_mail,Client,5,CL-IF-ACP-*-DPD-*,1,70,0.014285714285714285
HH_roleplay_mail,Client,5,CL-IF-ACP-*-FPA-*,4,70,0.05714285714285714
HH_roleplay_mail,Client,5,CL-IF-ACP-*-OE-*,2,70,0.02857142857142857
HH_roleplay_mail,Client,5,CL-IF-ACP-*-PD-*,6,70,0.08571428571428572
HH_roleplay_mail,Client,5,CL-IF-ACP-*-PS-*,4,70,0.05714285714285714
HH_roleplay_mail,Client,5,CL-IF-ACP-*-Req-*,1,70,0.014285714285714285
HH_roleplay_mail,Client,5,CL-IF-HP-*-PosF-*,10,70,0.14285714285714285
HH_roleplay_mail,Client,5,CL-IF-HP-*-PosFR-*,1,70,0.014285714285714285
HH_roleplay_mail,Client,5,CL-IF-HP-*-RepRA-*,5,70,0.07142857142857142
HH_roleplay_mail,Client,5,CL-IF-Mot-*-RC-*,6,70,0.08571428571428572
HH_roleplay_mail,Client,5,CL-IF-RA-*-RP-*,1,70,0.014285714285714285
HH_roleplay_mail,Client,5,CL-O-*-*-O-*,3,70,0.04285714285714286
HH_roleplay_mail,Client,5,CL-O-*-*-UCO-*,1,70,0.014285714285714285
HH_roleplay_mail,Client,6,CL-FB-*-*-*-*,22,48,0.4583333333333333
HH_roleplay_mail,Client,6,CL-FC-*-*-UPR-*,1,48,0.020833333333333332
HH_roleplay_mail,Client,6,CL-IF-ACP-*-FPA-*,1,48,0.020833333333333332
HH_roleplay_mail,Client,6,CL-IF-ACP-*-PD-*,3,48,0.0625
HH_roleplay_mail,Client,6,CL-IF-ACP-*-PS-*,5,48,0.10416666666666667
HH_roleplay_mail,Client,6,CL-IF-HP-*-PosF-*,7,48,0.14583333333333334
HH_roleplay_mail,Client,6,CL-IF-HP-*-PosFR-*,1,48,0.020833333333333332
HH_roleplay_mail,Client,6,CL-IF-HP-*-RepRA-*,4,48,0.08333333333333333
HH_roleplay_mail,Client,6,CL-IF-Mot-*-RC-*,1,48,0.020833333333333332
HH_roleplay_mail,Client,6,CL-O-*-*-O-*,3,48,0.0625
HH_roleplay_mail,Client,7,CL-FB-*-*-*-*,17,39,0.4358974358974359
HH_roleplay_mail,Client,7,CL-FC-*-*-UPR-*,1,39,0.02564102564102564
HH_roleplay_mail,Client,7,CL-IF-ACP-*-Cons-*,4,39,0.10256410256410256
HH_roleplay_mail,Client,7,CL-IF-ACP-*-FPA-*,4,39,0.10256410256410256
HH_roleplay_mail,Client,7,CL-IF-ACP-*-PS-*,3,39,0.07692307692307693
HH_roleplay_mail,Client,7,CL-IF-AO-*-Ext-*,1,39,0.02564102564102564
HH_roleplay_mail,Client,7,CL-IF-HP-*-PosF-*,4,39,0.10256410256410256
HH_roleplay_mail,Client,7,CL-IF-HP-*-RepRA-*,2,39,0.05128205128205128
HH_roleplay_mail,Client,7,CL-IF-Mot-*-RC-*,2,39,0.05128205128205128
HH_roleplay_mail,Client,7,CL-O-*-*-O-*,1,39,0.02564102564102564
HH_roleplay_mail,Client,8,CL-FB-*-*-*-*,13,41,0.3170731707317073
HH_roleplay_mail,Client,8,CL-FC-*-*-F-*,1,41,0.024390243902439025
HH_roleplay_mail,Client,8,CL-IF-ACP-*-Cons-*,2,41,0.04878048780487805
HH_roleplay_mail,Client,8,CL-IF-ACP-*-FPA-*,3,41,0.07317073170731707
HH_roleplay_mail,Client,8,CL-IF-ACP-*-PD-*,3,41,0.07317073170731707
HH_roleplay_mail,Client,8,CL-IF-ACP-*-PS-*,1,41,0.024390243902439025
HH_roleplay_mail,Client,8,CL-IF-HP-*-PosF-*,5,41,0.12195121951219512
HH_roleplay_mail,Client,8,CL-IF-HP-*-PosFR-*,2,41,0.04878048780487805
HH_roleplay_mail,Client,8,CL-IF-HP-*-RepRA-*,5,41,0.12195121951219512
HH_roleplay_mail,Client,8,CL-IF-Mot-*-RC-*,4,41,0.0975609756097561
HH_roleplay_mail,Client,8,CL-O-*-*-O-*,2,41,0.04878048780487805
HH_roleplay_mail,Client,9,CL-E-*-*-PT-*,1,49,0.02040816326530612
HH_roleplay_mail,Client,9,CL-FB-*-*-*-*,7,49,0.14285714285714285
HH_roleplay_mail,Client,9,CL-FC-*-*-F-*,2,49,0.04081632653061224
HH_roleplay_mail,Client,9,CL-FC-*-*-UPR-*,2,49,0.04081632653061224
HH_roleplay_mail,Client,9,CL-IF-ACP-*-FPA-*,4,49,0.08163265306122448
HH_roleplay_mail,Client,9,CL-IF-ACP-*-PD-*,3,49,0.061224489795918366
HH_roleplay_mail,Client,9,CL-IF-ACP-*-PS-*,3,49,0.061224489795918366
HH_roleplay_mail,Client,9,CL-IF-HP-*-PosF-*,5,49,0.10204081632653061
HH_roleplay_mail,Client,9,CL-IF-HP-*-RepRA-*,5,49,0.10204081632653061
HH_roleplay_mail,Client,9,CL-IF-HP-*-Succ-*,2,49,0.04081632653061224
HH_roleplay_mail,Client,9,CL-IF-Mot-*-RC-*,2,49,0.04081632653061224
HH_roleplay_mail,Client,9,CL-IF-RA-*-RP-*,1,49,0.02040816326530612
HH_roleplay_mail,Client,9,CL-O-*-*-O-*,11,49,0.22448979591836735
HH_roleplay_mail,Client,9,CO-FC-*-*-F-*,1,49,0.02040816326530612
HH_roleplay_mail,Counsellor,0,CO-FA-*-*-*-*,60,91,0.6593406593406593
HH_roleplay_mail,Counsellor,0,CO-IF-AC-RF-SRx-*,7,91,0.07692307692307693
HH_roleplay_mail,Counsellor,0,CO-IF-Mot-*-ITA-*,2,91,0.02197802197802198
HH_roleplay_mail,Counsellor,0,CO-IF-RA-*-RAP-*,1,91,0.01098901098901099
HH_roleplay_mail,Counsellor,0,CO-Mod-*-*-*-*,2,91,0.02197802197802198
HH_roleplay_mail,Counsellor,0,CO-O-*-*-O-*,18,91,0.1978021978021978
HH_roleplay_mail,Counsellor,0,CO-O-*-*-UCO-*,1,91,0.01098901098901099
HH_roleplay_mail,Counsellor,1,CO-FA-*-*-*-*,38,82,0.4634146341463415
HH_roleplay_mail,Counsellor,1,CO-FC-*-*-F-*,1,82,0.012195121951219513
HH_roleplay_mail,Counsellor,1,CO-IF-AC-RE-RES-*,2,82,0.024390243902439025
HH_roleplay_mail,Counsellor,1,CO-IF-AC-RF-SRx-*,19,82,0.23170731707317074
HH_roleplay_mail,Counsellor,1,CO-IF-HP-*-ICO-*,1,82,0.012195121951219513
HH_roleplay_mail,Counsellor,1,CO-IF-HP-*-IEA,1,82,0.012195121951219513
HH_roleplay_mail,Counsellor,1,CO-IF-Mot-*-IAC-*,1,82,0.012195121951219513
HH_roleplay_mail,Counsellor,1,CO-IF-Mot-*-ITA-*,8,82,0.0975609756097561
HH_roleplay_mail,Counsellor,1,CO-Mod-*-*-*-*,3,82,0.036585365853658534
HH_roleplay_mail,Counsellor,1,CO-O-*-*-O-*,7,82,0.08536585365853659
HH_roleplay_mail,Counsellor,1,CO-O-*-*-UCO-*,1,82,0.012195121951219513
HH_roleplay_mail,Counsellor,2,CO-FA-*-*-*-*,32,86,0.37209302325581395
HH_roleplay_mail,Counsellor,2,CO-FC-*-*-F-*,2,86,0.023255813953488372
HH_roleplay_mail,Counsellor,2,CO-FC-*-*-OPR-*,2,86,0.023255813953488372
HH_roleplay_mail,Counsellor,2,CO-IF-AC-RE-RES-*,1,86,0.011627906976744186
HH_roleplay_mail,Counsellor,2,CO-IF-AC-RF-SRx-*,23,86,0.26744186046511625
HH_roleplay_mail,Counsellor,2,CO-IF-HP-*-ICO-*,2,86,0.023255813953488372
HH_roleplay_mail,Counsellor,2,CO-IF-HP-*-IPFR-*,6,86,0.06976744186046512
HH_roleplay_mail,Counsellor,2,CO-IF-HP-*-PP-IA,2,86,0.023255813953488372
HH_roleplay_mail,Counsellor,2,CO-IF-Mot-*-IAC-*,3,86,0.03488372093023256
HH_roleplay_mail,Counsellor,2,CO-IF-Mot-*-ITA-*,4,86,0.046511627906976744
HH_roleplay_mail,Counsellor,2,CO-IF-RA-*-RAP-*,4,86,0.046511627906976744
HH_roleplay_mail,Counsellor,2,CO-Mod-*-*-*-*,1,86,0.011627906976744186
HH_roleplay_mail,Counsellor,2,CO-O-*-*-O-*,4,86,0.046511627906976744
HH_roleplay_mail,Counsellor,3,CO-FA-*-*-*-*,35,86,0.4069767441860465
HH_roleplay_mail,Counsellor,3,CO-FC-*-*-F-*,2,86,0.023255813953488372
HH_roleplay_mail,Counsellor,3,CO-FC-*-*-OPR-*,3,86,0.03488372093023256
HH_roleplay_mail,Counsellor,3,CO-IF-AC-RF-RLS-L,1,86,0.011627906976744186
HH_roleplay_mail,Counsellor,3,CO-IF-AC-RF-SRx-*,10,86,0.11627906976744186
HH_roleplay_mail,Counsellor,3,CO-IF-AO-*-ICO-*,1,86,0.011627906976744186
HH_roleplay_mail,Counsellor,3,CO-IF-HP-*-ICO-*,3,86,0.03488372093023256
HH_roleplay_mail,Counsellor,3,CO-IF-HP-*-IPFR-*,6,86,0.06976744186046512
HH_roleplay_mail,Counsellor,3,CO-IF-HP-*-PP-IA,1,86,0.011627906976744186
HH_roleplay_mail,Counsellor,3,CO-IF-Mot-*-IAC-*,8,86,0.09302325581395349
HH_roleplay_mail,Counsellor,3,CO-IF-Mot-*-IEM-*,1,86,0.011627906976744186
HH_roleplay_mail,Counsellor,3,CO-IF-Mot-*-ITA-*,6,86,0.06976744186046512
HH_roleplay_mail,Counsellor,3,CO-Mod-*-*-*-*,4,86,0.046511627906976744
HH_roleplay_mail,Counsellor,3,CO-O-*-*-O-*,3,86,0.03488372093023256
HH_roleplay_mail,Counsellor,3,CO-O-*-*-UCO-*,2,86,0.023255813953488372
HH_roleplay_mail,Counsellor,4,CO-FA-*-*-*-*,26,64,0.40625
HH_roleplay_mail,Counsellor,4,CO-FC-*-*-OPR-*,4,64,0.0625
HH_roleplay_mail,Counsellor,4,CO-IF-AC-RF-SRx-*,8,64,0.125
HH_roleplay_mail,Counsellor,4,CO-IF-HP-*-IPFR-*,4,64,0.0625
HH_roleplay_mail,Counsellor,4,CO-IF-HP-*-PP-IA,1,64,0.015625
HH_roleplay_mail,Counsellor,4,CO-IF-Mot-*-IAC-*,1,64,0.015625
HH_roleplay_mail,Counsellor,4,CO-IF-Mot-*-IEM-*,1,64,0.015625
HH_roleplay_mail,Counsellor,4,CO-IF-Mot-*-ITA-*,5,64,0.078125
HH_roleplay_mail,Counsellor,4,CO-Mod-*-*-*-*,8,64,0.125
HH_roleplay_mail,Counsellor,4,CO-O-*-*-O-*,4,64,0.0625
HH_roleplay_mail,Counsellor,4,CO-O-*-*-UCO-*,2,64,0.03125
HH_roleplay_mail,Counsellor,5,CL-E-*-*-ECC-*,1,70,0.014285714285714285
HH_roleplay_mail,Counsellor,5,CO-FA-*-*-*-*,24,70,0.34285714285714286
HH_roleplay_mail,Counsellor,5,CO-FC-*-*-F-*,4,70,0.05714285714285714
HH_roleplay_mail,Counsellor,5,CO-FC-*-*-OPR-*,2,70,0.02857142857142857
HH_roleplay_mail,Counsellor,5,CO-IF-AC-RF-SRx-*,15,70,0.21428571428571427
HH_roleplay_mail,Counsellor,5,CO-IF-HP-*-ICO-*,2,70,0.02857142857142857
HH_roleplay_mail,Counsellor,5,CO-IF-HP-*-IPFR-*,3,70,0.04285714285714286
HH_roleplay_mail,Counsellor,5,CO-IF-HP-*-PP-IA,1,70,0.014285714285714285
HH_roleplay_mail,Counsellor,5,CO-IF-HP-*-PP-IW,1,70,0.014285714285714285
HH_roleplay_mail,Counsellor,5,CO-IF-Mot-*-IAC-*,5,70,0.07142857142857142
HH_roleplay_mail,Counsellor,5,CO-IF-Mot-*-IEM-*,1,70,0.014285714285714285
HH_roleplay_mail,Counsellor,5,CO-IF-Mot-*-ITA-*,2,70,0.02857142857142857
HH_roleplay_mail,Counsellor,5,CO-IF-RA-*-RAP-*,1,70,0.014285714285714285
HH_roleplay_mail,Counsellor,5,CO-Mod-*-*-*-*,3,70,0.04285714285714286
HH_roleplay_mail,Counsellor,5,CO-O-*-*-O-*,4,70,0.05714285714285714
HH_roleplay_mail,Counsellor,5,CO-O-*-*-UCO-*,1,70,0.014285714285714285
HH_roleplay_mail,Counsellor,6,CO-FA-*-*-*-*,17,52,0.3269230769230769
HH_roleplay_mail,Counsellor,6,CO-FC-*-*-F-*,3,52,0.057692307692307696
HH_roleplay_mail,Counsellor,6,CO-FC-*-*-OPR-*,5,52,0.09615384615384616
HH_roleplay_mail,Counsellor,6,CO-IF-AC-RF-SRx-*,6,52,0.11538461538461539
HH_roleplay_mail,Counsellor,6,CO-IF-HP-*-ICO-*,1,52,0.019230769230769232
HH_roleplay_mail,Counsellor,6,CO-IF-HP-*-IPFR-*,4,52,0.07692307692307693
HH_roleplay_mail,Counsellor,6,CO-IF-HP-*-PP-IA,1,52,0.019230769230769232
HH_roleplay_mail,Counsellor,6,CO-IF-HP-*-PP-IW,1,52,0.019230769230769232
HH_roleplay_mail,Counsellor,6,CO-IF-Mot-*-IAC-*,5,52,0.09615384615384616
HH_roleplay_mail,Counsellor,6,CO-IF-Mot-*-ITA-*,3,52,0.057692307692307696
HH_roleplay_mail,Counsellor,6,CO-Mod-*-*-*-*,4,52,0.07692307692307693
HH_roleplay_mail,Counsellor,6,CO-O-*-*-O-*,2,52,0.038461538461538464
HH_roleplay_mail,Counsellor,7,CO-FA-*-*-*-*,17,42,0.40476190476190477
HH_roleplay_mail,Counsellor,7,CO-FC-*-*-F-*,1,42,0.023809523809523808
HH_roleplay_mail,Counsellor,7,CO-FC-*-*-OPR-*,4,42,0.09523809523809523
HH_roleplay_mail,Counsellor,7,CO-IF-AC-RF-SRx-*,4,42,0.09523809523809523
HH_roleplay_mail,Counsellor,7,CO-IF-HP-*-ICO-*,1,42,0.023809523809523808
HH_roleplay_mail,Counsellor,7,CO-IF-HP-*-IEA,1,42,0.023809523809523808
HH_roleplay_mail,Counsellor,7,CO-IF-HP-*-IPFR-*,1,42,0.023809523809523808
HH_roleplay_mail,Counsellor,7,CO-IF-Mot-*-IAC-*,2,42,0.047619047619047616
HH_roleplay_mail,Counsellor,7,CO-IF-Mot-*-IEM-*,1,42,0.023809523809523808
HH_roleplay_mail,Counsellor,7,CO-IF-Mot-*-ITA-*,2,42,0.047619047619047616
HH_roleplay_mail,Counsellor,7,CO-IF-Mot-*-RFC-*,1,42,0.023809523809523808
HH_roleplay_mail,Counsellor,7,CO-IF-RA-*-N-RAFa,1,42,0.023809523809523808
HH_roleplay_mail,Counsellor,7,CO-Mod-*-*-*-*,2,42,0.047619047619047616
HH_roleplay_mail,Counsellor,7,CO-O-*-*-O-*,2,42,0.047619047619047616
HH_roleplay_mail,Counsellor,7,CO-O-*-*-UCO-*,2,42,0.047619047619047616
HH_roleplay_mail,Counsellor,8,CO-FA-*-*-*-*,17,36,0.4722222222222222
HH_roleplay_mail,Counsellor,8,CO-FC-*-*-F-*,1,36,0.027777777777777776
HH_roleplay_mail,Counsellor,8,CO-IF-AC-RF-SRx-*,2,36,0.05555555555555555
HH_roleplay_mail,Counsellor,8,CO-IF-HP-*-IPFR-*,4,36,0.1111111111111111
HH_roleplay_mail,Counsellor,8,CO-IF-Mot-*-IAC-*,1,36,0.027777777777777776
HH_roleplay_mail,Counsellor,8,CO-IF-Mot-*-ITA-*,7,36,0.19444444444444445
HH_roleplay_mail,Counsellor,8,CO-IF-Mot-*-RFC-*,1,36,0.027777777777777776
HH_roleplay_mail,Counsellor,8,CO-Mod-*-*-*-*,1,36,0.027777777777777776
HH_roleplay_mail,Counsellor,8,CO-O-*-*-O-*,2,36,0.05555555555555555
HH_roleplay_mail,Counsellor,9,CL-IF-HP-*-Succ-*,1,55,0.01818181818181818
HH_roleplay_mail,Counsellor,9,CO-FA-*-*-*-*,7,55,0.12727272727272726
HH_roleplay_mail,Counsellor,9,CO-FC-*-*-F-*,4,55,0.07272727272727272
HH_roleplay_mail,Counsellor,9,CO-FC-*-*-OPR-*,11,55,0.2
HH_roleplay_mail,Counsellor,9,CO-IF-AC-RF-RLS-H,1,55,0.01818181818181818
HH_roleplay_mail,Counsellor,9,CO-IF-AC-RF-SRx-*,2,55,0.03636363636363636
HH_roleplay_mail,Counsellor,9,CO-IF-HP-*-IPFR-*,3,55,0.05454545454545454
HH_roleplay_mail,Counsellor,9,CO-IF-Mot-*-IAC-*,11,55,0.2
HH_roleplay_mail,Counsellor,9,CO-IF-Mot-*-ITA-*,8,55,0.14545454545454545
HH_roleplay_mail,Counsellor,9,CO-Mod-*-*-*-*,4,55,0.07272727272727272
HH_roleplay_mail,Counsellor,9,CO-O-*-*-O-*,1,55,0.01818181818181818
HH_roleplay_mail,Counsellor,9,CO-O-*-*-UCO-*,2,55,0.03636363636363636
H_LLM_roleplay_chat,Client,0,CL-E-*-*-ECP-*,21,1145,0.01834061135371179
H_LLM_roleplay_chat,Client,0,CL-E-*-*-PT-*,35,1145,0.03056768558951965
H_LLM_roleplay_chat,Client,0,CL-FB-*-*-*-*,476,1145,0.41572052401746723
H_LLM_roleplay_chat,Client,0,CL-IF-ACP-*-Cons-*,3,1145,0.0026200873362445414
H_LLM_roleplay_chat,Client,0,CL-IF-ACP-*-DPD-*,168,1145,0.1467248908296943
H_LLM_roleplay_chat,Client,0,CL-IF-ACP-*-FPA-*,3,1145,0.0026200873362445414
H_LLM_roleplay_chat,Client,0,CL-IF-ACP-*-OE-*,21,1145,0.01834061135371179
H_LLM_roleplay_chat,Client,0,CL-IF-ACP-*-PD-*,45,1145,0.039301310043668124
H_LLM_roleplay_chat,Client,0,CL-IF-ACP-*-PS-*,217,1145,0.18951965065502183
H_LLM_roleplay_chat,Client,0,CL-IF-ACP-*-Rej-*,3,1145,0.0026200873362445414
H_LLM_roleplay_chat,Client,0,CL-IF-ACP-*-Req-*,5,1145,0.004366812227074236
H_LLM_roleplay_chat,Client,0,CL-IF-AO-*-Ext-*,26,1145,0.022707423580786028
H_LLM_roleplay_chat,Client,0,CL-IF-AO-*-Obj-*,48,1145,0.04192139737991266
H_LLM_roleplay_chat,Client,0,CL-IF-HP-*-NegFR-*,3,1145,0.0026200873362445414
H_LLM_roleplay_chat,Client,0,CL-IF-HP-*-PosF-*,14,1145,0.01222707423580786
H_LLM_roleplay_chat,Client,0,CL-IF-HP-*-RepRA-*,1,1145,0.0008733624454148472
H_LLM_roleplay_chat,Client,0,CL-IF-Mot-*-FC-*,6,1145,0.005240174672489083
H_LLM_roleplay_chat,Client,0,CL-IF-Mot-*-RC-*,16,1145,0.013973799126637555
H_LLM_roleplay_chat,Client,0,CL-IF-RA-*-RF-*,4,1145,0.0034934497816593887
H_LLM_roleplay_chat,Client,0,CL-IF-RA-*-RP-*,10,1145,0.008733624454148471
H_LLM_roleplay_chat,Client,0,CL-O-*-*-O-*,15,1145,0.013100436681222707
H_LLM_roleplay_chat,Client,0,CL-O-*-*-UCO-*,5,1145,0.004366812227074236
H_LLM_roleplay_chat,Client,1,CL-E-*-*-ECP-*,17,914,0.018599562363238512
H_LLM_roleplay_chat,Client,1,CL-E-*-*-PT-*,30,914,0.03282275711159737
H_LLM_roleplay_chat,Client,1,CL-FB-*-*-*-*,104,914,0.1137855579868709
H_LLM_roleplay_chat,Client,1,CL-FC-*-*-F-*,1,914,0.0010940919037199124
H_LLM_roleplay_chat,Client,1,CL-FC-*-*-UPR-*,2,914,0.002188183807439825
H_LLM_roleplay_chat,Client,1,CL-IF-ACP-*-Cons-*,21,914,0.022975929978118162
H_LLM_roleplay_chat,Client,1,CL-IF-ACP-*-DPD-*,42,914,0.045951859956236324
H_LLM_roleplay_chat,Client,1,CL-IF-ACP-*-FPA-*,39,914,0.04266958424507659
H_LLM_roleplay_chat,Client,1,CL-IF-ACP-*-OE-*,22,914,0.024070021881838075
H_LLM_roleplay_chat,Client,1,CL-IF-ACP-*-PD-*,102,914,0.11159737417943107
H_LLM_roleplay_chat,Client,1,CL-IF-ACP-*-PS-*,243,914,0.2658643326039387
H_LLM_roleplay_chat,Client,1,CL-IF-ACP-*-Req-*,2,914,0.002188183807439825
H_LLM_roleplay_chat,Client,1,CL-IF-AO-*-Ext-*,27,914,0.02954048140043764
H_LLM_roleplay_chat,Client,1,CL-IF-AO-*-Obj-*,63,914,0.06892778993435449
H_LLM_roleplay_chat,Client,1,CL-IF-HP-*-Fail-*,1,914,0.0010940919037199124
H_LLM_roleplay_chat,Client,1,CL-IF-HP-*-NegFR-*,6,914,0.006564551422319475
H_LLM_roleplay_chat,Client,1,CL-IF-HP-*-PosF-*,53,914,0.05798687089715536
H_LLM_roleplay_chat,Client,1,CL-IF-HP-*-PosFR-*,1,914,0.0010940919037199124
H_LLM_roleplay_chat,Client,1,CL-IF-HP-*-RepRA-*,3,914,0.0032822757111597373
H_LLM_roleplay_chat,Client,1,CL-IF-HP-*-Succ-*,1,914,0.0010940919037199124
H_LLM_roleplay_chat,Client,1,CL-IF-Mot-*-FC-*,19,914,0.020787746170678335
H_LLM_roleplay_chat,Client,1,CL-IF-Mot-*-RC-*,35,914,0.038293216630196934
H_LLM_roleplay_chat,Client,1,CL-IF-RA-*-RF-*,19,914,0.020787746170678335
H_LLM_roleplay_chat,Client,1,CL-IF-RA-*-RP-*,19,914,0.020787746170678335
H_LLM_roleplay_chat,Client,1,CL-O-*-*-O-*,37,914,0.04048140043763676
H_LLM_roleplay_chat,Client,1,CL-O-*-*-UCO-*,4,914,0.00437636761487965
H_LLM_roleplay_chat,Client,1,CO-IF-AC-RF-SRx-*,1,914,0.0010940919037199124
H_LLM_roleplay_chat,Client,2,CL-E-*-*-ECP-*,15,991,0.015136226034308779
H_LLM_roleplay_chat,Client,2,CL-E-*-*-PT-*,29,991,0.029263370332996974
H_LLM_roleplay_chat,Client,2,CL-FB-*-*-*-*,28,991,0.028254288597376387
H_LLM_roleplay_chat,Client,2,CL-FC-*-*-F-*,3,991,0.0030272452068617556
H_LLM_roleplay_chat,Client,2,CL-FC-*-*-UPR-*,1,991,0.0010090817356205853
H_LLM_roleplay_chat,Client,2,CL-IF-ACP-*-Cons-*,45,991,0.045408678102926335
H_LLM_roleplay_chat,Client,2,CL-IF-ACP-*-DPD-*,59,991,0.05953582240161453
H_LLM_roleplay_chat,Client,2,CL-IF-ACP-*-FPA-*,59,991,0.05953582240161453
H_LLM_roleplay_chat,Client,2,CL-IF-ACP-*-OE-*,21,991,0.02119071644803229
H_LLM_roleplay_chat,Client,2,CL-IF-ACP-*-PD-*,147,991,0.14833501513622604
H_LLM_roleplay_chat,Client,2,CL-IF-ACP-*-PS-*,212,991,0.21392532795156408
H_LLM_roleplay_chat,Client,2,CL-IF-ACP-*-Rej-*,8,991,0.008072653884964682
H_LLM_roleplay_chat,Client,2,CL-IF-ACP-*-Req-*,5,991,0.005045408678102927
H_LLM_roleplay_chat,Client,2,CL-IF-AO-*-Ext-*,41,991,0.04137235116044399
H_LLM_roleplay_chat,Client,2,CL-IF-AO-*-Obj-*,92,991,0.09283551967709384
H_LLM_roleplay_chat,Client,2,CL-IF-HP-*-Fail-*,3,991,0.0030272452068617556
H_LLM_roleplay_chat,Client,2,CL-IF-HP-*-NegFR-*,9,991,0.009081735620585268
H_LLM_roleplay_chat,Client,2,CL-IF-HP-*-PosF-*,34,991,0.034308779011099896
H_LLM_roleplay_chat,Client,2,CL-IF-HP-*-PosFR-*,7,991,0.007063572149344097
H_LLM_roleplay_chat,Client,2,CL-IF-HP-*-RepRA-*,12,991,0.012108980827447022
H_LLM_roleplay_chat,Client,2,CL-IF-HP-*-Succ-*,2,991,0.0020181634712411706
H_LLM_roleplay_chat,Client,2,CL-IF-Mot-*-FC-*,13,991,0.013118062563067608
H_LLM_roleplay_chat,Client,2,CL-IF-Mot-*-RC-*,59,991,0.05953582240161453
H_LLM_roleplay_chat,Client,2,CL-IF-RA-*-RF-*,27,991,0.027245206861755803
H_LLM_roleplay_chat,Client,2,CL-IF-RA-*-RP-*,24,991,0.024217961654894045
H_LLM_roleplay_chat,Client,2,CL-O-*-*-O-*,28,991,0.028254288597376387
H_LLM_roleplay_chat,Client,2,CL-O-*-*-UCO-*,7,991,0.007063572149344097
H_LLM_roleplay_chat,Client,2,CO-IF-HP-*-IPFR-*,1,991,0.0010090817356205853
H_LLM_roleplay_chat,Client,3,CL-E-*-*-ECP-*,13,950,0.01368421052631579
H_LLM_roleplay_chat,Client,3,CL-E-*-*-PT-*,17,950,0.017894736842105262
H_LLM_roleplay_chat,Client,3,CL-FB-*-*-*-*,13,950,0.01368421052631579
H_LLM_roleplay_chat,Client,3,CL-FC-*-*-F-*,4,950,0.004210526315789474
H_LLM_roleplay_chat,Client,3,CL-FC-*-*-UPR-*,2,950,0.002105263157894737
H_LLM_roleplay_chat,Client,3,CL-IF-ACP-*-Cons-*,49,950,0.05157894736842105
H_LLM_roleplay_chat,Client,3,CL-IF-ACP-*-DPD-*,36,950,0.037894736842105266
H_LLM_roleplay_chat,Client,3,CL-IF-ACP-*-FPA-*,81,950,0.08526315789473685
H_LLM_roleplay_chat,Client,3,CL-IF-ACP-*-OE-*,21,950,0.022105263157894735
H_LLM_roleplay_chat,Client,3,CL-IF-ACP-*-PD-*,153,950,0.16105263157894736
H_LLM_roleplay_chat,Client,3,CL-IF-ACP-*-PS-*,123,950,0.12947368421052632
H_LLM_roleplay_chat,Client,3,CL-IF-ACP-*-Rej-*,5,950,0.005263157894736842
H_LLM_roleplay_chat,Client,3,CL-IF-ACP-*-Req-*,13,950,0.01368421052631579
H_LLM_roleplay_chat,Client,3,CL-IF-AO-*-Ext-*,35,950,0.03684210526315789
H_LLM_roleplay_chat,Client,3,CL-IF-AO-*-Obj-*,82,950,0.0863157894736842
H_LLM_roleplay_chat,Client,3,CL-IF-HP-*-Fail-*,4,950,0.004210526315789474
H_LLM_roleplay_chat,Client,3,CL-IF-HP-*-NegFR-*,11,950,0.011578947368421053
H_LLM_roleplay_chat,Client,3,CL-IF-HP-*-PosF-*,28,950,0.029473684210526315
H_LLM_roleplay_chat,Client,3,CL-IF-HP-*-PosFR-*,10,950,0.010526315789473684
H_LLM_roleplay_chat,Client,3,CL-IF-HP-*-RepRA-*,22,950,0.023157894736842106
H_LLM_roleplay_chat,Client,3,CL-IF-HP-*-Succ-*,4,950,0.004210526315789474
H_LLM_roleplay_chat,Client,3,CL-IF-Mot-*-FC-*,30,950,0.031578947368421054
H_LLM_roleplay_chat,Client,3,CL-IF-Mot-*-RC-*,71,950,0.07473684210526316
H_LLM_roleplay_chat,Client,3,CL-IF-RA-*-RF-*,46,950,0.04842105263157895
H_LLM_roleplay_chat,Client,3,CL-IF-RA-*-RP-*,50,950,0.05263157894736842
H_LLM_roleplay_chat,Client,3,CL-O-*-*-O-*,23,950,0.024210526315789474
H_LLM_roleplay_chat,Client,3,CL-O-*-*-UCO-*,3,950,0.003157894736842105
H_LLM_roleplay_chat,Client,3,CO-Mod-*-*-*-*,1,950,0.0010526315789473684
H_LLM_roleplay_chat,Client,4,CL-E-*-*-ECP-*,17,929,0.01829924650161464
H_LLM_roleplay_chat,Client,4,CL-E-*-*-PT-*,22,929,0.023681377825618945
H_LLM_roleplay_chat,Client,4,CL-FB-*-*-*-*,20,929,0.021528525296017224
H_LLM_roleplay_chat,Client,4,CL-FC-*-*-F-*,6,929,0.006458557588805167
H_LLM_roleplay_chat,Client,4,CL-FC-*-*-UPR-*,8,929,0.008611410118406888
H_LLM_roleplay_chat,Client,4,CL-IF-ACP-*-Cons-*,53,929,0.05705059203444564
H_LLM_roleplay_chat,Client,4,CL-IF-ACP-*-DPD-*,29,929,0.031216361679224973
H_LLM_roleplay_chat,Client,4,CL-IF-ACP-*-FPA-*,65,929,0.06996770721205597
H_LLM_roleplay_chat,Client,4,CL-IF-ACP-*-OE-*,10,929,0.010764262648008612
H_LLM_roleplay_chat,Client,4,CL-IF-ACP-*-PD-*,128,929,0.1377825618945102
H_LLM_roleplay_chat,Client,4,CL-IF-ACP-*-PS-*,95,929,0.10226049515608181
H_LLM_roleplay_chat,Client,4,CL-IF-ACP-*-Rej-*,4,929,0.004305705059203444
H_LLM_roleplay_chat,Client,4,CL-IF-ACP-*-Req-*,11,929,0.011840688912809472
H_LLM_roleplay_chat,Client,4,CL-IF-AO-*-Ext-*,49,929,0.0527448869752422
H_LLM_roleplay_chat,Client,4,CL-IF-AO-*-Obj-*,104,929,0.11194833153928956
H_LLM_roleplay_chat,Client,4,CL-IF-HP-*-Fail-*,3,929,0.0032292787944025836
H_LLM_roleplay_chat,Client,4,CL-IF-HP-*-NegFR-*,18,929,0.0193756727664155
H_LLM_roleplay_chat,Client,4,CL-IF-HP-*-PosF-*,26,929,0.02798708288482239
H_LLM_roleplay_chat,Client,4,CL-IF-HP-*-PosFR-*,21,929,0.022604951560818085
H_LLM_roleplay_chat,Client,4,CL-IF-HP-*-RepRA-*,28,929,0.030139935414424113
H_LLM_roleplay_chat,Client,4,CL-IF-HP-*-Succ-*,5,929,0.005382131324004306
H_LLM_roleplay_chat,Client,4,CL-IF-Mot-*-FC-*,25,929,0.02691065662002153
H_LLM_roleplay_chat,Client,4,CL-IF-Mot-*-RC-*,57,929,0.061356297093649086
H_LLM_roleplay_chat,Client,4,CL-IF-RA-*-RF-*,40,929,0.04305705059203445
H_LLM_roleplay_chat,Client,4,CL-IF-RA-*-RP-*,58,929,0.062432723358449946
H_LLM_roleplay_chat,Client,4,CL-O-*-*-O-*,19,929,0.02045209903121636
H_LLM_roleplay_chat,Client,4,CL-O-*-*-UCO-*,6,929,0.006458557588805167
H_LLM_roleplay_chat,Client,4,CO-FC-*-*-OPR-*,1,929,0.001076426264800861
H_LLM_roleplay_chat,Client,4,CO-IF-AC-RF-SRx-*,1,929,0.001076426264800861
H_LLM_roleplay_chat,Client,5,CL-E-*-*-ECP-*,20,1062,0.018832391713747645
H_LLM_roleplay_chat,Client,5,CL-E-*-*-PT-*,26,1062,0.02448210922787194
H_LLM_roleplay_chat,Client,5,CL-FB-*-*-*-*,19,1062,0.017890772128060263
H_LLM_roleplay_chat,Client,5,CL-FC-*-*-F-*,5,1062,0.004708097928436911
H_LLM_roleplay_chat,Client,5,CL-FC-*-*-UPR-*,9,1062,0.00847457627118644
H_LLM_roleplay_chat,Client,5,CL-IF-ACP-*-Cons-*,49,1062,0.046139359698681735
H_LLM_roleplay_chat,Client,5,CL-IF-ACP-*-DPD-*,26,1062,0.02448210922787194
H_LLM_roleplay_chat,Client,5,CL-IF-ACP-*-FPA-*,72,1062,0.06779661016949153
H_LLM_roleplay_chat,Client,5,CL-IF-ACP-*-OE-*,17,1062,0.0160075329566855
H_LLM_roleplay_chat,Client,5,CL-IF-ACP-*-PD-*,127,1062,0.11958568738229755
H_LLM_roleplay_chat,Client,5,CL-IF-ACP-*-PS-*,78,1062,0.07344632768361582
H_LLM_roleplay_chat,Client,5,CL-IF-ACP-*-Rej-*,7,1062,0.006591337099811676
H_LLM_roleplay_chat,Client,5,CL-IF-ACP-*-Req-*,18,1062,0.01694915254237288
H_LLM_roleplay_chat,Client,5,CL-IF-AO-*-Ext-*,50,1062,0.047080979284369114
H_LLM_roleplay_chat,Client,5,CL-IF-AO-*-Obj-*,96,1062,0.0903954802259887
H_LLM_roleplay_chat,Client,5,CL-IF-HP-*-Fail-*,4,1062,0.003766478342749529
H_LLM_roleplay_chat,Client,5,CL-IF-HP-*-NegFR-*,18,1062,0.01694915254237288
H_LLM_roleplay_chat,Client,5,CL-IF-HP-*-PosF-*,35,1062,0.03295668549905838
H_LLM_roleplay_chat,Client,5,CL-IF-HP-*-PosFR-*,33,1062,0.031073446327683617
H_LLM_roleplay_chat,Client,5,CL-IF-HP-*-RepRA-*,40,1062,0.03766478342749529
H_LLM_roleplay_chat,Client,5,CL-IF-HP-*-Succ-*,11,1062,0.010357815442561206
H_LLM_roleplay_chat,Client,5,CL-IF-Mot-*-FC-*,23,1062,0.021657250470809793
H_LLM_roleplay_chat,Client,5,CL-IF-Mot-*-RC-*,73,1062,0.0687382297551789
H_LLM_roleplay_chat,Client,5,CL-IF-RA-*-RF-*,69,1062,0.06497175141242938
H_LLM_roleplay_chat,Client,5,CL-IF-RA-*-RP-*,90,1062,0.0847457627118644
H_LLM_roleplay_chat,Client,5,CL-O-*-*-O-*,33,1062,0.031073446327683617
H_LLM_roleplay_chat,Client,5,CL-O-*-*-UCO-*,10,1062,0.009416195856873822
H_LLM_roleplay_chat,Client,5,CO-IF-AC-RF-SRx-*,1,1062,0.0009416195856873823
H_LLM_roleplay_chat,Client,5,CO-IF-HP-*-IPFR-*,1,1062,0.0009416195856873823
H_LLM_roleplay_chat,Client,5,CO-Mod-*-*-*-*,2,1062,0.0018832391713747645
H_LLM_roleplay_chat,Client,6,CL-E-*-*-ECP-*,14,1013,0.013820335636722606
H_LLM_roleplay_chat,Client,6,CL-E-*-*-PT-*,25,1013,0.024679170779861797
H_LLM_roleplay_chat,Client,6,CL-FB-*-*-*-*,18,1013,0.017769002961500493
H_LLM_roleplay_chat,Client,6,CL-FC-*-*-F-*,1,1013,0.0009871668311944718
H_LLM_roleplay_chat,Client,6,CL-FC-*-*-UPR-*,14,1013,0.013820335636722606
H_LLM_roleplay_chat,Client,6,CL-IF-ACP-*-Cons-*,73,1013,0.07206317867719644
H_LLM_roleplay_chat,Client,6,CL-IF-ACP-*-DPD-*,13,1013,0.012833168805528134
H_LLM_roleplay_chat,Client,6,CL-IF-ACP-*-FPA-*,50,1013,0.049358341559723594
H_LLM_roleplay_chat,Client,6,CL-IF-ACP-*-OE-*,17,1013,0.01678183613030602
H_LLM_roleplay_chat,Client,6,CL-IF-ACP-*-PD-*,100,1013,0.09871668311944719
H_LLM_roleplay_chat,Client,6,CL-IF-ACP-*-PS-*,65,1013,0.06416584402764067
H_LLM_roleplay_chat,Client,6,CL-IF-ACP-*-Rej-*,6,1013,0.005923000987166831
H_LLM_roleplay_chat,Client,6,CL-IF-ACP-*-Req-*,15,1013,0.014807502467917079
H_LLM_roleplay_chat,Client,6,CL-IF-AO-*-Ext-*,56,1013,0.055281342546890426
H_LLM_roleplay_chat,Client,6,CL-IF-AO-*-Obj-*,99,1013,0.09772951628825272
H_LLM_roleplay_chat,Client,6,CL-IF-HP-*-Fail-*,2,1013,0.0019743336623889436
H_LLM_roleplay_chat,Client,6,CL-IF-HP-*-NegFR-*,11,1013,0.01085883514313919
H_LLM_roleplay_chat,Client,6,CL-IF-HP-*-PosF-*,47,1013,0.04639684106614018
H_LLM_roleplay_chat,Client,6,CL-IF-HP-*-PosFR-*,41,1013,0.040473840078973346
H_LLM_roleplay_chat,Client,6,CL-IF-HP-*-RepRA-*,62,1013,0.06120434353405726
H_LLM_roleplay_chat,Client,6,CL-IF-HP-*-Succ-*,7,1013,0.006910167818361303
H_LLM_roleplay_chat,Client,6,CL-IF-Mot-*-FC-*,20,1013,0.019743336623889437
H_LLM_roleplay_chat,Client,6,CL-IF-Mot-*-RC-*,56,1013,0.055281342546890426
H_LLM_roleplay_chat,Client,6,CL-IF-RA-*-RF-*,77,1013,0.07601184600197433
H_LLM_roleplay_chat,Client,6,CL-IF-RA-*-RP-*,76,1013,0.07502467917077986
H_LLM_roleplay_chat,Client,6,CL-O-*-*-O-*,39,1013,0.0384995064165844
H_LLM_roleplay_chat,Client,6,CL-O-*-*-UCO-*,6,1013,0.005923000987166831
H_LLM_roleplay_chat,Client,6,CO-FC-*-*-OPR-*,1,1013,0.0009871668311944718
H_LLM_roleplay_chat,Client,6,CO-IF-AO-*-ICO-*,1,1013,0.0009871668311944718
H_LLM_roleplay_chat,Client,6,CO-Mod-*-*-*-*,1,1013,0.0009871668311944718
H_LLM_roleplay_chat,Client,7,CL-E-*-*-ECC-*,1,985,0.0010152284263959391
H_LLM_roleplay_chat,Client,7,CL-E-*-*-ECP-*,10,985,0.01015228426395939
H_LLM_roleplay_chat,Client,7,CL-E-*-*-PT-*,11,985,0.01116751269035533
H_LLM_roleplay_chat,Client,7,CL-FB-*-*-*-*,14,985,0.014213197969543147
H_LLM_roleplay_chat,Client,7,CL-FC-*-*-F-*,5,985,0.005076142131979695
H_LLM_roleplay_chat,Client,7,CL-FC-*-*-UPR-*,18,985,0.018274111675126905
H_LLM_roleplay_chat,Client,7,CL-IF-ACP-*-Cons-*,64,985,0.0649746192893401
H_LLM_roleplay_chat,Client,7,CL-IF-ACP-*-DPD-*,15,985,0.015228426395939087
H_LLM_roleplay_chat,Client,7,CL-IF-ACP-*-FPA-*,34,985,0.03451776649746193
H_LLM_roleplay_chat,Client,7,CL-IF-ACP-*-OE-*,15,985,0.015228426395939087
H_LLM_roleplay_chat,Client,7,CL-IF-ACP-*-PD-*,67,985,0.06802030456852792
H_LLM_roleplay_chat,Client,7,CL-IF-ACP-*-PS-*,39,985,0.03959390862944162
H_LLM_roleplay_chat,Client,7,CL-IF-ACP-*-Rej-*,5,985,0.005076142131979695
H_LLM_roleplay_chat,Client,7,CL-IF-ACP-*-Req-*,22,985,0.02233502538071066
H_LLM_roleplay_chat,Client,7,CL-IF-AO-*-Ext-*,52,985,0.05279187817258883
H_LLM_roleplay_chat,Client,7,CL-IF-AO-*-Obj-*,90,985,0.09137055837563451
H_LLM_roleplay_chat,Client,7,CL-IF-HP-*-Fail-*,4,985,0.0040609137055837565
H_LLM_roleplay_chat,Client,7,CL-IF-HP-*-NegFR-*,26,985,0.026395939086294416
H_LLM_roleplay_chat,Client,7,CL-IF-HP-*-PosF-*,53,985,0.05380710659898477
H_LLM_roleplay_chat,Client,7,CL-IF-HP-*-PosFR-*,56,985,0.05685279187817259
H_LLM_roleplay_chat,Client,7,CL-IF-HP-*-RepRA-*,76,985,0.07715736040609138
H_LLM_roleplay_chat,Client,7,CL-IF-HP-*-Succ-*,18,985,0.018274111675126905
H_LLM_roleplay_chat,Client,7,CL-IF-Mot-*-FC-*,16,985,0.016243654822335026
H_LLM_roleplay_chat,Client,7,CL-IF-Mot-*-RC-*,56,985,0.05685279187817259
H_LLM_roleplay_chat,Client,7,CL-IF-RA-*-RF-*,72,985,0.07309644670050762
H_LLM_roleplay_chat,Client,7,CL-IF-RA-*-RP-*,96,985,0.09746192893401015
H_LLM_roleplay_chat,Client,7,CL-O-*-*-O-*,40,985,0.04060913705583756
H_LLM_roleplay_chat,Client,7,CL-O-*-*-UCO-*,6,985,0.006091370558375634
H_LLM_roleplay_chat,Client,7,CO-IF-AC-RF-SRx-*,2,985,0.0020304568527918783
H_LLM_roleplay_chat,Client,7,CO-IF-HP-*-IPFR-*,1,985,0.0010152284263959391
H_LLM_roleplay_chat,Client,7,CO-Mod-*-*-*-*,1,985,0.0010152284263959391
H_LLM_roleplay_chat,Client,8,CL-E-*-*-ECC-*,2,1011,0.0019782393669634025
H_LLM_roleplay_chat,Client,8,CL-E-*-*-ECP-*,7,1011,0.006923837784371909
H_LLM_roleplay_chat,Client,8,CL-E-*-*-PT-*,2,1011,0.0019782393669634025
H_LLM_roleplay_chat,Client,8,CL-FB-*-*-*-*,13,1011,0.012858555885262116
H_LLM_roleplay_chat,Client,8,CL-FC-*-*-F-*,12,1011,0.011869436201780416
H_LLM_roleplay_chat,Client,8,CL-FC-*-*-UPR-*,23,1011,0.02274975272007913
H_LLM_roleplay_chat,Client,8,CL-IF-ACP-*-Cons-*,54,1011,0.05341246290801187
H_LLM_roleplay_chat,Client,8,CL-IF-ACP-*-DPD-*,15,1011,0.01483679525222552
H_LLM_roleplay_chat,Client,8,CL-IF-ACP-*-FPA-*,22,1011,0.021760633036597428
H_LLM_roleplay_chat,Client,8,CL-IF-ACP-*-OE-*,3,1011,0.002967359050445104
H_LLM_roleplay_chat,Client,8,CL-IF-ACP-*-PD-*,54,1011,0.05341246290801187
H_LLM_roleplay_chat,Client,8,CL-IF-ACP-*-PS-*,27,1011,0.026706231454005934
H_LLM_roleplay_chat,Client,8,CL-IF-ACP-*-Rej-*,10,1011,0.009891196834817012
H_LLM_roleplay_chat,Client,8,CL-IF-ACP-*-Req-*,18,1011,0.017804154302670624
H_LLM_roleplay_chat,Client,8,CL-IF-AO-*-Ext-*,44,1011,0.043521266073194856
H_LLM_roleplay_chat,Client,8,CL-IF-AO-*-Obj-*,78,1011,0.0771513353115727
H_LLM_roleplay_chat,Client,8,CL-IF-HP-*-Fail-*,5,1011,0.004945598417408506
H_LLM_roleplay_chat,Client,8,CL-IF-HP-*-NegFR-*,12,1011,0.011869436201780416
H_LLM_roleplay_chat,Client,8,CL-IF-HP-*-PosF-*,83,1011,0.0820969337289812
H_LLM_roleplay_chat,Client,8,CL-IF-HP-*-PosFR-*,104,1011,0.10286844708209693
H_LLM_roleplay_chat,Client,8,CL-IF-HP-*-RepRA-*,125,1011,0.12363996043521266
H_LLM_roleplay_chat,Client,8,CL-IF-HP-*-Succ-*,39,1011,0.03857566765578635
H_LLM_roleplay_chat,Client,8,CL-IF-Mot-*-FC-*,17,1011,0.016815034619188922
H_LLM_roleplay_chat,Client,8,CL-IF-Mot-*-RC-*,58,1011,0.057368941641938676
H_LLM_roleplay_chat,Client,8,CL-IF-RA-*-RF-*,58,1011,0.057368941641938676
H_LLM_roleplay_chat,Client,8,CL-IF-RA-*-RP-*,78,1011,0.0771513353115727
H_LLM_roleplay_chat,Client,8,CL-O-*-*-O-*,35,1011,0.03461918892185954
H_LLM_roleplay_chat,Client,8,CL-O-*-*-UCO-*,7,1011,0.006923837784371909
H_LLM_roleplay_chat,Client,8,CO-IF-AC-RE-RES-*,3,1011,0.002967359050445104
H_LLM_roleplay_chat,Client,8,CO-IF-AC-RF-SRx-*,1,1011,0.0009891196834817012
H_LLM_roleplay_chat,Client,8,CO-IF-HP-*-IPFR-*,1,1011,0.0009891196834817012
H_LLM_roleplay_chat,Client,8,CO-Mod-*-*-*-*,1,1011,0.0009891196834817012
H_LLM_roleplay_chat,Client,9,CL-E-*-*-ECP-*,9,1193,0.0075440067057837385
H_LLM_roleplay_chat,Client,9,CL-E-*-*-PT-*,4,1193,0.003352891869237217
H_LLM_roleplay_chat,Client,9,CL-FB-*-*-*-*,9,1193,0.0075440067057837385
H_LLM_roleplay_chat,Client,9,CL-FC-*-*-F-*,101,1193,0.08466051969823973
H_LLM_roleplay_chat,Client,9,CL-FC-*-*-UPR-*,72,1193,0.06035205364626991
H_LLM_roleplay_chat,Client,9,CL-IF-ACP-*-Cons-*,33,1193,0.027661357921207042
H_LLM_roleplay_chat,Client,9,CL-IF-ACP-*-DPD-*,10,1193,0.008382229673093043
H_LLM_roleplay_chat,Client,9,CL-IF-ACP-*-FPA-*,17,1193,0.014249790444258172
H_LLM_roleplay_chat,Client,9,CL-IF-ACP-*-OE-*,8,1193,0.006705783738474434
H_LLM_roleplay_chat,Client,9,CL-IF-ACP-*-PD-*,20,1193,0.016764459346186086
H_LLM_roleplay_chat,Client,9,CL-IF-ACP-*-PS-*,11,1193,0.009220452640402346
H_LLM_roleplay_chat,Client,9,CL-IF-ACP-*-Rej-*,6,1193,0.005029337803855826
H_LLM_roleplay_chat,Client,9,CL-IF-ACP-*-Req-*,11,1193,0.009220452640402346
H_LLM_roleplay_chat,Client,9,CL-IF-AO-*-Ext-*,33,1193,0.027661357921207042
H_LLM_roleplay_chat,Client,9,CL-IF-AO-*-Obj-*,40,1193,0.03352891869237217
H_LLM_roleplay_chat,Client,9,CL-IF-HP-*-Fail-*,11,1193,0.009220452640402346
H_LLM_roleplay_chat,Client,9,CL-IF-HP-*-NegFR-*,2,1193,0.0016764459346186086
H_LLM_roleplay_chat,Client,9,CL-IF-HP-*-PosF-*,131,1193,0.10980720871751885
H_LLM_roleplay_chat,Client,9,CL-IF-HP-*-PosFR-*,178,1193,0.14920368818105617
H_LLM_roleplay_chat,Client,9,CL-IF-HP-*-RepRA-*,216,1193,0.18105616093880972
H_LLM_roleplay_chat,Client,9,CL-IF-HP-*-Succ-*,91,1193,0.07627829002514669
H_LLM_roleplay_chat,Client,9,CL-IF-Mot-*-FC-*,22,1193,0.018440905280804692
H_LLM_roleplay_chat,Client,9,CL-IF-Mot-*-RC-*,44,1193,0.036881810561609385
H_LLM_roleplay_chat,Client,9,CL-IF-RA-*-RF-*,28,1193,0.02347024308466052
H_LLM_roleplay_chat,Client,9,CL-IF-RA-*-RP-*,49,1193,0.04107292539815591
H_LLM_roleplay_chat,Client,9,CL-O-*-*-O-*,25,1193,0.020955574182732608
H_LLM_roleplay_chat,Client,9,CL-O-*-*-UCO-*,3,1193,0.002514668901927913
H_LLM_roleplay_chat,Client,9,CO-FC-*-*-OPR-*,7,1193,0.00586756077116513
H_LLM_roleplay_chat,Client,9,CO-IF-AC-RF-SRx-*,1,1193,0.0008382229673093043
H_LLM_roleplay_chat,Client,9,CO-IF-HP-*-PP-IW,1,1193,0.0008382229673093043
H_LLM_roleplay_chat,Counsellor,0,CL-E-*-*-PT-*,1,1201,0.0008326394671107411
H_LLM_roleplay_chat,Counsellor,0,CL-IF-ACP-*-DPD-*,32,1201,0.026644462947543714
H_LLM_roleplay_chat,Counsellor,0,CL-IF-ACP-*-FPA-*,1,1201,0.0008326394671107411
H_LLM_roleplay_chat,Counsellor,0,CO-FA-*-*-*-*,648,1201,0.5395503746877602
H_LLM_roleplay_chat,Counsellor,0,CO-FC-*-*-F-*,5,1201,0.004163197335553705
H_LLM_roleplay_chat,Counsellor,0,CO-FC-*-*-OPR-*,2,1201,0.0016652789342214821
H_LLM_roleplay_chat,Counsellor,0,CO-IF-AC-RE-RCR-*,15,1201,0.012489592006661115
H_LLM_roleplay_chat,Counsellor,0,CO-IF-AC-RE-RES-*,49,1201,0.04079933388842631
H_LLM_roleplay_chat,Counsellor,0,CO-IF-AC-RF-RC-*,63,1201,0.05245628642797669
H_LLM_roleplay_chat,Counsellor,0,CO-IF-AC-RF-RCD-*,7,1201,0.005828476269775187
H_LLM_roleplay_chat,Counsellor,0,CO-IF-AC-RF-RLS-H,4,1201,0.0033305578684429643
H_LLM_roleplay_chat,Counsellor,0,CO-IF-AC-RF-RLS-PS,20,1201,0.01665278934221482
H_LLM_roleplay_chat,Counsellor,0,CO-IF-AC-RF-RLS-SR,9,1201,0.00749375520399667
H_LLM_roleplay_chat,Counsellor,0,CO-IF-AC-RF-RPA-*,6,1201,0.004995836802664446
H_LLM_roleplay_chat,Counsellor,0,CO-IF-AC-RF-RPD-*,11,1201,0.009159034138218152
H_LLM_roleplay_chat,Counsellor,0,CO-IF-AC-RF-RTP-*,11,1201,0.009159034138218152
H_LLM_roleplay_chat,Counsellor,0,CO-IF-AC-RF-SRx-*,82,1201,0.06827643630308076
H_LLM_roleplay_chat,Counsellor,0,CO-IF-AO-*-ICO-*,6,1201,0.004995836802664446
H_LLM_roleplay_chat,Counsellor,0,CO-IF-AO-*-ROW-*,8,1201,0.006661115736885929
H_LLM_roleplay_chat,Counsellor,0,CO-IF-HP-*-ICO-*,4,1201,0.0033305578684429643
H_LLM_roleplay_chat,Counsellor,0,CO-IF-HP-*-IEA,1,1201,0.0008326394671107411
H_LLM_roleplay_chat,Counsellor,0,CO-IF-HP-*-IPFR-*,3,1201,0.002497918401332223
H_LLM_roleplay_chat,Counsellor,0,CO-IF-HP-*-ITFE-*,2,1201,0.0016652789342214821
H_LLM_roleplay_chat,Counsellor,0,CO-IF-HP-*-PP-IA,2,1201,0.0016652789342214821
H_LLM_roleplay_chat,Counsellor,0,CO-IF-HP-*-PP-IW,1,1201,0.0008326394671107411
H_LLM_roleplay_chat,Counsellor,0,CO-IF-Mot-*-IAC-*,4,1201,0.0033305578684429643
H_LLM_roleplay_chat,Counsellor,0,CO-IF-Mot-*-IEM-*,1,1201,0.0008326394671107411
H_LLM_roleplay_chat,Counsellor,0,CO-IF-Mot-*-ITA-*,58,1201,0.04829308909242298
H_LLM_roleplay_chat,Counsellor,0,CO-IF-Mot-*-RFC-*,4,1201,0.0033305578684429643
H_LLM_roleplay_chat,Counsellor,0,CO-IF-RA-*-RP-*,4,1201,0.0033305578684429643
H_LLM_roleplay_chat,Counsellor,0,CO-Mod-*-*-*-*,71,1201,0.059117402164862616
H_LLM_roleplay_chat,Counsellor,0,CO-O-*-*-O-*,61,1201,0.0507910074937552
H_LLM_roleplay_chat,Counsellor,0,CO-O-*-*-UCO-*,5,1201,0.004163197335553705
H_LLM_roleplay_chat,Counsellor,1,CL-IF-ACP-*-DPD-*,10,997,0.010030090270812437
H_LLM_roleplay_chat,Counsellor,1,CL-IF-ACP-*-Rej-*,2,997,0.0020060180541624875
H_LLM_roleplay_chat,Counsellor,1,CL-IF-HP-*-PosFR-*,1,997,0.0010030090270812437
H_LLM_roleplay_chat,Counsellor,1,CL-O-*-*-UCO-*,1,997,0.0010030090270812437
H_LLM_roleplay_chat,Counsellor,1,CO-FA-*-*-*-*,66,997,0.06619859578736209
H_LLM_roleplay_chat,Counsellor,1,CO-FC-*-*-F-*,4,997,0.004012036108324975
H_LLM_roleplay_chat,Counsellor,1,CO-FC-*-*-OPR-*,2,997,0.0020060180541624875
H_LLM_roleplay_chat,Counsellor,1,CO-IF-AC-RE-RCR-*,49,997,0.04914744232698094
H_LLM_roleplay_chat,Counsellor,1,CO-IF-AC-RE-RES-*,43,997,0.04312938816449348
H_LLM_roleplay_chat,Counsellor,1,CO-IF-AC-RF-RC-*,46,997,0.04613841524573721
H_LLM_roleplay_chat,Counsellor,1,CO-IF-AC-RF-RCD-*,7,997,0.007021063189568706
H_LLM_roleplay_chat,Counsellor,1,CO-IF-AC-RF-RLS-ES,10,997,0.010030090270812437
H_LLM_roleplay_chat,Counsellor,1,CO-IF-AC-RF-RLS-H,19,997,0.01905717151454363
H_LLM_roleplay_chat,Counsellor,1,CO-IF-AC-RF-RLS-L,6,997,0.006018054162487462
H_LLM_roleplay_chat,Counsellor,1,CO-IF-AC-RF-RLS-PS,72,997,0.07221664994984955
H_LLM_roleplay_chat,Counsellor,1,CO-IF-AC-RF-RLS-SR,36,997,0.03610832497492478
H_LLM_roleplay_chat,Counsellor,1,CO-IF-AC-RF-RPA-*,41,997,0.041123370110330994
H_LLM_roleplay_chat,Counsellor,1,CO-IF-AC-RF-RPD-*,27,997,0.02708124373119358
H_LLM_roleplay_chat,Counsellor,1,CO-IF-AC-RF-RTP-*,31,997,0.031093279839518557
H_LLM_roleplay_chat,Counsellor,1,CO-IF-AC-RF-SRx-*,203,997,0.20361083249749248
H_LLM_roleplay_chat,Counsellor,1,CO-IF-AO-*-ICO-*,18,997,0.01805416248746239
H_LLM_roleplay_chat,Counsellor,1,CO-IF-AO-*-ROW-*,12,997,0.012036108324974924
H_LLM_roleplay_chat,Counsellor,1,CO-IF-HP-*-ICO-*,9,997,0.009027081243731194
H_LLM_roleplay_chat,Counsellor,1,CO-IF-HP-*-IEA,4,997,0.004012036108324975
H_LLM_roleplay_chat,Counsellor,1,CO-IF-HP-*-IPFR-*,5,997,0.0050150451354062184
H_LLM_roleplay_chat,Counsellor,1,CO-IF-HP-*-ITFE-*,1,997,0.0010030090270812437
H_LLM_roleplay_chat,Counsellor,1,CO-IF-HP-*-PP-IA,5,997,0.0050150451354062184
H_LLM_roleplay_chat,Counsellor,1,CO-IF-Mot-*-IAC-*,14,997,0.014042126379137413
H_LLM_roleplay_chat,Counsellor,1,CO-IF-Mot-*-IEM-*,2,997,0.0020060180541624875
H_LLM_roleplay_chat,Counsellor,1,CO-IF-Mot-*-ITA-*,40,997,0.04012036108324975
H_LLM_roleplay_chat,Counsellor,1,CO-IF-Mot-*-RFC-*,4,997,0.004012036108324975
H_LLM_roleplay_chat,Counsellor,1,CO-IF-Mot-*-RS-*,2,997,0.0020060180541624875
H_LLM_roleplay_chat,Counsellor,1,CO-IF-RA-*-N-RAFa,1,997,0.0010030090270812437
H_LLM_roleplay_chat,Counsellor,1,CO-IF-RA-*-RAP-*,4,997,0.004012036108324975
H_LLM_roleplay_chat,Counsellor,1,CO-IF-RA-*-RP-*,8,997,0.00802407221664995
H_LLM_roleplay_chat,Counsellor,1,CO-Mod-*-*-*-*,69,997,0.06920762286860582
H_LLM_roleplay_chat,Counsellor,1,CO-O-*-*-O-*,115,997,0.11534603811434303
H_LLM_roleplay_chat,Counsellor,1,CO-O-*-*-UCO-*,8,997,0.00802407221664995
H_LLM_roleplay_chat,Counsellor,2,CL-E-*-*-ECC-*,1,1068,0.0009363295880149813
H_LLM_roleplay_chat,Counsellor,2,CL-E-*-*-ECP-*,1,1068,0.0009363295880149813
H_LLM_roleplay_chat,Counsellor,2,CL-E-*-*-PT-*,1,1068,0.0009363295880149813
H_LLM_roleplay_chat,Counsellor,2,CL-IF-ACP-*-DPD-*,7,1068,0.006554307116104869
H_LLM_roleplay_chat,Counsellor,2,CL-IF-ACP-*-Rej-*,1,1068,0.0009363295880149813
H_LLM_roleplay_chat,Counsellor,2,CL-IF-AO-*-Ext-*,1,1068,0.0009363295880149813
H_LLM_roleplay_chat,Counsellor,2,CL-IF-AO-*-Obj-*,2,1068,0.0018726591760299626
H_LLM_roleplay_chat,Counsellor,2,CL-IF-HP-*-PosFR-*,1,1068,0.0009363295880149813
H_LLM_roleplay_chat,Counsellor,2,CL-IF-HP-*-RepRA-*,2,1068,0.0018726591760299626
H_LLM_roleplay_chat,Counsellor,2,CL-O-*-*-UCO-*,1,1068,0.0009363295880149813
H_LLM_roleplay_chat,Counsellor,2,CO-FA-*-*-*-*,33,1068,0.03089887640449438
H_LLM_roleplay_chat,Counsellor,2,CO-FC-*-*-F-*,7,1068,0.006554307116104869
H_LLM_roleplay_chat,Counsellor,2,CO-FC-*-*-OPR-*,3,1068,0.0028089887640449437
H_LLM_roleplay_chat,Counsellor,2,CO-IF-AC-RE-RCR-*,58,1068,0.054307116104868915
H_LLM_roleplay_chat,Counsellor,2,CO-IF-AC-RE-RES-*,31,1068,0.02902621722846442
H_LLM_roleplay_chat,Counsellor,2,CO-IF-AC-RF-RC-*,38,1068,0.035580524344569285
H_LLM_roleplay_chat,Counsellor,2,CO-IF-AC-RF-RCD-*,13,1068,0.012172284644194757
H_LLM_roleplay_chat,Counsellor,2,CO-IF-AC-RF-RLS-ES,9,1068,0.008426966292134831
H_LLM_roleplay_chat,Counsellor,2,CO-IF-AC-RF-RLS-H,21,1068,0.019662921348314606
H_LLM_roleplay_chat,Counsellor,2,CO-IF-AC-RF-RLS-L,11,1068,0.010299625468164793
H_LLM_roleplay_chat,Counsellor,2,CO-IF-AC-RF-RLS-PS,57,1068,0.05337078651685393
H_LLM_roleplay_chat,Counsellor,2,CO-IF-AC-RF-RLS-SR,33,1068,0.03089887640449438
H_LLM_roleplay_chat,Counsellor,2,CO-IF-AC-RF-RPA-*,60,1068,0.056179775280898875
H_LLM_roleplay_chat,Counsellor,2,CO-IF-AC-RF-RPD-*,25,1068,0.023408239700374533
H_LLM_roleplay_chat,Counsellor,2,CO-IF-AC-RF-RTP-*,39,1068,0.03651685393258427
H_LLM_roleplay_chat,Counsellor,2,CO-IF-AC-RF-SRx-*,158,1068,0.14794007490636704
H_LLM_roleplay_chat,Counsellor,2,CO-IF-AO-*-ICO-*,33,1068,0.03089887640449438
H_LLM_roleplay_chat,Counsellor,2,CO-IF-AO-*-ROW-*,18,1068,0.016853932584269662
H_LLM_roleplay_chat,Counsellor,2,CO-IF-HP-*-ICO-*,8,1068,0.00749063670411985
H_LLM_roleplay_chat,Counsellor,2,CO-IF-HP-*-IEA,8,1068,0.00749063670411985
H_LLM_roleplay_chat,Counsellor,2,CO-IF-HP-*-IF-*,5,1068,0.0046816479400749065
H_LLM_roleplay_chat,Counsellor,2,CO-IF-HP-*-IPFR-*,17,1068,0.015917602996254682
H_LLM_roleplay_chat,Counsellor,2,CO-IF-HP-*-ITFE-*,6,1068,0.0056179775280898875
H_LLM_roleplay_chat,Counsellor,2,CO-IF-HP-*-PP-IA,11,1068,0.010299625468164793
H_LLM_roleplay_chat,Counsellor,2,CO-IF-HP-*-PP-IW,1,1068,0.0009363295880149813
H_LLM_roleplay_chat,Counsellor,2,CO-IF-Mot-*-IAC-*,21,1068,0.019662921348314606
H_LLM_roleplay_chat,Counsellor,2,CO-IF-Mot-*-IEM-*,2,1068,0.0018726591760299626
H_LLM_roleplay_chat,Counsellor,2,CO-IF-Mot-*-ITA-*,35,1068,0.03277153558052434
H_LLM_roleplay_chat,Counsellor,2,CO-IF-Mot-*-RFC-*,12,1068,0.011235955056179775
H_LLM_roleplay_chat,Counsellor,2,CO-IF-Mot-*-RS-*,8,1068,0.00749063670411985
H_LLM_roleplay_chat,Counsellor,2,CO-IF-RA-*-N-RAFa,9,1068,0.008426966292134831
H_LLM_roleplay_chat,Counsellor,2,CO-IF-RA-*-N-RAFr,1,1068,0.0009363295880149813
H_LLM_roleplay_chat,Counsellor,2,CO-IF-RA-*-RAP-*,5,1068,0.0046816479400749065
H_LLM_roleplay_chat,Counsellor,2,CO-IF-RA-*-RP-*,8,1068,0.00749063670411985
H_LLM_roleplay_chat,Counsellor,2,CO-Mod-*-*-*-*,83,1068,0.07771535580524344
H_LLM_roleplay_chat,Counsellor,2,CO-O-*-*-O-*,157,1068,0.14700374531835206
H_LLM_roleplay_chat,Counsellor,2,CO-O-*-*-UCO-*,6,1068,0.0056179775280898875
H_LLM_roleplay_chat,Counsellor,3,CL-E-*-*-ECC-*,1,1026,0.0009746588693957114
H_LLM_roleplay_chat,Counsellor,3,CL-IF-ACP-*-DPD-*,6,1026,0.005847953216374269
H_LLM_roleplay_chat,Counsellor,3,CL-IF-ACP-*-FPA-*,1,1026,0.0009746588693957114
H_LLM_roleplay_chat,Counsellor,3,CL-IF-ACP-*-PS-*,1,1026,0.0009746588693957114
H_LLM_roleplay_chat,Counsellor,3,CL-IF-ACP-*-Rej-*,1,1026,0.0009746588693957114
H_LLM_roleplay_chat,Counsellor,3,CL-IF-AO-*-Ext-*,1,1026,0.0009746588693957114
H_LLM_roleplay_chat,Counsellor,3,CL-IF-HP-*-PosFR-*,2,1026,0.001949317738791423
H_LLM_roleplay_chat,Counsellor,3,CL-IF-HP-*-RepRA-*,1,1026,0.0009746588693957114
H_LLM_roleplay_chat,Counsellor,3,CO-FA-*-*-*-*,37,1026,0.036062378167641324
H_LLM_roleplay_chat,Counsellor,3,CO-FC-*-*-F-*,6,1026,0.005847953216374269
H_LLM_roleplay_chat,Counsellor,3,CO-FC-*-*-OPR-*,5,1026,0.004873294346978557
H_LLM_roleplay_chat,Counsellor,3,CO-IF-AC-RE-RCR-*,52,1026,0.050682261208576995
H_LLM_roleplay_chat,Counsellor,3,CO-IF-AC-RE-RES-*,29,1026,0.028265107212475632
H_LLM_roleplay_chat,Counsellor,3,CO-IF-AC-RF-RC-*,30,1026,0.029239766081871343
H_LLM_roleplay_chat,Counsellor,3,CO-IF-AC-RF-RCD-*,12,1026,0.011695906432748537
H_LLM_roleplay_chat,Counsellor,3,CO-IF-AC-RF-RLS-ES,7,1026,0.00682261208576998
H_LLM_roleplay_chat,Counsellor,3,CO-IF-AC-RF-RLS-H,18,1026,0.017543859649122806
H_LLM_roleplay_chat,Counsellor,3,CO-IF-AC-RF-RLS-L,18,1026,0.017543859649122806
H_LLM_roleplay_chat,Counsellor,3,CO-IF-AC-RF-RLS-PS,45,1026,0.043859649122807015
H_LLM_roleplay_chat,Counsellor,3,CO-IF-AC-RF-RLS-SR,52,1026,0.050682261208576995
H_LLM_roleplay_chat,Counsellor,3,CO-IF-AC-RF-RPA-*,59,1026,0.057504873294346975
H_LLM_roleplay_chat,Counsellor,3,CO-IF-AC-RF-RPD-*,15,1026,0.014619883040935672
H_LLM_roleplay_chat,Counsellor,3,CO-IF-AC-RF-RTP-*,43,1026,0.04191033138401559
H_LLM_roleplay_chat,Counsellor,3,CO-IF-AC-RF-SRx-*,134,1026,0.13060428849902533
H_LLM_roleplay_chat,Counsellor,3,CO-IF-AO-*-ICO-*,55,1026,0.05360623781676413
H_LLM_roleplay_chat,Counsellor,3,CO-IF-AO-*-ROW-*,17,1026,0.016569200779727095
H_LLM_roleplay_chat,Counsellor,3,CO-IF-HP-*-ICO-*,6,1026,0.005847953216374269
H_LLM_roleplay_chat,Counsellor,3,CO-IF-HP-*-IEA,9,1026,0.008771929824561403
H_LLM_roleplay_chat,Counsellor,3,CO-IF-HP-*-IPFR-*,25,1026,0.024366471734892786
H_LLM_roleplay_chat,Counsellor,3,CO-IF-HP-*-ITFE-*,6,1026,0.005847953216374269
H_LLM_roleplay_chat,Counsellor,3,CO-IF-HP-*-PP-IA,8,1026,0.007797270955165692
H_LLM_roleplay_chat,Counsellor,3,CO-IF-Mot-*-IAC-*,21,1026,0.02046783625730994
H_LLM_roleplay_chat,Counsellor,3,CO-IF-Mot-*-IEM-*,9,1026,0.008771929824561403
H_LLM_roleplay_chat,Counsellor,3,CO-IF-Mot-*-ITA-*,22,1026,0.021442495126705652
H_LLM_roleplay_chat,Counsellor,3,CO-IF-Mot-*-RFC-*,11,1026,0.010721247563352826
H_LLM_roleplay_chat,Counsellor,3,CO-IF-Mot-*-RS-*,13,1026,0.012670565302144249
H_LLM_roleplay_chat,Counsellor,3,CO-IF-RA-*-N-RAFa,8,1026,0.007797270955165692
H_LLM_roleplay_chat,Counsellor,3,CO-IF-RA-*-N-RAFr,1,1026,0.0009746588693957114
H_LLM_roleplay_chat,Counsellor,3,CO-IF-RA-*-RAP-*,11,1026,0.010721247563352826
H_LLM_roleplay_chat,Counsellor,3,CO-IF-RA-*-RP-*,10,1026,0.009746588693957114
H_LLM_roleplay_chat,Counsellor,3,CO-Mod-*-*-*-*,79,1026,0.0769980506822612
H_LLM_roleplay_chat,Counsellor,3,CO-O-*-*-O-*,133,1026,0.12962962962962962
H_LLM_roleplay_chat,Counsellor,3,CO-O-*-*-UCO-*,6,1026,0.005847953216374269
H_LLM_roleplay_chat,Counsellor,4,CL-FC-*-*-F-*,2,1010,0.0019801980198019802
H_LLM_roleplay_chat,Counsellor,4,CL-FC-*-*-UPR-*,1,1010,0.0009900990099009901
H_LLM_roleplay_chat,Counsellor,4,CL-IF-ACP-*-DPD-*,7,1010,0.006930693069306931
H_LLM_roleplay_chat,Counsellor,4,CL-IF-ACP-*-Rej-*,1,1010,0.0009900990099009901
H_LLM_roleplay_chat,Counsellor,4,CL-IF-AO-*-Obj-*,4,1010,0.0039603960396039604
H_LLM_roleplay_chat,Counsellor,4,CL-IF-HP-*-PosFR-*,2,1010,0.0019801980198019802
H_LLM_roleplay_chat,Counsellor,4,CO-FA-*-*-*-*,30,1010,0.0297029702970297
H_LLM_roleplay_chat,Counsellor,4,CO-FC-*-*-F-*,3,1010,0.0029702970297029703
H_LLM_roleplay_chat,Counsellor,4,CO-FC-*-*-OPR-*,5,1010,0.0049504950495049506
H_LLM_roleplay_chat,Counsellor,4,CO-IF-AC-RE-RCR-*,54,1010,0.053465346534653464
H_LLM_roleplay_chat,Counsellor,4,CO-IF-AC-RE-RES-*,30,1010,0.0297029702970297
H_LLM_roleplay_chat,Counsellor,4,CO-IF-AC-RF-RC-*,19,1010,0.01881188118811881
H_LLM_roleplay_chat,Counsellor,4,CO-IF-AC-RF-RCD-*,16,1010,0.015841584158415842
H_LLM_roleplay_chat,Counsellor,4,CO-IF-AC-RF-RLS-ES,5,1010,0.0049504950495049506
H_LLM_roleplay_chat,Counsellor,4,CO-IF-AC-RF-RLS-H,14,1010,0.013861386138613862
H_LLM_roleplay_chat,Counsellor,4,CO-IF-AC-RF-RLS-L,18,1010,0.01782178217821782
H_LLM_roleplay_chat,Counsellor,4,CO-IF-AC-RF-RLS-PS,50,1010,0.04950495049504951
H_LLM_roleplay_chat,Counsellor,4,CO-IF-AC-RF-RLS-SR,44,1010,0.04356435643564356
H_LLM_roleplay_chat,Counsellor,4,CO-IF-AC-RF-RPA-*,46,1010,0.04554455445544554
H_LLM_roleplay_chat,Counsellor,4,CO-IF-AC-RF-RPD-*,22,1010,0.02178217821782178
H_LLM_roleplay_chat,Counsellor,4,CO-IF-AC-RF-RTP-*,42,1010,0.041584158415841586
H_LLM_roleplay_chat,Counsellor,4,CO-IF-AC-RF-SRx-*,125,1010,0.12376237623762376
H_LLM_roleplay_chat,Counsellor,4,CO-IF-AO-*-ICO-*,40,1010,0.039603960396039604
H_LLM_roleplay_chat,Counsellor,4,CO-IF-AO-*-ROW-*,34,1010,0.033663366336633666
H_LLM_roleplay_chat,Counsellor,4,CO-IF-HP-*-ICO-*,6,1010,0.005940594059405941
H_LLM_roleplay_chat,Counsellor,4,CO-IF-HP-*-IEA,13,1010,0.01287128712871287
H_LLM_roleplay_chat,Counsellor,4,CO-IF-HP-*-IF-*,3,1010,0.0029702970297029703
H_LLM_roleplay_chat,Counsellor,4,CO-IF-HP-*-IPFR-*,41,1010,0.040594059405940595
H_LLM_roleplay_chat,Counsellor,4,CO-IF-HP-*-ITFE-*,5,1010,0.0049504950495049506
H_LLM_roleplay_chat,Counsellor,4,CO-IF-HP-*-PP-IA,6,1010,0.005940594059405941
H_LLM_roleplay_chat,Counsellor,4,CO-IF-HP-*-PP-IW,1,1010,0.0009900990099009901
H_LLM_roleplay_chat,Counsellor,4,CO-IF-Mot-*-IAC-*,22,1010,0.02178217821782178
H_LLM_roleplay_chat,Counsellor,4,CO-IF-Mot-*-IEM-*,9,1010,0.00891089108910891
H_LLM_roleplay_chat,Counsellor,4,CO-IF-Mot-*-ITA-*,22,1010,0.02178217821782178
H_LLM_roleplay_chat,Counsellor,4,CO-IF-Mot-*-RFC-*,19,1010,0.01881188118811881
H_LLM_roleplay_chat,Counsellor,4,CO-IF-Mot-*-RS-*,11,1010,0.01089108910891089
H_LLM_roleplay_chat,Counsellor,4,CO-IF-RA-*-N-RAFa,12,1010,0.011881188118811881
H_LLM_roleplay_chat,Counsellor,4,CO-IF-RA-*-N-RAFr,3,1010,0.0029702970297029703
H_LLM_roleplay_chat,Counsellor,4,CO-IF-RA-*-RAP-*,11,1010,0.01089108910891089
H_LLM_roleplay_chat,Counsellor,4,CO-IF-RA-*-RP-*,4,1010,0.0039603960396039604
H_LLM_roleplay_chat,Counsellor,4,CO-Mod-*-*-*-*,49,1010,0.048514851485148516
H_LLM_roleplay_chat,Counsellor,4,CO-O-*-*-O-*,150,1010,0.1485148514851485
H_LLM_roleplay_chat,Counsellor,4,CO-O-*-*-UCO-*,9,1010,0.00891089108910891
H_LLM_roleplay_chat,Counsellor,5,CL-IF-ACP-*-DPD-*,5,1131,0.004420866489832007
H_LLM_roleplay_chat,Counsellor,5,CL-IF-ACP-*-FPA-*,1,1131,0.0008841732979664014
H_LLM_roleplay_chat,Counsellor,5,CL-IF-ACP-*-Rej-*,1,1131,0.0008841732979664014
H_LLM_roleplay_chat,Counsellor,5,CL-IF-AO-*-Ext-*,1,1131,0.0008841732979664014
H_LLM_roleplay_chat,Counsellor,5,CL-IF-AO-*-Obj-*,3,1131,0.002652519893899204
H_LLM_roleplay_chat,Counsellor,5,CL-IF-HP-*-NegFR-*,1,1131,0.0008841732979664014
H_LLM_roleplay_chat,Counsellor,5,CL-IF-HP-*-PosFR-*,2,1131,0.0017683465959328027
H_LLM_roleplay_chat,Counsellor,5,CL-IF-HP-*-RepRA-*,3,1131,0.002652519893899204
H_LLM_roleplay_chat,Counsellor,5,CL-IF-HP-*-Succ-*,1,1131,0.0008841732979664014
H_LLM_roleplay_chat,Counsellor,5,CL-O-*-*-UCO-*,1,1131,0.0008841732979664014
H_LLM_roleplay_chat,Counsellor,5,CO-FA-*-*-*-*,30,1131,0.026525198938992044
H_LLM_roleplay_chat,Counsellor,5,CO-FC-*-*-F-*,11,1131,0.009725906277630416
H_LLM_roleplay_chat,Counsellor,5,CO-FC-*-*-OPR-*,12,1131,0.010610079575596816
H_LLM_roleplay_chat,Counsellor,5,CO-IF-AC-RE-RCR-*,53,1131,0.046861184792219276
H_LLM_roleplay_chat,Counsellor,5,CO-IF-AC-RE-RES-*,24,1131,0.021220159151193633
H_LLM_roleplay_chat,Counsellor,5,CO-IF-AC-RF-RC-*,27,1131,0.023872679045092837
H_LLM_roleplay_chat,Counsellor,5,CO-IF-AC-RF-RCD-*,7,1131,0.00618921308576481
H_LLM_roleplay_chat,Counsellor,5,CO-IF-AC-RF-RLS-ES,3,1131,0.002652519893899204
H_LLM_roleplay_chat,Counsellor,5,CO-IF-AC-RF-RLS-H,12,1131,0.010610079575596816
H_LLM_roleplay_chat,Counsellor,5,CO-IF-AC-RF-RLS-L,11,1131,0.009725906277630416
H_LLM_roleplay_chat,Counsellor,5,CO-IF-AC-RF-RLS-PS,30,1131,0.026525198938992044
H_LLM_roleplay_chat,Counsellor,5,CO-IF-AC-RF-RLS-SR,37,1131,0.032714412024756855
H_LLM_roleplay_chat,Counsellor,5,CO-IF-AC-RF-RPA-*,51,1131,0.04509283819628647
H_LLM_roleplay_chat,Counsellor,5,CO-IF-AC-RF-RPD-*,20,1131,0.01768346595932803
H_LLM_roleplay_chat,Counsellor,5,CO-IF-AC-RF-RTP-*,63,1131,0.05570291777188329
H_LLM_roleplay_chat,Counsellor,5,CO-IF-AC-RF-SRx-*,114,1131,0.10079575596816977
H_LLM_roleplay_chat,Counsellor,5,CO-IF-AO-*-ICO-*,62,1131,0.05481874447391689
H_LLM_roleplay_chat,Counsellor,5,CO-IF-AO-*-ROW-*,40,1131,0.03536693191865606
H_LLM_roleplay_chat,Counsellor,5,CO-IF-HP-*-ICO-*,8,1131,0.007073386383731211
H_LLM_roleplay_chat,Counsellor,5,CO-IF-HP-*-IEA,17,1131,0.015030946065428824
H_LLM_roleplay_chat,Counsellor,5,CO-IF-HP-*-IF-*,1,1131,0.0008841732979664014
H_LLM_roleplay_chat,Counsellor,5,CO-IF-HP-*-IPFR-*,51,1131,0.04509283819628647
H_LLM_roleplay_chat,Counsellor,5,CO-IF-HP-*-ITFE-*,11,1131,0.009725906277630416
H_LLM_roleplay_chat,Counsellor,5,CO-IF-HP-*-PP-IA,14,1131,0.01237842617152962
H_LLM_roleplay_chat,Counsellor,5,CO-IF-HP-*-PP-IW,2,1131,0.0017683465959328027
H_LLM_roleplay_chat,Counsellor,5,CO-IF-Mot-*-IAC-*,24,1131,0.021220159151193633
H_LLM_roleplay_chat,Counsellor,5,CO-IF-Mot-*-IEM-*,8,1131,0.007073386383731211
H_LLM_roleplay_chat,Counsellor,5,CO-IF-Mot-*-ITA-*,25,1131,0.022104332449160036
H_LLM_roleplay_chat,Counsellor,5,CO-IF-Mot-*-RFC-*,21,1131,0.01856763925729443
H_LLM_roleplay_chat,Counsellor,5,CO-IF-Mot-*-RS-*,12,1131,0.010610079575596816
H_LLM_roleplay_chat,Counsellor,5,CO-IF-RA-*-N-RAFa,15,1131,0.013262599469496022
H_LLM_roleplay_chat,Counsellor,5,CO-IF-RA-*-N-RAFr,4,1131,0.0035366931918656055
H_LLM_roleplay_chat,Counsellor,5,CO-IF-RA-*-RAP-*,16,1131,0.014146772767462422
H_LLM_roleplay_chat,Counsellor,5,CO-IF-RA-*-RP-*,4,1131,0.0035366931918656055
H_LLM_roleplay_chat,Counsellor,5,CO-Mod-*-*-*-*,74,1131,0.06542882404951371
H_LLM_roleplay_chat,Counsellor,5,CO-O-*-*-O-*,189,1131,0.16710875331564987
H_LLM_roleplay_chat,Counsellor,5,CO-O-*-*-UCO-*,9,1131,0.007957559681697613
H_LLM_roleplay_chat,Counsellor,6,CL-E-*-*-PT-*,1,1094,0.0009140767824497258
H_LLM_roleplay_chat,Counsellor,6,CL-IF-ACP-*-DPD-*,13,1094,0.011882998171846435
H_LLM_roleplay_chat,Counsellor,6,CL-IF-AO-*-Obj-*,2,1094,0.0018281535648994515
H_LLM_roleplay_chat,Counsellor,6,CL-IF-HP-*-Fail-*,1,1094,0.0009140767824497258
H_LLM_roleplay_chat,Counsellor,6,CL-IF-HP-*-PosFR-*,3,1094,0.002742230347349177
H_LLM_roleplay_chat,Counsellor,6,CL-IF-HP-*-RepRA-*,2,1094,0.0018281535648994515
H_LLM_roleplay_chat,Counsellor,6,CL-O-*-*-UCO-*,1,1094,0.0009140767824497258
H_LLM_roleplay_chat,Counsellor,6,CO-FA-*-*-*-*,34,1094,0.031078610603290677
H_LLM_roleplay_chat,Counsellor,6,CO-FC-*-*-F-*,4,1094,0.003656307129798903
H_LLM_roleplay_chat,Counsellor,6,CO-FC-*-*-OPR-*,16,1094,0.014625228519195612
H_LLM_roleplay_chat,Counsellor,6,CO-IF-AC-RE-RCR-*,68,1094,0.062157221206581355
H_LLM_roleplay_chat,Counsellor,6,CO-IF-AC-RE-RES-*,31,1094,0.0283363802559415
H_LLM_roleplay_chat,Counsellor,6,CO-IF-AC-RF-RC-*,29,1094,0.026508226691042046
H_LLM_roleplay_chat,Counsellor,6,CO-IF-AC-RF-RCD-*,6,1094,0.005484460694698354
H_LLM_roleplay_chat,Counsellor,6,CO-IF-AC-RF-RLS-ES,3,1094,0.002742230347349177
H_LLM_roleplay_chat,Counsellor,6,CO-IF-AC-RF-RLS-H,11,1094,0.010054844606946984
H_LLM_roleplay_chat,Counsellor,6,CO-IF-AC-RF-RLS-L,15,1094,0.013711151736745886
H_LLM_roleplay_chat,Counsellor,6,CO-IF-AC-RF-RLS-PS,19,1094,0.01736745886654479
H_LLM_roleplay_chat,Counsellor,6,CO-IF-AC-RF-RLS-SR,30,1094,0.027422303473491772
H_LLM_roleplay_chat,Counsellor,6,CO-IF-AC-RF-RPA-*,42,1094,0.038391224862888484
H_LLM_roleplay_chat,Counsellor,6,CO-IF-AC-RF-RPD-*,18,1094,0.016453382084095063
H_LLM_roleplay_chat,Counsellor,6,CO-IF-AC-RF-RTP-*,43,1094,0.03930530164533821
H_LLM_roleplay_chat,Counsellor,6,CO-IF-AC-RF-SRx-*,105,1094,0.09597806215722121
H_LLM_roleplay_chat,Counsellor,6,CO-IF-AO-*-ICO-*,53,1094,0.048446069469835464
H_LLM_roleplay_chat,Counsellor,6,CO-IF-AO-*-ROW-*,37,1094,0.033820840950639856
H_LLM_roleplay_chat,Counsellor,6,CO-IF-HP-*-ICO-*,4,1094,0.003656307129798903
H_LLM_roleplay_chat,Counsellor,6,CO-IF-HP-*-IEA,15,1094,0.013711151736745886
H_LLM_roleplay_chat,Counsellor,6,CO-IF-HP-*-IF-*,3,1094,0.002742230347349177
H_LLM_roleplay_chat,Counsellor,6,CO-IF-HP-*-IPFR-*,35,1094,0.031992687385740404
H_LLM_roleplay_chat,Counsellor,6,CO-IF-HP-*-ITFE-*,14,1094,0.012797074954296161
H_LLM_roleplay_chat,Counsellor,6,CO-IF-HP-*-PP-IA,18,1094,0.016453382084095063
H_LLM_roleplay_chat,Counsellor,6,CO-IF-HP-*-PP-IW,2,1094,0.0018281535648994515
H_LLM_roleplay_chat,Counsellor,6,CO-IF-Mot-*-IAC-*,24,1094,0.021937842778793418
H_LLM_roleplay_chat,Counsellor,6,CO-IF-Mot-*-IEM-*,9,1094,0.008226691042047532
H_LLM_roleplay_chat,Counsellor,6,CO-IF-Mot-*-ITA-*,26,1094,0.02376599634369287
H_LLM_roleplay_chat,Counsellor,6,CO-IF-Mot-*-RFC-*,22,1094,0.02010968921389397
H_LLM_roleplay_chat,Counsellor,6,CO-IF-Mot-*-RS-*,15,1094,0.013711151736745886
H_LLM_roleplay_chat,Counsellor,6,CO-IF-RA-*-N-RAFa,24,1094,0.021937842778793418
H_LLM_roleplay_chat,Counsellor,6,CO-IF-RA-*-N-RAFr,10,1094,0.009140767824497258
H_LLM_roleplay_chat,Counsellor,6,CO-IF-RA-*-RAP-*,14,1094,0.012797074954296161
H_LLM_roleplay_chat,Counsellor,6,CO-IF-RA-*-RP-*,4,1094,0.003656307129798903
H_LLM_roleplay_chat,Counsellor,6,CO-Mod-*-*-*-*,61,1094,0.055758683729433274
H_LLM_roleplay_chat,Counsellor,6,CO-O-*-*-O-*,200,1094,0.18281535648994515
H_LLM_roleplay_chat,Counsellor,6,CO-O-*-*-UCO-*,7,1094,0.006398537477148081
H_LLM_roleplay_chat,Counsellor,7,CL-E-*-*-PT-*,1,1059,0.0009442870632672333
H_LLM_roleplay_chat,Counsellor,7,CL-FC-*-*-F-*,2,1059,0.0018885741265344666
H_LLM_roleplay_chat,Counsellor,7,CL-IF-ACP-*-DPD-*,6,1059,0.0056657223796034
H_LLM_roleplay_chat,Counsellor,7,CL-IF-ACP-*-Rej-*,1,1059,0.0009442870632672333
H_LLM_roleplay_chat,Counsellor,7,CL-IF-AO-*-Obj-*,5,1059,0.004721435316336166
H_LLM_roleplay_chat,Counsellor,7,CL-IF-HP-*-RepRA-*,3,1059,0.0028328611898017
H_LLM_roleplay_chat,Counsellor,7,CL-O-*-*-UCO-*,1,1059,0.0009442870632672333
H_LLM_roleplay_chat,Counsellor,7,CO-FA-*-*-*-*,31,1059,0.02927289896128423
H_LLM_roleplay_chat,Counsellor,7,CO-FC-*-*-F-*,10,1059,0.009442870632672332
H_LLM_roleplay_chat,Counsellor,7,CO-FC-*-*-OPR-*,22,1059,0.02077431539187913
H_LLM_roleplay_chat,Counsellor,7,CO-IF-AC-RE-RCR-*,49,1059,0.04627006610009443
H_LLM_roleplay_chat,Counsellor,7,CO-IF-AC-RE-RES-*,18,1059,0.0169971671388102
H_LLM_roleplay_chat,Counsellor,7,CO-IF-AC-RF-RC-*,36,1059,0.0339943342776204
H_LLM_roleplay_chat,Counsellor,7,CO-IF-AC-RF-RCD-*,9,1059,0.0084985835694051
H_LLM_roleplay_chat,Counsellor,7,CO-IF-AC-RF-RLS-ES,3,1059,0.0028328611898017
H_LLM_roleplay_chat,Counsellor,7,CO-IF-AC-RF-RLS-H,10,1059,0.009442870632672332
H_LLM_roleplay_chat,Counsellor,7,CO-IF-AC-RF-RLS-L,15,1059,0.014164305949008499
H_LLM_roleplay_chat,Counsellor,7,CO-IF-AC-RF-RLS-PS,24,1059,0.0226628895184136
H_LLM_roleplay_chat,Counsellor,7,CO-IF-AC-RF-RLS-SR,17,1059,0.016052880075542966
H_LLM_roleplay_chat,Counsellor,7,CO-IF-AC-RF-RPA-*,32,1059,0.030217186024551465
H_LLM_roleplay_chat,Counsellor,7,CO-IF-AC-RF-RPD-*,15,1059,0.014164305949008499
H_LLM_roleplay_chat,Counsellor,7,CO-IF-AC-RF-RTP-*,35,1059,0.033050047214353166
H_LLM_roleplay_chat,Counsellor,7,CO-IF-AC-RF-SRx-*,79,1059,0.07459867799811143
H_LLM_roleplay_chat,Counsellor,7,CO-IF-AO-*-ICO-*,39,1059,0.036827195467422094
H_LLM_roleplay_chat,Counsellor,7,CO-IF-AO-*-ROW-*,46,1059,0.04343720491029273
H_LLM_roleplay_chat,Counsellor,7,CO-IF-HP-*-ICO-*,9,1059,0.0084985835694051
H_LLM_roleplay_chat,Counsellor,7,CO-IF-HP-*-IEA,17,1059,0.016052880075542966
H_LLM_roleplay_chat,Counsellor,7,CO-IF-HP-*-IF-*,5,1059,0.004721435316336166
H_LLM_roleplay_chat,Counsellor,7,CO-IF-HP-*-IPFR-*,44,1059,0.04154863078375826
H_LLM_roleplay_chat,Counsellor,7,CO-IF-HP-*-ITFE-*,8,1059,0.007554296506137866
H_LLM_roleplay_chat,Counsellor,7,CO-IF-HP-*-PP-IA,22,1059,0.02077431539187913
H_LLM_roleplay_chat,Counsellor,7,CO-IF-HP-*-PP-IW,3,1059,0.0028328611898017
H_LLM_roleplay_chat,Counsellor,7,CO-IF-Mot-*-IAC-*,18,1059,0.0169971671388102
H_LLM_roleplay_chat,Counsellor,7,CO-IF-Mot-*-IEM-*,7,1059,0.0066100094428706326
H_LLM_roleplay_chat,Counsellor,7,CO-IF-Mot-*-ITA-*,33,1059,0.031161473087818695
H_LLM_roleplay_chat,Counsellor,7,CO-IF-Mot-*-RFC-*,27,1059,0.025495750708215296
H_LLM_roleplay_chat,Counsellor,7,CO-IF-Mot-*-RS-*,15,1059,0.014164305949008499
H_LLM_roleplay_chat,Counsellor,7,CO-IF-RA-*-N-RAFa,16,1059,0.015108593012275733
H_LLM_roleplay_chat,Counsellor,7,CO-IF-RA-*-N-RAFr,5,1059,0.004721435316336166
H_LLM_roleplay_chat,Counsellor,7,CO-IF-RA-*-RAP-*,15,1059,0.014164305949008499
H_LLM_roleplay_chat,Counsellor,7,CO-IF-RA-*-RP-*,4,1059,0.003777148253068933
H_LLM_roleplay_chat,Counsellor,7,CO-Mod-*-*-*-*,99,1059,0.09348441926345609
H_LLM_roleplay_chat,Counsellor,7,CO-O-*-*-O-*,187,1059,0.17658168083097261
H_LLM_roleplay_chat,Counsellor,7,CO-O-*-*-UCO-*,16,1059,0.015108593012275733
H_LLM_roleplay_chat,Counsellor,8,CL-E-*-*-ECC-*,1,1077,0.0009285051067780873
H_LLM_roleplay_chat,Counsellor,8,CL-FC-*-*-F-*,1,1077,0.0009285051067780873
H_LLM_roleplay_chat,Counsellor,8,CL-FC-*-*-UPR-*,1,1077,0.0009285051067780873
H_LLM_roleplay_chat,Counsellor,8,CL-IF-ACP-*-DPD-*,3,1077,0.002785515320334262
H_LLM_roleplay_chat,Counsellor,8,CL-IF-ACP-*-Rej-*,3,1077,0.002785515320334262
H_LLM_roleplay_chat,Counsellor,8,CL-IF-AO-*-Ext-*,1,1077,0.0009285051067780873
H_LLM_roleplay_chat,Counsellor,8,CL-IF-AO-*-Obj-*,4,1077,0.003714020427112349
H_LLM_roleplay_chat,Counsellor,8,CL-IF-HP-*-PosFR-*,4,1077,0.003714020427112349
H_LLM_roleplay_chat,Counsellor,8,CL-IF-HP-*-RepRA-*,2,1077,0.0018570102135561746
H_LLM_roleplay_chat,Counsellor,8,CO-FA-*-*-*-*,29,1077,0.02692664809656453
H_LLM_roleplay_chat,Counsellor,8,CO-FC-*-*-F-*,21,1077,0.019498607242339833
H_LLM_roleplay_chat,Counsellor,8,CO-FC-*-*-OPR-*,48,1077,0.04456824512534819
H_LLM_roleplay_chat,Counsellor,8,CO-IF-AC-RE-RCR-*,34,1077,0.031569173630454965
H_LLM_roleplay_chat,Counsellor,8,CO-IF-AC-RE-RES-*,16,1077,0.014856081708449397
H_LLM_roleplay_chat,Counsellor,8,CO-IF-AC-RF-RC-*,52,1077,0.04828226555246054
H_LLM_roleplay_chat,Counsellor,8,CO-IF-AC-RF-RCD-*,5,1077,0.004642525533890436
H_LLM_roleplay_chat,Counsellor,8,CO-IF-AC-RF-RLS-H,8,1077,0.007428040854224698
H_LLM_roleplay_chat,Counsellor,8,CO-IF-AC-RF-RLS-L,12,1077,0.011142061281337047
H_LLM_roleplay_chat,Counsellor,8,CO-IF-AC-RF-RLS-PS,9,1077,0.008356545961002786
H_LLM_roleplay_chat,Counsellor,8,CO-IF-AC-RF-RLS-SR,15,1077,0.013927576601671309
H_LLM_roleplay_chat,Counsellor,8,CO-IF-AC-RF-RPA-*,17,1077,0.015784586815227482
H_LLM_roleplay_chat,Counsellor,8,CO-IF-AC-RF-RPD-*,12,1077,0.011142061281337047
H_LLM_roleplay_chat,Counsellor,8,CO-IF-AC-RF-RTP-*,31,1077,0.028783658310120707
H_LLM_roleplay_chat,Counsellor,8,CO-IF-AC-RF-SRx-*,52,1077,0.04828226555246054
H_LLM_roleplay_chat,Counsellor,8,CO-IF-AO-*-ICO-*,46,1077,0.04271123491179202
H_LLM_roleplay_chat,Counsellor,8,CO-IF-AO-*-ROW-*,35,1077,0.032497678737233054
H_LLM_roleplay_chat,Counsellor,8,CO-IF-HP-*-ICO-*,6,1077,0.005571030640668524
H_LLM_roleplay_chat,Counsellor,8,CO-IF-HP-*-IEA,19,1077,0.017641597028783658
H_LLM_roleplay_chat,Counsellor,8,CO-IF-HP-*-IF-*,4,1077,0.003714020427112349
H_LLM_roleplay_chat,Counsellor,8,CO-IF-HP-*-IPFR-*,59,1077,0.05478180129990715
H_LLM_roleplay_chat,Counsellor,8,CO-IF-HP-*-ITFE-*,10,1077,0.009285051067780872
H_LLM_roleplay_chat,Counsellor,8,CO-IF-HP-*-PP-IA,25,1077,0.02321262766945218
H_LLM_roleplay_chat,Counsellor,8,CO-IF-HP-*-PP-IW,14,1077,0.012999071494893221
H_LLM_roleplay_chat,Counsellor,8,CO-IF-Mot-*-IAC-*,32,1077,0.029712163416898793
H_LLM_roleplay_chat,Counsellor,8,CO-IF-Mot-*-IEM-*,10,1077,0.009285051067780872
H_LLM_roleplay_chat,Counsellor,8,CO-IF-Mot-*-ITA-*,50,1077,0.04642525533890436
H_LLM_roleplay_chat,Counsellor,8,CO-IF-Mot-*-RFC-*,15,1077,0.013927576601671309
H_LLM_roleplay_chat,Counsellor,8,CO-IF-Mot-*-RS-*,11,1077,0.01021355617455896
H_LLM_roleplay_chat,Counsellor,8,CO-IF-RA-*-N-RAFa,11,1077,0.01021355617455896
H_LLM_roleplay_chat,Counsellor,8,CO-IF-RA-*-N-RAFr,3,1077,0.002785515320334262
H_LLM_roleplay_chat,Counsellor,8,CO-IF-RA-*-RAP-*,21,1077,0.019498607242339833
H_LLM_roleplay_chat,Counsellor,8,CO-IF-RA-*-RP-*,1,1077,0.0009285051067780873
H_LLM_roleplay_chat,Counsellor,8,CO-Mod-*-*-*-*,106,1077,0.09842154131847725
H_LLM_roleplay_chat,Counsellor,8,CO-O-*-*-O-*,199,1077,0.18477251624883936
H_LLM_roleplay_chat,Counsellor,8,CO-O-*-*-UCO-*,19,1077,0.017641597028783658
H_LLM_roleplay_chat,Counsellor,9,CL-E-*-*-ECC-*,1,1261,0.0007930214115781126
H_LLM_roleplay_chat,Counsellor,9,CL-FC-*-*-F-*,30,1261,0.023790642347343377
H_LLM_roleplay_chat,Counsellor,9,CL-FC-*-*-UPR-*,1,1261,0.0007930214115781126
H_LLM_roleplay_chat,Counsellor,9,CL-IF-ACP-*-DPD-*,4,1261,0.0031720856463124504
H_LLM_roleplay_chat,Counsellor,9,CL-IF-ACP-*-Rej-*,2,1261,0.0015860428231562252
H_LLM_roleplay_chat,Counsellor,9,CL-IF-AO-*-Obj-*,3,1261,0.0023790642347343376
H_LLM_roleplay_chat,Counsellor,9,CL-IF-HP-*-Fail-*,1,1261,0.0007930214115781126
H_LLM_roleplay_chat,Counsellor,9,CL-IF-HP-*-PosFR-*,1,1261,0.0007930214115781126
H_LLM_roleplay_chat,Counsellor,9,CO-FA-*-*-*-*,37,1261,0.029341792228390166
H_LLM_roleplay_chat,Counsellor,9,CO-FC-*-*-F-*,154,1261,0.12212529738302934
H_LLM_roleplay_chat,Counsellor,9,CO-FC-*-*-OPR-*,191,1261,0.1514670896114195
H_LLM_roleplay_chat,Counsellor,9,CO-IF-AC-RE-RCR-*,6,1261,0.004758128469468675
H_LLM_roleplay_chat,Counsellor,9,CO-IF-AC-RE-RES-*,9,1261,0.007137192704203013
H_LLM_roleplay_chat,Counsellor,9,CO-IF-AC-RF-RC-*,53,1261,0.04203013481363997
H_LLM_roleplay_chat,Counsellor,9,CO-IF-AC-RF-RCD-*,8,1261,0.006344171292624901
H_LLM_roleplay_chat,Counsellor,9,CO-IF-AC-RF-RLS-H,6,1261,0.004758128469468675
H_LLM_roleplay_chat,Counsellor,9,CO-IF-AC-RF-RLS-L,5,1261,0.003965107057890563
H_LLM_roleplay_chat,Counsellor,9,CO-IF-AC-RF-RLS-PS,3,1261,0.0023790642347343376
H_LLM_roleplay_chat,Counsellor,9,CO-IF-AC-RF-RLS-SR,7,1261,0.0055511498810467885
H_LLM_roleplay_chat,Counsellor,9,CO-IF-AC-RF-RPA-*,7,1261,0.0055511498810467885
H_LLM_roleplay_chat,Counsellor,9,CO-IF-AC-RF-RPD-*,9,1261,0.007137192704203013
H_LLM_roleplay_chat,Counsellor,9,CO-IF-AC-RF-RTP-*,16,1261,0.012688342585249802
H_LLM_roleplay_chat,Counsellor,9,CO-IF-AC-RF-SRx-*,37,1261,0.029341792228390166
H_LLM_roleplay_chat,Counsellor,9,CO-IF-AO-*-ICO-*,30,1261,0.023790642347343377
H_LLM_roleplay_chat,Counsellor,9,CO-IF-AO-*-ROW-*,31,1261,0.02458366375892149
H_LLM_roleplay_chat,Counsellor,9,CO-IF-HP-*-ICO-*,6,1261,0.004758128469468675
H_LLM_roleplay_chat,Counsellor,9,CO-IF-HP-*-IEA,13,1261,0.010309278350515464
H_LLM_roleplay_chat,Counsellor,9,CO-IF-HP-*-IPFR-*,25,1261,0.019825535289452814
H_LLM_roleplay_chat,Counsellor,9,CO-IF-HP-*-ITFE-*,3,1261,0.0023790642347343376
H_LLM_roleplay_chat,Counsellor,9,CO-IF-HP-*-PP-IA,13,1261,0.010309278350515464
H_LLM_roleplay_chat,Counsellor,9,CO-IF-HP-*-PP-IW,65,1261,0.05154639175257732
H_LLM_roleplay_chat,Counsellor,9,CO-IF-Mot-*-IAC-*,21,1261,0.016653449643140365
H_LLM_roleplay_chat,Counsellor,9,CO-IF-Mot-*-IEM-*,10,1261,0.007930214115781126
H_LLM_roleplay_chat,Counsellor,9,CO-IF-Mot-*-ITA-*,56,1261,0.04440919904837431
H_LLM_roleplay_chat,Counsellor,9,CO-IF-Mot-*-RFC-*,19,1261,0.01506740681998414
H_LLM_roleplay_chat,Counsellor,9,CO-IF-Mot-*-RS-*,5,1261,0.003965107057890563
H_LLM_roleplay_chat,Counsellor,9,CO-IF-RA-*-N-RAFa,7,1261,0.0055511498810467885
H_LLM_roleplay_chat,Counsellor,9,CO-IF-RA-*-N-RAFr,1,1261,0.0007930214115781126
H_LLM_roleplay_chat,Counsellor,9,CO-IF-RA-*-RAP-*,7,1261,0.0055511498810467885
H_LLM_roleplay_chat,Counsellor,9,CO-Mod-*-*-*-*,147,1261,0.11657414750198256
H_LLM_roleplay_chat,Counsellor,9,CO-O-*-*-O-*,204,1261,0.16177636796193498
H_LLM_roleplay_chat,Counsellor,9,CO-O-*-*-UCO-*,7,1261,0.0055511498810467885
