condition,from,to,count,prob
HH_roleplay_chat,CL:Opening,CL:Opening,10,0.09803921568627451
HH_roleplay_chat,CL:Opening,CL:Empathy,0,0.0
HH_roleplay_chat,CL:Opening,CL:Clarify,43,0.4215686274509804
HH_roleplay_chat,CL:Opening,CL:Objectives,0,0.0
HH_roleplay_chat,CL:Opening,CL:Motivation,4,0.0392156862745098
HH_roleplay_chat,CL:Opening,CL:Resources,2,0.0196078431372549
HH_roleplay_chat,CL:Opening,CL:Help,5,0.049019607843137254
HH_roleplay_chat,CL:Opening,CL:Closing,0,0.0
HH_roleplay_chat,CL:Opening,CL:Other,10,0.09803921568627451
HH_roleplay_chat,CL:Opening,CO:Opening,21,0.20588235294117646
HH_roleplay_chat,CL:Opening,CO:Moderation,0,0.0
HH_roleplay_chat,CL:Opening,CO:Clarify,3,0.029411764705882353
HH_roleplay_chat,CL:Opening,CO:Objectives,0,0.0
HH_roleplay_chat,CL:Opening,CO:Motivation,1,0.00980392156862745
HH_roleplay_chat,CL:Opening,CO:Resources,0,0.0
HH_roleplay_chat,CL:Opening,CO:Help,0,0.0
HH_roleplay_chat,CL:Opening,CO:Closing,1,0.00980392156862745
HH_roleplay_chat,CL:Opening,CO:Other,2,0.0196078431372549
HH_roleplay_chat,CL:Empathy,CL:Opening,0,0.0
HH_roleplay_chat,CL:Empathy,CL:Empathy,0,0.0
HH_roleplay_chat,CL:Empathy,CL:Clarify,3,0.08571428571428572
HH_roleplay_chat,CL:Empathy,CL:Objectives,0,0.0
HH_roleplay_chat,CL:Empathy,CL:Motivation,0,0.0
HH_roleplay_chat,CL:Empathy,CL:Resources,1,0.02857142857142857
HH_roleplay_chat,CL:Empathy,CL:Help,1,0.02857142857142857
HH_roleplay_chat,CL:Empathy,CL:Closing,0,0.0
HH_roleplay_chat,CL:Empathy,CL:Other,0,0.0
HH_roleplay_chat,CL:Empathy,CO:Opening,1,0.02857142857142857
HH_roleplay_chat,CL:Empathy,CO:Moderation,0,0.0
HH_roleplay_chat,CL:Empathy,CO:Clarify,12,0.34285714285714286
HH_roleplay_chat,CL:Empathy,CO:Objectives,0,0.0
HH_roleplay_chat,CL:Empathy,CO:Motivation,3,0.08571428571428572
HH_roleplay_chat,CL:Empathy,CO:Resources,0,0.0
HH_roleplay_chat,CL:Empathy,CO:Help,4,0.11428571428571428
HH_roleplay_chat,CL:Empathy,CO:Closing,1,0.02857142857142857
HH_roleplay_chat,CL:Empathy,CO:Other,9,0.2571428571428571
HH_roleplay_chat,CL:Clarify,CL:Opening,8,0.007476635514018692
HH_roleplay_chat,CL:Clarify,CL:Empathy,6,0.005607476635514018
HH_roleplay_chat,CL:Clarify,CL:Clarify,155,0.14485981308411214
HH_roleplay_chat,CL:Clarify,CL:Objectives,16,0.014953271028037384
HH_roleplay_chat,CL:Clarify,CL:Motivation,6,0.005607476635514018
HH_roleplay_chat,CL:Clarify,CL:Resources,12,0.011214953271028037
HH_roleplay_chat,CL:Clarify,CL:Help,29,0.027102803738317756
HH_roleplay_chat,CL:Clarify,CL:Closing,12,0.011214953271028037
HH_roleplay_chat,CL:Clarify,CL:Other,58,0.05420560747663551
HH_roleplay_chat,CL:Clarify,CO:Opening,60,0.056074766355140186
HH_roleplay_chat,CL:Clarify,CO:Moderation,88,0.08224299065420561
HH_roleplay_chat,CL:Clarify,CO:Clarify,316,0.2953271028037383
HH_roleplay_chat,CL:Clarify,CO:Objectives,25,0.02336448598130841
HH_roleplay_chat,CL:Clarify,CO:Motivation,46,0.04299065420560748
HH_roleplay_chat,CL:Clarify,CO:Resources,33,0.0308411214953271
HH_roleplay_chat,CL:Clarify,CO:Help,41,0.038317757009345796
HH_roleplay_chat,CL:Clarify,CO:Closing,22,0.020560747663551402
HH_roleplay_chat,CL:Clarify,CO:Other,137,0.1280373831775701
HH_roleplay_chat,CL:Objectives,CL:Opening,0,0.0
HH_roleplay_chat,CL:Objectives,CL:Empathy,0,0.0
HH_roleplay_chat,CL:Objectives,CL:Clarify,3,0.02631578947368421
HH_roleplay_chat,CL:Objectives,CL:Objectives,2,0.017543859649122806
HH_roleplay_chat,CL:Objectives,CL:Motivation,1,0.008771929824561403
HH_roleplay_chat,CL:Objectives,CL:Resources,0,0.0
HH_roleplay_chat,CL:Objectives,CL:Help,1,0.008771929824561403
HH_roleplay_chat,CL:Objectives,CL:Closing,1,0.008771929824561403
HH_roleplay_chat,CL:Objectives,CL:Other,3,0.02631578947368421
HH_roleplay_chat,CL:Objectives,CO:Opening,3,0.02631578947368421
HH_roleplay_chat,CL:Objectives,CO:Moderation,16,0.14035087719298245
HH_roleplay_chat,CL:Objectives,CO:Clarify,42,0.3684210526315789
HH_roleplay_chat,CL:Objectives,CO:Objectives,5,0.043859649122807015
HH_roleplay_chat,CL:Objectives,CO:Motivation,3,0.02631578947368421
HH_roleplay_chat,CL:Objectives,CO:Resources,5,0.043859649122807015
HH_roleplay_chat,CL:Objectives,CO:Help,5,0.043859649122807015
HH_roleplay_chat,CL:Objectives,CO:Closing,1,0.008771929824561403
HH_roleplay_chat,CL:Objectives,CO:Other,23,0.20175438596491227
HH_roleplay_chat,CL:Motivation,CL:Opening,0,0.0
HH_roleplay_chat,CL:Motivation,CL:Empathy,0,0.0
HH_roleplay_chat,CL:Motivation,CL:Clarify,1,0.020833333333333332
HH_roleplay_chat,CL:Motivation,CL:Objectives,0,0.0
HH_roleplay_chat,CL:Motivation,CL:Motivation,0,0.0
HH_roleplay_chat,CL:Motivation,CL:Resources,0,0.0
HH_roleplay_chat,CL:Motivation,CL:Help,0,0.0
HH_roleplay_chat,CL:Motivation,CL:Closing,0,0.0
HH_roleplay_chat,CL:Motivation,CL:Other,2,0.041666666666666664
HH_roleplay_chat,CL:Motivation,CO:Opening,3,0.0625
HH_roleplay_chat,CL:Motivation,CO:Moderation,5,0.10416666666666667
HH_roleplay_chat,CL:Motivation,CO:Clarify,16,0.3333333333333333
HH_roleplay_chat,CL:Motivation,CO:Objectives,2,0.041666666666666664
HH_roleplay_chat,CL:Motivation,CO:Motivation,1,0.020833333333333332
HH_roleplay_chat,CL:Motivation,CO:Resources,2,0.041666666666666664
HH_roleplay_chat,CL:Motivation,CO:Help,1,0.020833333333333332
HH_roleplay_chat,CL:Motivation,CO:Closing,0,0.0
HH_roleplay_chat,CL:Motivation,CO:Other,15,0.3125
HH_roleplay_chat,CL:Resources,CL:Opening,0,0.0
HH_roleplay_chat,CL:Resources,CL:Empathy,0,0.0
HH_roleplay_chat,CL:Resources,CL:Clarify,5,0.08064516129032258
HH_roleplay_chat,CL:Resources,CL:Objectives,1,0.016129032258064516
HH_roleplay_chat,CL:Resources,CL:Motivation,0,0.0
HH_roleplay_chat,CL:Resources,CL:Resources,0,0.0
HH_roleplay_chat,CL:Resources,CL:Help,1,0.016129032258064516
HH_roleplay_chat,CL:Resources,CL:Closing,0,0.0
HH_roleplay_chat,CL:Resources,CL:Other,0,0.0
HH_roleplay_chat,CL:Resources,CO:Opening,2,0.03225806451612903
HH_roleplay_chat,CL:Resources,CO:Moderation,10,0.16129032258064516
HH_roleplay_chat,CL:Resources,CO:Clarify,5,0.08064516129032258
HH_roleplay_chat,CL:Resources,CO:Objectives,5,0.08064516129032258
HH_roleplay_chat,CL:Resources,CO:Motivation,3,0.04838709677419355
HH_roleplay_chat,CL:Resources,CO:Resources,7,0.11290322580645161
HH_roleplay_chat,CL:Resources,CO:Help,4,0.06451612903225806
HH_roleplay_chat,CL:Resources,CO:Closing,0,0.0
HH_roleplay_chat,CL:Resources,CO:Other,19,0.3064516129032258
HH_roleplay_chat,CL:Help,CL:Opening,0,0.0
HH_roleplay_chat,CL:Help,CL:Empathy,1,0.00641025641025641
HH_roleplay_chat,CL:Help,CL:Clarify,22,0.14102564102564102
HH_roleplay_chat,CL:Help,CL:Objectives,1,0.00641025641025641
HH_roleplay_chat,CL:Help,CL:Motivation,2,0.01282051282051282
HH_roleplay_chat,CL:Help,CL:Resources,1,0.00641025641025641
HH_roleplay_chat,CL:Help,CL:Help,5,0.03205128205128205
HH_roleplay_chat,CL:Help,CL:Closing,10,0.0641025641025641
HH_roleplay_chat,CL:Help,CL:Other,6,0.038461538461538464
HH_roleplay_chat,CL:Help,CO:Opening,1,0.00641025641025641
HH_roleplay_chat,CL:Help,CO:Moderation,13,0.08333333333333333
HH_roleplay_chat,CL:Help,CO:Clarify,18,0.11538461538461539
HH_roleplay_chat,CL:Help,CO:Objectives,5,0.03205128205128205
HH_roleplay_chat,CL:Help,CO:Motivation,10,0.0641025641025641
HH_roleplay_chat,CL:Help,CO:Resources,3,0.019230769230769232
HH_roleplay_chat,CL:Help,CO:Help,13,0.08333333333333333
HH_roleplay_chat,CL:Help,CO:Closing,16,0.10256410256410256
HH_roleplay_chat,CL:Help,CO:Other,29,0.1858974358974359
HH_roleplay_chat,CL:Closing,CL:Opening,0,0.0
HH_roleplay_chat,CL:Closing,CL:Empathy,0,0.0
HH_roleplay_chat,CL:Closing,CL:Clarify,3,0.03614457831325301
HH_roleplay_chat,CL:Closing,CL:Objectives,0,0.0
HH_roleplay_chat,CL:Closing,CL:Motivation,0,0.0
HH_roleplay_chat,CL:Closing,CL:Resources,0,0.0
HH_roleplay_chat,CL:Closing,CL:Help,2,0.024096385542168676
HH_roleplay_chat,CL:Closing,CL:Closing,11,0.13253012048192772
HH_roleplay_chat,CL:Closing,CL:Other,9,0.10843373493975904
HH_roleplay_chat,CL:Closing,CO:Opening,2,0.024096385542168676
HH_roleplay_chat,CL:Closing,CO:Moderation,3,0.03614457831325301
HH_roleplay_chat,CL:Closing,CO:Clarify,8,0.0963855421686747
HH_roleplay_chat,CL:Closing,CO:Objectives,2,0.024096385542168676
HH_roleplay_chat,CL:Closing,CO:Motivation,11,0.13253012048192772
HH_roleplay_chat,CL:Closing,CO:Resources,0,0.0
HH_roleplay_chat,CL:Closing,CO:Help,3,0.03614457831325301
HH_roleplay_chat,CL:Closing,CO:Closing,18,0.21686746987951808
HH_roleplay_chat,CL:Closing,CO:Other,11,0.13253012048192772
HH_roleplay_chat,CL:Other,CL:Opening,2,0.008968609865470852
HH_roleplay_chat,CL:Other,CL:Empathy,0,0.0
HH_roleplay_chat,CL:Other,CL:Clarify,58,0.2600896860986547
HH_roleplay_chat,CL:Other,CL:Objectives,11,0.04932735426008968
HH_roleplay_chat,CL:Other,CL:Motivation,5,0.02242152466367713
HH_roleplay_chat,CL:Other,CL:Resources,5,0.02242152466367713
HH_roleplay_chat,CL:Other,CL:Help,7,0.03139013452914798
HH_roleplay_chat,CL:Other,CL:Closing,2,0.008968609865470852
HH_roleplay_chat,CL:Other,CL:Other,18,0.08071748878923767
HH_roleplay_chat,CL:Other,CO:Opening,10,0.04484304932735426
HH_roleplay_chat,CL:Other,CO:Moderation,20,0.08968609865470852
HH_roleplay_chat,CL:Other,CO:Clarify,41,0.18385650224215247
HH_roleplay_chat,CL:Other,CO:Objectives,5,0.02242152466367713
HH_roleplay_chat,CL:Other,CO:Motivation,3,0.013452914798206279
HH_roleplay_chat,CL:Other,CO:Resources,2,0.008968609865470852
HH_roleplay_chat,CL:Other,CO:Help,4,0.017937219730941704
HH_roleplay_chat,CL:Other,CO:Closing,6,0.026905829596412557
HH_roleplay_chat,CL:Other,CO:Other,24,0.10762331838565023
HH_roleplay_chat,CO:Opening,CL:Opening,22,0.10679611650485436
HH_roleplay_chat,CO:Opening,CL:Empathy,0,0.0
HH_roleplay_chat,CO:Opening,CL:Clarify,35,0.16990291262135923
HH_roleplay_chat,CO:Opening,CL:Objectives,1,0.0048543689320388345
HH_roleplay_chat,CO:Opening,CL:Motivation,1,0.0048543689320388345
HH_roleplay_chat,CO:Opening,CL:Resources,1,0.0048543689320388345
HH_roleplay_chat,CO:Opening,CL:Help,3,0.014563106796116505
HH_roleplay_chat,CO:Opening,CL:Closing,3,0.014563106796116505
HH_roleplay_chat,CO:Opening,CL:Other,6,0.02912621359223301
HH_roleplay_chat,CO:Opening,CO:Opening,58,0.2815533980582524
HH_roleplay_chat,CO:Opening,CO:Moderation,18,0.08737864077669903
HH_roleplay_chat,CO:Opening,CO:Clarify,43,0.2087378640776699
HH_roleplay_chat,CO:Opening,CO:Objectives,1,0.0048543689320388345
HH_roleplay_chat,CO:Opening,CO:Motivation,7,0.03398058252427184
HH_roleplay_chat,CO:Opening,CO:Resources,1,0.0048543689320388345
HH_roleplay_chat,CO:Opening,CO:Help,2,0.009708737864077669
HH_roleplay_chat,CO:Opening,CO:Closing,2,0.009708737864077669
HH_roleplay_chat,CO:Opening,CO:Other,2,0.009708737864077669
HH_roleplay_chat,CO:Moderation,CL:Opening,4,0.01606425702811245
HH_roleplay_chat,CO:Moderation,CL:Empathy,1,0.004016064257028112
HH_roleplay_chat,CO:Moderation,CL:Clarify,105,0.42168674698795183
HH_roleplay_chat,CO:Moderation,CL:Objectives,11,0.04417670682730924
HH_roleplay_chat,CO:Moderation,CL:Motivation,1,0.004016064257028112
HH_roleplay_chat,CO:Moderation,CL:Resources,1,0.004016064257028112
HH_roleplay_chat,CO:Moderation,CL:Help,19,0.07630522088353414
HH_roleplay_chat,CO:Moderation,CL:Closing,18,0.07228915662650602
HH_roleplay_chat,CO:Moderation,CL:Other,14,0.05622489959839357
HH_roleplay_chat,CO:Moderation,CO:Opening,6,0.024096385542168676
HH_roleplay_chat,CO:Moderation,CO:Moderation,21,0.08433734939759036
HH_roleplay_chat,CO:Moderation,CO:Clarify,27,0.10843373493975904
HH_roleplay_chat,CO:Moderation,CO:Objectives,3,0.012048192771084338
HH_roleplay_chat,CO:Moderation,CO:Motivation,6,0.024096385542168676
HH_roleplay_chat,CO:Moderation,CO:Resources,0,0.0
HH_roleplay_chat,CO:Moderation,CO:Help,4,0.01606425702811245
HH_roleplay_chat,CO:Moderation,CO:Closing,6,0.024096385542168676
HH_roleplay_chat,CO:Moderation,CO:Other,2,0.008032128514056224
HH_roleplay_chat,CO:Clarify,CL:Opening,9,0.012362637362637362
HH_roleplay_chat,CO:Clarify,CL:Empathy,13,0.017857142857142856
HH_roleplay_chat,CO:Clarify,CL:Clarify,451,0.6195054945054945
HH_roleplay_chat,CO:Clarify,CL:Objectives,46,0.06318681318681318
HH_roleplay_chat,CO:Clarify,CL:Motivation,24,0.03296703296703297
HH_roleplay_chat,CO:Clarify,CL:Resources,18,0.024725274725274724
HH_roleplay_chat,CO:Clarify,CL:Help,22,0.03021978021978022
HH_roleplay_chat,CO:Clarify,CL:Closing,8,0.01098901098901099
HH_roleplay_chat,CO:Clarify,CL:Other,63,0.08653846153846154
HH_roleplay_chat,CO:Clarify,CO:Opening,2,0.0027472527472527475
HH_roleplay_chat,CO:Clarify,CO:Moderation,5,0.006868131868131868
HH_roleplay_chat,CO:Clarify,CO:Clarify,56,0.07692307692307693
HH_roleplay_chat,CO:Clarify,CO:Objectives,0,0.0
HH_roleplay_chat,CO:Clarify,CO:Motivation,1,0.0013736263736263737
HH_roleplay_chat,CO:Clarify,CO:Resources,5,0.006868131868131868
HH_roleplay_chat,CO:Clarify,CO:Help,3,0.004120879120879121
HH_roleplay_chat,CO:Clarify,CO:Closing,0,0.0
HH_roleplay_chat,CO:Clarify,CO:Other,2,0.0027472527472527475
HH_roleplay_chat,CO:Objectives,CL:Opening,0,0.0
HH_roleplay_chat,CO:Objectives,CL:Empathy,1,0.013157894736842105
HH_roleplay_chat,CO:Objectives,CL:Clarify,43,0.5657894736842105
HH_roleplay_chat,CO:Objectives,CL:Objectives,8,0.10526315789473684
HH_roleplay_chat,CO:Objectives,CL:Motivation,1,0.013157894736842105
HH_roleplay_chat,CO:Objectives,CL:Resources,8,0.10526315789473684
HH_roleplay_chat,CO:Objectives,CL:Help,6,0.07894736842105263
HH_roleplay_chat,CO:Objectives,CL:Closing,0,0.0
HH_roleplay_chat,CO:Objectives,CL:Other,5,0.06578947368421052
HH_roleplay_chat,CO:Objectives,CO:Opening,0,0.0
HH_roleplay_chat,CO:Objectives,CO:Moderation,0,0.0
HH_roleplay_chat,CO:Objectives,CO:Clarify,3,0.039473684210526314
HH_roleplay_chat,CO:Objectives,CO:Objectives,1,0.013157894736842105
HH_roleplay_chat,CO:Objectives,CO:Motivation,0,0.0
HH_roleplay_chat,CO:Objectives,CO:Resources,0,0.0
HH_roleplay_chat,CO:Objectives,CO:Help,0,0.0
HH_roleplay_chat,CO:Objectives,CO:Closing,0,0.0
HH_roleplay_chat,CO:Objectives,CO:Other,0,0.0
HH_roleplay_chat,CO:Motivation,CL:Opening,0,0.0
HH_roleplay_chat,CO:Motivation,CL:Empathy,2,0.018518518518518517
HH_roleplay_chat,CO:Motivation,CL:Clarify,21,0.19444444444444445
HH_roleplay_chat,CO:Motivation,CL:Objectives,4,0.037037037037037035
HH_roleplay_chat,CO:Motivation,CL:Motivation,1,0.009259259259259259
HH_roleplay_chat,CO:Motivation,CL:Resources,1,0.009259259259259259
HH_roleplay_chat,CO:Motivation,CL:Help,14,0.12962962962962962
HH_roleplay_chat,CO:Motivation,CL:Closing,3,0.027777777777777776
HH_roleplay_chat,CO:Motivation,CL:Other,8,0.07407407407407407
HH_roleplay_chat,CO:Motivation,CO:Opening,4,0.037037037037037035
HH_roleplay_chat,CO:Motivation,CO:Moderation,7,0.06481481481481481
HH_roleplay_chat,CO:Motivation,CO:Clarify,25,0.23148148148148148
HH_roleplay_chat,CO:Motivation,CO:Objectives,1,0.009259259259259259
HH_roleplay_chat,CO:Motivation,CO:Motivation,1,0.009259259259259259
HH_roleplay_chat,CO:Motivation,CO:Resources,2,0.018518518518518517
HH_roleplay_chat,CO:Motivation,CO:Help,2,0.018518518518518517
HH_roleplay_chat,CO:Motivation,CO:Closing,8,0.07407407407407407
HH_roleplay_chat,CO:Motivation,CO:Other,4,0.037037037037037035
HH_roleplay_chat,CO:Resources,CL:Opening,0,0.0
HH_roleplay_chat,CO:Resources,CL:Empathy,0,0.0
HH_roleplay_chat,CO:Resources,CL:Clarify,44,0.5945945945945946
HH_roleplay_chat,CO:Resources,CL:Objectives,4,0.05405405405405406
HH_roleplay_chat,CO:Resources,CL:Motivation,2,0.02702702702702703
HH_roleplay_chat,CO:Resources,CL:Resources,9,0.12162162162162163
HH_roleplay_chat,CO:Resources,CL:Help,9,0.12162162162162163
HH_roleplay_chat,CO:Resources,CL:Closing,1,0.013513513513513514
HH_roleplay_chat,CO:Resources,CL:Other,1,0.013513513513513514
HH_roleplay_chat,CO:Resources,CO:Opening,0,0.0
HH_roleplay_chat,CO:Resources,CO:Moderation,1,0.013513513513513514
HH_roleplay_chat,CO:Resources,CO:Clarify,1,0.013513513513513514
HH_roleplay_chat,CO:Resources,CO:Objectives,0,0.0
HH_roleplay_chat,CO:Resources,CO:Motivation,0,0.0
HH_roleplay_chat,CO:Resources,CO:Resources,1,0.013513513513513514
HH_roleplay_chat,CO:Resources,CO:Help,1,0.013513513513513514
HH_roleplay_chat,CO:Resources,CO:Closing,0,0.0
HH_roleplay_chat,CO:Resources,CO:Other,0,0.0
HH_roleplay_chat,CO:Help,CL:Opening,0,0.0
HH_roleplay_chat,CO:Help,CL:Empathy,8,0.06956521739130435
HH_roleplay_chat,CO:Help,CL:Clarify,47,0.40869565217391307
HH_roleplay_chat,CO:Help,CL:Objectives,5,0.043478260869565216
HH_roleplay_chat,CO:Help,CL:Motivation,1,0.008695652173913044
HH_roleplay_chat,CO:Help,CL:Resources,2,0.017391304347826087
HH_roleplay_chat,CO:Help,CL:Help,22,0.19130434782608696
HH_roleplay_chat,CO:Help,CL:Closing,8,0.06956521739130435
HH_roleplay_chat,CO:Help,CL:Other,12,0.10434782608695652
HH_roleplay_chat,CO:Help,CO:Opening,0,0.0
HH_roleplay_chat,CO:Help,CO:Moderation,1,0.008695652173913044
HH_roleplay_chat,CO:Help,CO:Clarify,4,0.034782608695652174
HH_roleplay_chat,CO:Help,CO:Objectives,1,0.008695652173913044
HH_roleplay_chat,CO:Help,CO:Motivation,0,0.0
HH_roleplay_chat,CO:Help,CO:Resources,0,0.0
HH_roleplay_chat,CO:Help,CO:Help,4,0.034782608695652174
HH_roleplay_chat,CO:Help,CO:Closing,0,0.0
HH_roleplay_chat,CO:Help,CO:Other,0,0.0
HH_roleplay_chat,CO:Closing,CL:Opening,1,0.010638297872340425
HH_roleplay_chat,CO:Closing,CL:Empathy,0,0.0
HH_roleplay_chat,CO:Closing,CL:Clarify,17,0.18085106382978725
HH_roleplay_chat,CO:Closing,CL:Objectives,0,0.0
HH_roleplay_chat,CO:Closing,CL:Motivation,0,0.0
HH_roleplay_chat,CO:Closing,CL:Resources,0,0.0
HH_roleplay_chat,CO:Closing,CL:Help,11,0.11702127659574468
HH_roleplay_chat,CO:Closing,CL:Closing,27,0.2872340425531915
HH_roleplay_chat,CO:Closing,CL:Other,6,0.06382978723404255
HH_roleplay_chat,CO:Closing,CO:Opening,2,0.02127659574468085
HH_roleplay_chat,CO:Closing,CO:Moderation,5,0.05319148936170213
HH_roleplay_chat,CO:Closing,CO:Clarify,7,0.07446808510638298
HH_roleplay_chat,CO:Closing,CO:Objectives,1,0.010638297872340425
HH_roleplay_chat,CO:Closing,CO:Motivation,0,0.0
HH_roleplay_chat,CO:Closing,CO:Resources,1,0.010638297872340425
HH_roleplay_chat,CO:Closing,CO:Help,0,0.0
HH_roleplay_chat,CO:Closing,CO:Closing,13,0.13829787234042554
HH_roleplay_chat,CO:Closing,CO:Other,3,0.031914893617021274
HH_roleplay_chat,CO:Other,CL:Opening,0,0.0
HH_roleplay_chat,CO:Other,CL:Empathy,3,0.00949367088607595
HH_roleplay_chat,CO:Other,CL:Clarify,16,0.05063291139240506
HH_roleplay_chat,CO:Other,CL:Objectives,4,0.012658227848101266
HH_roleplay_chat,CO:Other,CL:Motivation,0,0.0
HH_roleplay_chat,CO:Other,CL:Resources,1,0.0031645569620253164
HH_roleplay_chat,CO:Other,CL:Help,2,0.006329113924050633
HH_roleplay_chat,CO:Other,CL:Closing,4,0.012658227848101266
HH_roleplay_chat,CO:Other,CL:Other,8,0.02531645569620253
HH_roleplay_chat,CO:Other,CO:Opening,13,0.04113924050632911
HH_roleplay_chat,CO:Other,CO:Moderation,36,0.11392405063291139
HH_roleplay_chat,CO:Other,CO:Clarify,101,0.31962025316455694
HH_roleplay_chat,CO:Other,CO:Objectives,19,0.060126582278481014
HH_roleplay_chat,CO:Other,CO:Motivation,15,0.04746835443037975
HH_roleplay_chat,CO:Other,CO:Resources,12,0.0379746835443038
HH_roleplay_chat,CO:Other,CO:Help,27,0.08544303797468354
HH_roleplay_chat,CO:Other,CO:Closing,20,0.06329113924050633
HH_roleplay_chat,CO:Other,CO:Other,35,0.11075949367088607
H_LLM_roleplay_chat,CL:Opening,CL:Opening,18,0.025210084033613446
H_LLM_roleplay_chat,CL:Opening,CL:Empathy,39,0.0546218487394958
H_LLM_roleplay_chat,CL:Opening,CL:Clarify,418,0.5854341736694678
H_LLM_roleplay_chat,CL:Opening,CL:Objectives,49,0.06862745098039216
H_LLM_roleplay_chat,CL:Opening,CL:Motivation,5,0.0070028011204481795
H_LLM_roleplay_chat,CL:Opening,CL:Resources,15,0.02100840336134454
H_LLM_roleplay_chat,CL:Opening,CL:Help,108,0.15126050420168066
H_LLM_roleplay_chat,CL:Opening,CL:Closing,15,0.02100840336134454
H_LLM_roleplay_chat,CL:Opening,CL:Other,37,0.05182072829131653
H_LLM_roleplay_chat,CL:Opening,CO:Opening,3,0.004201680672268907
H_LLM_roleplay_chat,CL:Opening,CO:Moderation,1,0.0014005602240896359
H_LLM_roleplay_chat,CL:Opening,CO:Clarify,5,0.0070028011204481795
H_LLM_roleplay_chat,CL:Opening,CO:Objectives,0,0.0
H_LLM_roleplay_chat,CL:Opening,CO:Motivation,0,0.0
H_LLM_roleplay_chat,CL:Opening,CO:Resources,0,0.0
H_LLM_roleplay_chat,CL:Opening,CO:Help,0,0.0
H_LLM_roleplay_chat,CL:Opening,CO:Closing,0,0.0
H_LLM_roleplay_chat,CL:Opening,CO:Other,1,0.0014005602240896359
H_LLM_roleplay_chat,CL:Empathy,CL:Opening,0,0.0
H_LLM_roleplay_chat,CL:Empathy,CL:Empathy,2,0.0056657223796034
H_LLM_roleplay_chat,CL:Empathy,CL:Clarify,15,0.042492917847025496
H_LLM_roleplay_chat,CL:Empathy,CL:Objectives,1,0.0028328611898017
H_LLM_roleplay_chat,CL:Empathy,CL:Motivation,1,0.0028328611898017
H_LLM_roleplay_chat,CL:Empathy,CL:Resources,2,0.0056657223796034
H_LLM_roleplay_chat,CL:Empathy,CL:Help,0,0.0
H_LLM_roleplay_chat,CL:Empathy,CL:Closing,1,0.0028328611898017
H_LLM_roleplay_chat,CL:Empathy,CL:Other,0,0.0
H_LLM_roleplay_chat,CL:Empathy,CO:Opening,52,0.14730878186968838
H_LLM_roleplay_chat,CL:Empathy,CO:Moderation,17,0.04815864022662889
H_LLM_roleplay_chat,CL:Empathy,CO:Clarify,163,0.46175637393767704
H_LLM_roleplay_chat,CL:Empathy,CO:Objectives,10,0.028328611898016998
H_LLM_roleplay_chat,CL:Empathy,CO:Motivation,7,0.019830028328611898
H_LLM_roleplay_chat,CL:Empathy,CO:Resources,8,0.0226628895184136
H_LLM_roleplay_chat,CL:Empathy,CO:Help,23,0.06515580736543909
H_LLM_roleplay_chat,CL:Empathy,CO:Closing,8,0.0226628895184136
H_LLM_roleplay_chat,CL:Empathy,CO:Other,43,0.12181303116147309
H_LLM_roleplay_chat,CL:Clarify,CL:Opening,7,0.0018533227429176596
H_LLM_roleplay_chat,CL:Clarify,CL:Empathy,42,0.011119936457505957
H_LLM_roleplay_chat,CL:Clarify,CL:Clarify,348,0.09213661636219221
H_LLM_roleplay_chat,CL:Clarify,CL:Objectives,128,0.03388933015620863
H_LLM_roleplay_chat,CL:Clarify,CL:Motivation,47,0.012443738416732858
H_LLM_roleplay_chat,CL:Clarify,CL:Resources,75,0.019857029388403495
H_LLM_roleplay_chat,CL:Clarify,CL:Help,124,0.03283028858882711
H_LLM_roleplay_chat,CL:Clarify,CL:Closing,14,0.003706645485835319
H_LLM_roleplay_chat,CL:Clarify,CL:Other,51,0.013502779984114376
H_LLM_roleplay_chat,CL:Clarify,CO:Opening,376,0.09954990733386286
H_LLM_roleplay_chat,CL:Clarify,CO:Moderation,147,0.03891977760127085
H_LLM_roleplay_chat,CL:Clarify,CO:Clarify,1432,0.37913688112258404
H_LLM_roleplay_chat,CL:Clarify,CO:Objectives,115,0.030447445062218692
H_LLM_roleplay_chat,CL:Clarify,CO:Motivation,204,0.054011119936457505
H_LLM_roleplay_chat,CL:Clarify,CO:Resources,58,0.015356102727032035
H_LLM_roleplay_chat,CL:Clarify,CO:Help,141,0.03733121525019857
H_LLM_roleplay_chat,CL:Clarify,CO:Closing,30,0.007942811755361398
H_LLM_roleplay_chat,CL:Clarify,CO:Other,438,0.11596505162827642
H_LLM_roleplay_chat,CL:Objectives,CL:Opening,3,0.0024752475247524753
H_LLM_roleplay_chat,CL:Objectives,CL:Empathy,2,0.0016501650165016502
H_LLM_roleplay_chat,CL:Objectives,CL:Clarify,47,0.038778877887788776
H_LLM_roleplay_chat,CL:Objectives,CL:Objectives,43,0.03547854785478548
H_LLM_roleplay_chat,CL:Objectives,CL:Motivation,18,0.01485148514851485
H_LLM_roleplay_chat,CL:Objectives,CL:Resources,6,0.0049504950495049506
H_LLM_roleplay_chat,CL:Objectives,CL:Help,14,0.01155115511551155
H_LLM_roleplay_chat,CL:Objectives,CL:Closing,1,0.0008250825082508251
H_LLM_roleplay_chat,CL:Objectives,CL:Other,10,0.00825082508250825
H_LLM_roleplay_chat,CL:Objectives,CO:Opening,94,0.07755775577557755
H_LLM_roleplay_chat,CL:Objectives,CO:Moderation,122,0.10066006600660066
H_LLM_roleplay_chat,CL:Objectives,CO:Clarify,299,0.2466996699669967
H_LLM_roleplay_chat,CL:Objectives,CO:Objectives,115,0.09488448844884488
H_LLM_roleplay_chat,CL:Objectives,CO:Motivation,73,0.06023102310231023
H_LLM_roleplay_chat,CL:Objectives,CO:Resources,25,0.020627062706270627
H_LLM_roleplay_chat,CL:Objectives,CO:Help,112,0.0924092409240924
H_LLM_roleplay_chat,CL:Objectives,CO:Closing,24,0.019801980198019802
H_LLM_roleplay_chat,CL:Objectives,CO:Other,204,0.16831683168316833
H_LLM_roleplay_chat,CL:Motivation,CL:Opening,0,0.0
H_LLM_roleplay_chat,CL:Motivation,CL:Empathy,1,0.0014388489208633094
H_LLM_roleplay_chat,CL:Motivation,CL:Clarify,15,0.02158273381294964
H_LLM_roleplay_chat,CL:Motivation,CL:Objectives,8,0.011510791366906475
H_LLM_roleplay_chat,CL:Motivation,CL:Motivation,4,0.0057553956834532375
H_LLM_roleplay_chat,CL:Motivation,CL:Resources,1,0.0014388489208633094
H_LLM_roleplay_chat,CL:Motivation,CL:Help,3,0.004316546762589928
H_LLM_roleplay_chat,CL:Motivation,CL:Closing,0,0.0
H_LLM_roleplay_chat,CL:Motivation,CL:Other,2,0.0028776978417266188
H_LLM_roleplay_chat,CL:Motivation,CO:Opening,9,0.012949640287769784
H_LLM_roleplay_chat,CL:Motivation,CO:Moderation,34,0.04892086330935252
H_LLM_roleplay_chat,CL:Motivation,CO:Clarify,300,0.4316546762589928
H_LLM_roleplay_chat,CL:Motivation,CO:Objectives,38,0.05467625899280575
H_LLM_roleplay_chat,CL:Motivation,CO:Motivation,75,0.1079136690647482
H_LLM_roleplay_chat,CL:Motivation,CO:Resources,8,0.011510791366906475
H_LLM_roleplay_chat,CL:Motivation,CO:Help,42,0.060431654676258995
H_LLM_roleplay_chat,CL:Motivation,CO:Closing,18,0.025899280575539568
H_LLM_roleplay_chat,CL:Motivation,CO:Other,137,0.1971223021582734
H_LLM_roleplay_chat,CL:Resources,CL:Opening,0,0.0
H_LLM_roleplay_chat,CL:Resources,CL:Empathy,2,0.00205761316872428
H_LLM_roleplay_chat,CL:Resources,CL:Clarify,13,0.013374485596707819
H_LLM_roleplay_chat,CL:Resources,CL:Objectives,7,0.00720164609053498
H_LLM_roleplay_chat,CL:Resources,CL:Motivation,2,0.00205761316872428
H_LLM_roleplay_chat,CL:Resources,CL:Resources,3,0.0030864197530864196
H_LLM_roleplay_chat,CL:Resources,CL:Help,10,0.0102880658436214
H_LLM_roleplay_chat,CL:Resources,CL:Closing,0,0.0
H_LLM_roleplay_chat,CL:Resources,CL:Other,3,0.0030864197530864196
H_LLM_roleplay_chat,CL:Resources,CO:Opening,30,0.030864197530864196
H_LLM_roleplay_chat,CL:Resources,CO:Moderation,85,0.0874485596707819
H_LLM_roleplay_chat,CL:Resources,CO:Clarify,234,0.24074074074074073
H_LLM_roleplay_chat,CL:Resources,CO:Objectives,81,0.08333333333333333
H_LLM_roleplay_chat,CL:Resources,CO:Motivation,93,0.09567901234567901
H_LLM_roleplay_chat,CL:Resources,CO:Resources,63,0.06481481481481481
H_LLM_roleplay_chat,CL:Resources,CO:Help,92,0.09465020576131687
H_LLM_roleplay_chat,CL:Resources,CO:Closing,29,0.029835390946502057
H_LLM_roleplay_chat,CL:Resources,CO:Other,225,0.23148148148148148
H_LLM_roleplay_chat,CL:Help,CL:Opening,12,0.007033997655334115
H_LLM_roleplay_chat,CL:Help,CL:Empathy,8,0.004689331770222743
H_LLM_roleplay_chat,CL:Help,CL:Clarify,122,0.07151230949589683
H_LLM_roleplay_chat,CL:Help,CL:Objectives,63,0.0369284876905041
H_LLM_roleplay_chat,CL:Help,CL:Motivation,10,0.005861664712778429
H_LLM_roleplay_chat,CL:Help,CL:Resources,32,0.01875732708089097
H_LLM_roleplay_chat,CL:Help,CL:Help,197,0.11547479484173505
H_LLM_roleplay_chat,CL:Help,CL:Closing,77,0.045134818288393906
H_LLM_roleplay_chat,CL:Help,CL:Other,21,0.0123094958968347
H_LLM_roleplay_chat,CL:Help,CO:Opening,47,0.027549824150058615
H_LLM_roleplay_chat,CL:Help,CO:Moderation,77,0.045134818288393906
H_LLM_roleplay_chat,CL:Help,CO:Clarify,227,0.13305978898007034
H_LLM_roleplay_chat,CL:Help,CO:Objectives,59,0.03458382180539273
H_LLM_roleplay_chat,CL:Help,CO:Motivation,149,0.0873388042203986
H_LLM_roleplay_chat,CL:Help,CO:Resources,18,0.010550996483001172
H_LLM_roleplay_chat,CL:Help,CO:Help,106,0.06213364595545135
H_LLM_roleplay_chat,CL:Help,CO:Closing,156,0.0914419695193435
H_LLM_roleplay_chat,CL:Help,CO:Other,325,0.19050410316529895
H_LLM_roleplay_chat,CL:Closing,CL:Opening,0,0.0
H_LLM_roleplay_chat,CL:Closing,CL:Empathy,1,0.0043859649122807015
H_LLM_roleplay_chat,CL:Closing,CL:Clarify,12,0.05263157894736842
H_LLM_roleplay_chat,CL:Closing,CL:Objectives,5,0.021929824561403508
H_LLM_roleplay_chat,CL:Closing,CL:Motivation,0,0.0
H_LLM_roleplay_chat,CL:Closing,CL:Resources,2,0.008771929824561403
H_LLM_roleplay_chat,CL:Closing,CL:Help,35,0.15350877192982457
H_LLM_roleplay_chat,CL:Closing,CL:Closing,26,0.11403508771929824
H_LLM_roleplay_chat,CL:Closing,CL:Other,4,0.017543859649122806
H_LLM_roleplay_chat,CL:Closing,CO:Opening,3,0.013157894736842105
H_LLM_roleplay_chat,CL:Closing,CO:Moderation,25,0.10964912280701754
H_LLM_roleplay_chat,CL:Closing,CO:Clarify,15,0.06578947368421052
H_LLM_roleplay_chat,CL:Closing,CO:Objectives,6,0.02631578947368421
H_LLM_roleplay_chat,CL:Closing,CO:Motivation,5,0.021929824561403508
H_LLM_roleplay_chat,CL:Closing,CO:Resources,1,0.0043859649122807015
H_LLM_roleplay_chat,CL:Closing,CO:Help,7,0.03070175438596491
H_LLM_roleplay_chat,CL:Closing,CO:Closing,44,0.19298245614035087
H_LLM_roleplay_chat,CL:Closing,CO:Other,37,0.16228070175438597
H_LLM_roleplay_chat,CL:Other,CL:Opening,10,0.02849002849002849
H_LLM_roleplay_chat,CL:Other,CL:Empathy,6,0.017094017094017096
H_LLM_roleplay_chat,CL:Other,CL:Clarify,105,0.29914529914529914
H_LLM_roleplay_chat,CL:Other,CL:Objectives,29,0.08262108262108261
H_LLM_roleplay_chat,CL:Other,CL:Motivation,19,0.05413105413105413
H_LLM_roleplay_chat,CL:Other,CL:Resources,11,0.03133903133903134
H_LLM_roleplay_chat,CL:Other,CL:Help,37,0.10541310541310542
H_LLM_roleplay_chat,CL:Other,CL:Closing,14,0.039886039886039885
H_LLM_roleplay_chat,CL:Other,CL:Other,24,0.06837606837606838
H_LLM_roleplay_chat,CL:Other,CO:Opening,12,0.03418803418803419
H_LLM_roleplay_chat,CL:Other,CO:Moderation,10,0.02849002849002849
H_LLM_roleplay_chat,CL:Other,CO:Clarify,32,0.09116809116809117
H_LLM_roleplay_chat,CL:Other,CO:Objectives,5,0.014245014245014245
H_LLM_roleplay_chat,CL:Other,CO:Motivation,9,0.02564102564102564
H_LLM_roleplay_chat,CL:Other,CO:Resources,3,0.008547008547008548
H_LLM_roleplay_chat,CL:Other,CO:Help,6,0.017094017094017096
H_LLM_roleplay_chat,CL:Other,CO:Closing,2,0.005698005698005698
H_LLM_roleplay_chat,CL:Other,CO:Other,17,0.04843304843304843
H_LLM_roleplay_chat,CO:Opening,CL:Opening,87,0.08932238193018481
H_LLM_roleplay_chat,CO:Opening,CL:Empathy,15,0.015400410677618069
H_LLM_roleplay_chat,CO:Opening,CL:Clarify,101,0.10369609856262833
H_LLM_roleplay_chat,CO:Opening,CL:Objectives,13,0.013347022587268994
H_LLM_roleplay_chat,CO:Opening,CL:Motivation,13,0.013347022587268994
H_LLM_roleplay_chat,CO:Opening,CL:Resources,5,0.00513347022587269
H_LLM_roleplay_chat,CO:Opening,CL:Help,31,0.03182751540041068
H_LLM_roleplay_chat,CO:Opening,CL:Closing,3,0.003080082135523614
H_LLM_roleplay_chat,CO:Opening,CL:Other,8,0.008213552361396304
H_LLM_roleplay_chat,CO:Opening,CO:Opening,249,0.25564681724845995
H_LLM_roleplay_chat,CO:Opening,CO:Moderation,71,0.0728952772073922
H_LLM_roleplay_chat,CO:Opening,CO:Clarify,230,0.23613963039014374
H_LLM_roleplay_chat,CO:Opening,CO:Objectives,22,0.022587268993839837
H_LLM_roleplay_chat,CO:Opening,CO:Motivation,59,0.060574948665297744
H_LLM_roleplay_chat,CO:Opening,CO:Resources,11,0.011293634496919919
H_LLM_roleplay_chat,CO:Opening,CO:Help,16,0.01642710472279261
H_LLM_roleplay_chat,CO:Opening,CO:Closing,20,0.02053388090349076
H_LLM_roleplay_chat,CO:Opening,CO:Other,20,0.02053388090349076
H_LLM_roleplay_chat,CO:Moderation,CL:Opening,25,0.02976190476190476
H_LLM_roleplay_chat,CO:Moderation,CL:Empathy,4,0.004761904761904762
H_LLM_roleplay_chat,CO:Moderation,CL:Clarify,131,0.15595238095238095
H_LLM_roleplay_chat,CO:Moderation,CL:Objectives,95,0.1130952380952381
H_LLM_roleplay_chat,CO:Moderation,CL:Motivation,30,0.03571428571428571
H_LLM_roleplay_chat,CO:Moderation,CL:Resources,54,0.06428571428571428
H_LLM_roleplay_chat,CO:Moderation,CL:Help,146,0.1738095238095238
H_LLM_roleplay_chat,CO:Moderation,CL:Closing,30,0.03571428571428571
H_LLM_roleplay_chat,CO:Moderation,CL:Other,21,0.025
H_LLM_roleplay_chat,CO:Moderation,CO:Opening,15,0.017857142857142856
H_LLM_roleplay_chat,CO:Moderation,CO:Moderation,39,0.04642857142857143
H_LLM_roleplay_chat,CO:Moderation,CO:Clarify,134,0.1595238095238095
H_LLM_roleplay_chat,CO:Moderation,CO:Objectives,28,0.03333333333333333
H_LLM_roleplay_chat,CO:Moderation,CO:Motivation,26,0.030952380952380953
H_LLM_roleplay_chat,CO:Moderation,CO:Resources,4,0.004761904761904762
H_LLM_roleplay_chat,CO:Moderation,CO:Help,24,0.02857142857142857
H_LLM_roleplay_chat,CO:Moderation,CO:Closing,16,0.01904761904761905
H_LLM_roleplay_chat,CO:Moderation,CO:Other,18,0.02142857142857143
H_LLM_roleplay_chat,CO:Clarify,CL:Opening,102,0.025073746312684365
H_LLM_roleplay_chat,CO:Clarify,CL:Empathy,185,0.045476892822025564
H_LLM_roleplay_chat,CO:Clarify,CL:Clarify,1939,0.47664700098328416
H_LLM_roleplay_chat,CO:Clarify,CL:Objectives,438,0.10766961651917405
H_LLM_roleplay_chat,CO:Clarify,CL:Motivation,330,0.08112094395280237
H_LLM_roleplay_chat,CO:Clarify,CL:Resources,285,0.0700589970501475
H_LLM_roleplay_chat,CO:Clarify,CL:Help,290,0.07128810226155359
H_LLM_roleplay_chat,CO:Clarify,CL:Closing,23,0.005653883972468043
H_LLM_roleplay_chat,CO:Clarify,CL:Other,133,0.032694198623402164
H_LLM_roleplay_chat,CO:Clarify,CO:Opening,13,0.0031956735496558504
H_LLM_roleplay_chat,CO:Clarify,CO:Moderation,20,0.004916420845624385
H_LLM_roleplay_chat,CO:Clarify,CO:Clarify,233,0.05727630285152409
H_LLM_roleplay_chat,CO:Clarify,CO:Objectives,25,0.006145526057030482
H_LLM_roleplay_chat,CO:Clarify,CO:Motivation,12,0.0029498525073746312
H_LLM_roleplay_chat,CO:Clarify,CO:Resources,7,0.001720747295968535
H_LLM_roleplay_chat,CO:Clarify,CO:Help,17,0.004178957718780727
H_LLM_roleplay_chat,CO:Clarify,CO:Closing,4,0.0009832841691248771
H_LLM_roleplay_chat,CO:Clarify,CO:Other,12,0.0029498525073746312
H_LLM_roleplay_chat,CO:Objectives,CL:Opening,6,0.009077155824508321
H_LLM_roleplay_chat,CO:Objectives,CL:Empathy,8,0.012102874432677761
H_LLM_roleplay_chat,CO:Objectives,CL:Clarify,128,0.19364599092284418
H_LLM_roleplay_chat,CO:Objectives,CL:Objectives,150,0.22692889561270801
H_LLM_roleplay_chat,CO:Objectives,CL:Motivation,64,0.09682299546142209
H_LLM_roleplay_chat,CO:Objectives,CL:Resources,146,0.22087745839636913
H_LLM_roleplay_chat,CO:Objectives,CL:Help,85,0.12859304084720122
H_LLM_roleplay_chat,CO:Objectives,CL:Closing,18,0.02723146747352496
H_LLM_roleplay_chat,CO:Objectives,CL:Other,6,0.009077155824508321
H_LLM_roleplay_chat,CO:Objectives,CO:Opening,2,0.0030257186081694403
H_LLM_roleplay_chat,CO:Objectives,CO:Moderation,4,0.006051437216338881
H_LLM_roleplay_chat,CO:Objectives,CO:Clarify,23,0.03479576399394856
H_LLM_roleplay_chat,CO:Objectives,CO:Objectives,8,0.012102874432677761
H_LLM_roleplay_chat,CO:Objectives,CO:Motivation,4,0.006051437216338881
H_LLM_roleplay_chat,CO:Objectives,CO:Resources,4,0.006051437216338881
H_LLM_roleplay_chat,CO:Objectives,CO:Help,3,0.0045385779122541605
H_LLM_roleplay_chat,CO:Objectives,CO:Closing,0,0.0
H_LLM_roleplay_chat,CO:Objectives,CO:Other,2,0.0030257186081694403
H_LLM_roleplay_chat,CO:Motivation,CL:Opening,5,0.005688282138794084
H_LLM_roleplay_chat,CO:Motivation,CL:Empathy,10,0.011376564277588168
H_LLM_roleplay_chat,CO:Motivation,CL:Clarify,128,0.14562002275312855
H_LLM_roleplay_chat,CO:Motivation,CL:Objectives,67,0.07622298065984073
H_LLM_roleplay_chat,CO:Motivation,CL:Motivation,78,0.08873720136518772
H_LLM_roleplay_chat,CO:Motivation,CL:Resources,112,0.12741751990898748
H_LLM_roleplay_chat,CO:Motivation,CL:Help,196,0.2229806598407281
H_LLM_roleplay_chat,CO:Motivation,CL:Closing,7,0.007963594994311717
H_LLM_roleplay_chat,CO:Motivation,CL:Other,8,0.009101251422070534
H_LLM_roleplay_chat,CO:Motivation,CO:Opening,17,0.019340159271899887
H_LLM_roleplay_chat,CO:Motivation,CO:Moderation,21,0.023890784982935155
H_LLM_roleplay_chat,CO:Motivation,CO:Clarify,134,0.15244596131968147
H_LLM_roleplay_chat,CO:Motivation,CO:Objectives,11,0.012514220705346985
H_LLM_roleplay_chat,CO:Motivation,CO:Motivation,20,0.022753128555176336
H_LLM_roleplay_chat,CO:Motivation,CO:Resources,5,0.005688282138794084
H_LLM_roleplay_chat,CO:Motivation,CO:Help,24,0.027303754266211604
H_LLM_roleplay_chat,CO:Motivation,CO:Closing,28,0.03185437997724687
H_LLM_roleplay_chat,CO:Motivation,CO:Other,8,0.009101251422070534
H_LLM_roleplay_chat,CO:Resources,CL:Opening,3,0.010638297872340425
H_LLM_roleplay_chat,CO:Resources,CL:Empathy,4,0.014184397163120567
H_LLM_roleplay_chat,CO:Resources,CL:Clarify,58,0.20567375886524822
H_LLM_roleplay_chat,CO:Resources,CL:Objectives,15,0.05319148936170213
H_LLM_roleplay_chat,CO:Resources,CL:Motivation,10,0.03546099290780142
H_LLM_roleplay_chat,CO:Resources,CL:Resources,95,0.33687943262411346
H_LLM_roleplay_chat,CO:Resources,CL:Help,65,0.23049645390070922
H_LLM_roleplay_chat,CO:Resources,CL:Closing,6,0.02127659574468085
H_LLM_roleplay_chat,CO:Resources,CL:Other,6,0.02127659574468085
H_LLM_roleplay_chat,CO:Resources,CO:Opening,1,0.0035460992907801418
H_LLM_roleplay_chat,CO:Resources,CO:Moderation,3,0.010638297872340425
H_LLM_roleplay_chat,CO:Resources,CO:Clarify,6,0.02127659574468085
H_LLM_roleplay_chat,CO:Resources,CO:Objectives,0,0.0
H_LLM_roleplay_chat,CO:Resources,CO:Motivation,0,0.0
H_LLM_roleplay_chat,CO:Resources,CO:Resources,6,0.02127659574468085
H_LLM_roleplay_chat,CO:Resources,CO:Help,2,0.0070921985815602835
H_LLM_roleplay_chat,CO:Resources,CO:Closing,2,0.0070921985815602835
H_LLM_roleplay_chat,CO:Resources,CO:Other,0,0.0
H_LLM_roleplay_chat,CO:Help,CL:Opening,13,0.016455696202531647
H_LLM_roleplay_chat,CO:Help,CL:Empathy,19,0.024050632911392405
H_LLM_roleplay_chat,CO:Help,CL:Clarify,138,0.17468354430379746
H_LLM_roleplay_chat,CO:Help,CL:Objectives,80,0.10126582278481013
H_LLM_roleplay_chat,CO:Help,CL:Motivation,57,0.07215189873417721
H_LLM_roleplay_chat,CO:Help,CL:Resources,106,0.1341772151898734
H_LLM_roleplay_chat,CO:Help,CL:Help,251,0.31772151898734174
H_LLM_roleplay_chat,CO:Help,CL:Closing,17,0.021518987341772152
H_LLM_roleplay_chat,CO:Help,CL:Other,13,0.016455696202531647
H_LLM_roleplay_chat,CO:Help,CO:Opening,3,0.0037974683544303796
H_LLM_roleplay_chat,CO:Help,CO:Moderation,11,0.013924050632911392
H_LLM_roleplay_chat,CO:Help,CO:Clarify,35,0.04430379746835443
H_LLM_roleplay_chat,CO:Help,CO:Objectives,6,0.007594936708860759
H_LLM_roleplay_chat,CO:Help,CO:Motivation,7,0.008860759493670886
H_LLM_roleplay_chat,CO:Help,CO:Resources,7,0.008860759493670886
H_LLM_roleplay_chat,CO:Help,CO:Help,10,0.012658227848101266
H_LLM_roleplay_chat,CO:Help,CO:Closing,9,0.01139240506329114
H_LLM_roleplay_chat,CO:Help,CO:Other,8,0.010126582278481013
H_LLM_roleplay_chat,CO:Closing,CL:Opening,13,0.02529182879377432
H_LLM_roleplay_chat,CO:Closing,CL:Empathy,3,0.005836575875486381
H_LLM_roleplay_chat,CO:Closing,CL:Clarify,18,0.03501945525291829
H_LLM_roleplay_chat,CO:Closing,CL:Objectives,13,0.02529182879377432
H_LLM_roleplay_chat,CO:Closing,CL:Motivation,13,0.02529182879377432
H_LLM_roleplay_chat,CO:Closing,CL:Resources,21,0.04085603112840467
H_LLM_roleplay_chat,CO:Closing,CL:Help,247,0.4805447470817121
H_LLM_roleplay_chat,CO:Closing,CL:Closing,65,0.1264591439688716
H_LLM_roleplay_chat,CO:Closing,CL:Other,4,0.007782101167315175
H_LLM_roleplay_chat,CO:Closing,CO:Opening,5,0.009727626459143969
H_LLM_roleplay_chat,CO:Closing,CO:Moderation,15,0.029182879377431907
H_LLM_roleplay_chat,CO:Closing,CO:Clarify,30,0.058365758754863814
H_LLM_roleplay_chat,CO:Closing,CO:Objectives,6,0.011673151750972763
H_LLM_roleplay_chat,CO:Closing,CO:Motivation,5,0.009727626459143969
H_LLM_roleplay_chat,CO:Closing,CO:Resources,1,0.0019455252918287938
H_LLM_roleplay_chat,CO:Closing,CO:Help,14,0.027237354085603113
H_LLM_roleplay_chat,CO:Closing,CO:Closing,35,0.06809338521400778
H_LLM_roleplay_chat,CO:Closing,CO:Other,6,0.011673151750972763
H_LLM_roleplay_chat,CO:Other,CL:Opening,1,0.0005927682276229994
H_LLM_roleplay_chat,CO:Other,CL:Empathy,5,0.002963841138114997
H_LLM_roleplay_chat,CO:Other,CL:Clarify,53,0.03141671606401897
H_LLM_roleplay_chat,CO:Other,CL:Objectives,27,0.016004742145820983
H_LLM_roleplay_chat,CO:Other,CL:Motivation,15,0.00889152341434499
H_LLM_roleplay_chat,CO:Other,CL:Resources,19,0.011262596324836989
H_LLM_roleplay_chat,CO:Other,CL:Help,65,0.03852993479549496
H_LLM_roleplay_chat,CO:Other,CL:Closing,8,0.004742145820983995
H_LLM_roleplay_chat,CO:Other,CL:Other,2,0.0011855364552459987
H_LLM_roleplay_chat,CO:Other,CO:Opening,44,0.026081802015411975
H_LLM_roleplay_chat,CO:Other,CO:Moderation,142,0.08417308832246592
H_LLM_roleplay_chat,CO:Other,CO:Clarify,540,0.32009484291641965
H_LLM_roleplay_chat,CO:Other,CO:Objectives,126,0.07468879668049792
H_LLM_roleplay_chat,CO:Other,CO:Motivation,133,0.07883817427385892
H_LLM_roleplay_chat,CO:Other,CO:Resources,53,0.03141671606401897
H_LLM_roleplay_chat,CO:Other,CO:Help,153,0.0906935388263189
H_LLM_roleplay_chat,CO:Other,CO:Closing,115,0.06816834617664493
H_LLM_roleplay_chat,CO:Other,CO:Other,186,0.11025489033787789
HH_roleplay_mail,CL:Opening,CL:Opening,6,0.024489795918367346
HH_roleplay_mail,CL:Opening,CL:Empathy,1,0.004081632653061225
HH_roleplay_mail,CL:Opening,CL:Clarify,104,0.42448979591836733
HH_roleplay_mail,CL:Opening,CL:Objectives,4,0.0163265306122449
HH_roleplay_mail,CL:Opening,CL:Motivation,15,0.061224489795918366
HH_roleplay_mail,CL:Opening,CL:Resources,0,0.0
HH_roleplay_mail,CL:Opening,CL:Help,84,0.34285714285714286
HH_roleplay_mail,CL:Opening,CL:Closing,8,0.0326530612244898
HH_roleplay_mail,CL:Opening,CL:Other,18,0.07346938775510205
HH_roleplay_mail,CL:Opening,CO:Opening,3,0.012244897959183673
HH_roleplay_mail,CL:Opening,CO:Moderation,0,0.0
HH_roleplay_mail,CL:Opening,CO:Clarify,0,0.0
HH_roleplay_mail,CL:Opening,CO:Objectives,0,0.0
HH_roleplay_mail,CL:Opening,CO:Motivation,0,0.0
HH_roleplay_mail,CL:Opening,CO:Resources,0,0.0
HH_roleplay_mail,CL:Opening,CO:Help,0,0.0
HH_roleplay_mail,CL:Opening,CO:Closing,0,0.0
HH_roleplay_mail,CL:Opening,CO:Other,2,0.00816326530612245
HH_roleplay_mail,CL:Empathy,CL:Opening,0,0.0
HH_roleplay_mail,CL:Empathy,CL:Empathy,0,0.0
HH_roleplay_mail,CL:Empathy,CL:Clarify,0,0.0
HH_roleplay_mail,CL:Empathy,CL:Objectives,0,0.0
HH_roleplay_mail,CL:Empathy,CL:Motivation,0,0.0
HH_roleplay_mail,CL:Empathy,CL:Resources,0,0.0
HH_roleplay_mail,CL:Empathy,CL:Help,0,0.0
HH_roleplay_mail,CL:Empathy,CL:Closing,0,0.0
HH_roleplay_mail,CL:Empathy,CL:Other,0,0.0
HH_roleplay_mail,CL:Empathy,CO:Opening,1,0.5
HH_roleplay_mail,CL:Empathy,CO:Moderation,0,0.0
HH_roleplay_mail,CL:Empathy,CO:Clarify,0,0.0
HH_roleplay_mail,CL:Empathy,CO:Objectives,0,0.0
HH_roleplay_mail,CL:Empathy,CO:Motivation,1,0.5
HH_roleplay_mail,CL:Empathy,CO:Resources,0,0.0
HH_roleplay_mail,CL:Empathy,CO:Help,0,0.0
HH_roleplay_mail,CL:Empathy,CO:Closing,0,0.0
HH_roleplay_mail,CL:Empathy,CO:Other,0,0.0
HH_roleplay_mail,CL:Clarify,CL:Opening,6,0.03896103896103896
HH_roleplay_mail,CL:Clarify,CL:Empathy,0,0.0
HH_roleplay_mail,CL:Clarify,CL:Clarify,12,0.07792207792207792
HH_roleplay_mail,CL:Clarify,CL:Objectives,0,0.0
HH_roleplay_mail,CL:Clarify,CL:Motivation,2,0.012987012987012988
HH_roleplay_mail,CL:Clarify,CL:Resources,1,0.006493506493506494
HH_roleplay_mail,CL:Clarify,CL:Help,4,0.025974025974025976
HH_roleplay_mail,CL:Clarify,CL:Closing,1,0.006493506493506494
HH_roleplay_mail,CL:Clarify,CL:Other,12,0.07792207792207792
HH_roleplay_mail,CL:Clarify,CO:Opening,84,0.5454545454545454
HH_roleplay_mail,CL:Clarify,CO:Moderation,0,0.0
HH_roleplay_mail,CL:Clarify,CO:Clarify,0,0.0
HH_roleplay_mail,CL:Clarify,CO:Objectives,0,0.0
HH_roleplay_mail,CL:Clarify,CO:Motivation,0,0.0
HH_roleplay_mail,CL:Clarify,CO:Resources,0,0.0
HH_roleplay_mail,CL:Clarify,CO:Help,0,0.0
HH_roleplay_mail,CL:Clarify,CO:Closing,2,0.012987012987012988
HH_roleplay_mail,CL:Clarify,CO:Other,30,0.19480519480519481
HH_roleplay_mail,CL:Objectives,CL:Opening,0,0.0
HH_roleplay_mail,CL:Objectives,CL:Empathy,0,0.0
HH_roleplay_mail,CL:Objectives,CL:Clarify,2,0.25
HH_roleplay_mail,CL:Objectives,CL:Objectives,0,0.0
HH_roleplay_mail,CL:Objectives,CL:Motivation,0,0.0
HH_roleplay_mail,CL:Objectives,CL:Resources,0,0.0
HH_roleplay_mail,CL:Objectives,CL:Help,0,0.0
HH_roleplay_mail,CL:Objectives,CL:Closing,0,0.0
HH_roleplay_mail,CL:Objectives,CL:Other,0,0.0
HH_roleplay_mail,CL:Objectives,CO:Opening,5,0.625
HH_roleplay_mail,CL:Objectives,CO:Moderation,0,0.0
HH_roleplay_mail,CL:Objectives,CO:Clarify,0,0.0
HH_roleplay_mail,CL:Objectives,CO:Objectives,0,0.0
HH_roleplay_mail,CL:Objectives,CO:Motivation,0,0.0
HH_roleplay_mail,CL:Objectives,CO:Resources,0,0.0
HH_roleplay_mail,CL:Objectives,CO:Help,0,0.0
HH_roleplay_mail,CL:Objectives,CO:Closing,0,0.0
HH_roleplay_mail,CL:Objectives,CO:Other,1,0.125
HH_roleplay_mail,CL:Motivation,CL:Opening,0,0.0
HH_roleplay_mail,CL:Motivation,CL:Empathy,0,0.0
HH_roleplay_mail,CL:Motivation,CL:Clarify,0,0.0
HH_roleplay_mail,CL:Motivation,CL:Objectives,0,0.0
HH_roleplay_mail,CL:Motivation,CL:Motivation,0,0.0
HH_roleplay_mail,CL:Motivation,CL:Resources,0,0.0
HH_roleplay_mail,CL:Motivation,CL:Help,0,0.0
HH_roleplay_mail,CL:Motivation,CL:Closing,0,0.0
HH_roleplay_mail,CL:Motivation,CL:Other,4,0.15384615384615385
HH_roleplay_mail,CL:Motivation,CO:Opening,19,0.7307692307692307
HH_roleplay_mail,CL:Motivation,CO:Moderation,0,0.0
HH_roleplay_mail,CL:Motivation,CO:Clarify,0,0.0
HH_roleplay_mail,CL:Motivation,CO:Objectives,0,0.0
HH_roleplay_mail,CL:Motivation,CO:Motivation,0,0.0
HH_roleplay_mail,CL:Motivation,CO:Resources,0,0.0
HH_roleplay_mail,CL:Motivation,CO:Help,0,0.0
HH_roleplay_mail,CL:Motivation,CO:Closing,3,0.11538461538461539
HH_roleplay_mail,CL:Motivation,CO:Other,0,0.0
HH_roleplay_mail,CL:Resources,CL:Opening,0,0.0
HH_roleplay_mail,CL:Resources,CL:Empathy,0,0.0
HH_roleplay_mail,CL:Resources,CL:Clarify,0,0.0
HH_roleplay_mail,CL:Resources,CL:Objectives,0,0.0
HH_roleplay_mail,CL:Resources,CL:Motivation,0,0.0
HH_roleplay_mail,CL:Resources,CL:Resources,0,0.0
HH_roleplay_mail,CL:Resources,CL:Help,0,0.0
HH_roleplay_mail,CL:Resources,CL:Closing,1,0.25
HH_roleplay_mail,CL:Resources,CL:Other,0,0.0
HH_roleplay_mail,CL:Resources,CO:Opening,1,0.25
HH_roleplay_mail,CL:Resources,CO:Moderation,0,0.0
HH_roleplay_mail,CL:Resources,CO:Clarify,0,0.0
HH_roleplay_mail,CL:Resources,CO:Objectives,0,0.0
HH_roleplay_mail,CL:Resources,CO:Motivation,0,0.0
HH_roleplay_mail,CL:Resources,CO:Resources,0,0.0
HH_roleplay_mail,CL:Resources,CO:Help,0,0.0
HH_roleplay_mail,CL:Resources,CO:Closing,0,0.0
HH_roleplay_mail,CL:Resources,CO:Other,2,0.5
HH_roleplay_mail,CL:Help,CL:Opening,6,0.05217391304347826
HH_roleplay_mail,CL:Help,CL:Empathy,0,0.0
HH_roleplay_mail,CL:Help,CL:Clarify,23,0.2
HH_roleplay_mail,CL:Help,CL:Objectives,4,0.034782608695652174
HH_roleplay_mail,CL:Help,CL:Motivation,3,0.02608695652173913
HH_roleplay_mail,CL:Help,CL:Resources,1,0.008695652173913044
HH_roleplay_mail,CL:Help,CL:Help,21,0.1826086956521739
HH_roleplay_mail,CL:Help,CL:Closing,4,0.034782608695652174
HH_roleplay_mail,CL:Help,CL:Other,4,0.034782608695652174
HH_roleplay_mail,CL:Help,CO:Opening,39,0.3391304347826087
HH_roleplay_mail,CL:Help,CO:Moderation,0,0.0
HH_roleplay_mail,CL:Help,CO:Clarify,1,0.008695652173913044
HH_roleplay_mail,CL:Help,CO:Objectives,0,0.0
HH_roleplay_mail,CL:Help,CO:Motivation,0,0.0
HH_roleplay_mail,CL:Help,CO:Resources,0,0.0
HH_roleplay_mail,CL:Help,CO:Help,0,0.0
HH_roleplay_mail,CL:Help,CO:Closing,1,0.008695652173913044
HH_roleplay_mail,CL:Help,CO:Other,8,0.06956521739130435
HH_roleplay_mail,CL:Closing,CL:Opening,3,0.2727272727272727
HH_roleplay_mail,CL:Closing,CL:Empathy,0,0.0
HH_roleplay_mail,CL:Closing,CL:Clarify,1,0.09090909090909091
HH_roleplay_mail,CL:Closing,CL:Objectives,0,0.0
HH_roleplay_mail,CL:Closing,CL:Motivation,1,0.09090909090909091
HH_roleplay_mail,CL:Closing,CL:Resources,0,0.0
HH_roleplay_mail,CL:Closing,CL:Help,1,0.09090909090909091
HH_roleplay_mail,CL:Closing,CL:Closing,0,0.0
HH_roleplay_mail,CL:Closing,CL:Other,0,0.0
HH_roleplay_mail,CL:Closing,CO:Opening,4,0.36363636363636365
HH_roleplay_mail,CL:Closing,CO:Moderation,0,0.0
HH_roleplay_mail,CL:Closing,CO:Clarify,0,0.0
HH_roleplay_mail,CL:Closing,CO:Objectives,0,0.0
HH_roleplay_mail,CL:Closing,CO:Motivation,0,0.0
HH_roleplay_mail,CL:Closing,CO:Resources,0,0.0
HH_roleplay_mail,CL:Closing,CO:Help,0,0.0
HH_roleplay_mail,CL:Closing,CO:Closing,0,0.0
HH_roleplay_mail,CL:Closing,CO:Other,1,0.09090909090909091
HH_roleplay_mail,CL:Other,CL:Opening,24,0.39344262295081966
HH_roleplay_mail,CL:Other,CL:Empathy,0,0.0
HH_roleplay_mail,CL:Other,CL:Clarify,5,0.08196721311475409
HH_roleplay_mail,CL:Other,CL:Objectives,0,0.0
HH_roleplay_mail,CL:Other,CL:Motivation,6,0.09836065573770492
HH_roleplay_mail,CL:Other,CL:Resources,2,0.03278688524590164
HH_roleplay_mail,CL:Other,CL:Help,5,0.08196721311475409
HH_roleplay_mail,CL:Other,CL:Closing,0,0.0
HH_roleplay_mail,CL:Other,CL:Other,1,0.01639344262295082
HH_roleplay_mail,CL:Other,CO:Opening,17,0.2786885245901639
HH_roleplay_mail,CL:Other,CO:Moderation,1,0.01639344262295082
HH_roleplay_mail,CL:Other,CO:Clarify,0,0.0
HH_roleplay_mail,CL:Other,CO:Objectives,0,0.0
HH_roleplay_mail,CL:Other,CO:Motivation,0,0.0
HH_roleplay_mail,CL:Other,CO:Resources,0,0.0
HH_roleplay_mail,CL:Other,CO:Help,0,0.0
HH_roleplay_mail,CL:Other,CO:Closing,0,0.0
HH_roleplay_mail,CL:Other,CO:Other,0,0.0
HH_roleplay_mail,CO:Opening,CL:Opening,4,0.014760147601476014
HH_roleplay_mail,CO:Opening,CL:Empathy,0,0.0
HH_roleplay_mail,CO:Opening,CL:Clarify,0,0.0
HH_roleplay_mail,CO:Opening,CL:Objectives,0,0.0
HH_roleplay_mail,CO:Opening,CL:Motivation,0,0.0
HH_roleplay_mail,CO:Opening,CL:Resources,0,0.0
HH_roleplay_mail,CO:Opening,CL:Help,1,0.0036900369003690036
HH_roleplay_mail,CO:Opening,CL:Closing,0,0.0
HH_roleplay_mail,CO:Opening,CL:Other,0,0.0
HH_roleplay_mail,CO:Opening,CO:Opening,34,0.12546125461254612
HH_roleplay_mail,CO:Opening,CO:Moderation,23,0.08487084870848709
HH_roleplay_mail,CO:Opening,CO:Clarify,75,0.2767527675276753
HH_roleplay_mail,CO:Opening,CO:Objectives,1,0.0036900369003690036
HH_roleplay_mail,CO:Opening,CO:Motivation,66,0.24354243542435425
HH_roleplay_mail,CO:Opening,CO:Resources,5,0.01845018450184502
HH_roleplay_mail,CO:Opening,CO:Help,30,0.11070110701107011
HH_roleplay_mail,CO:Opening,CO:Closing,21,0.07749077490774908
HH_roleplay_mail,CO:Opening,CO:Other,11,0.04059040590405904
HH_roleplay_mail,CO:Moderation,CL:Opening,7,0.28
HH_roleplay_mail,CO:Moderation,CL:Empathy,0,0.0
HH_roleplay_mail,CO:Moderation,CL:Clarify,1,0.04
HH_roleplay_mail,CO:Moderation,CL:Objectives,0,0.0
HH_roleplay_mail,CO:Moderation,CL:Motivation,0,0.0
HH_roleplay_mail,CO:Moderation,CL:Resources,0,0.0
HH_roleplay_mail,CO:Moderation,CL:Help,0,0.0
HH_roleplay_mail,CO:Moderation,CL:Closing,0,0.0
HH_roleplay_mail,CO:Moderation,CL:Other,2,0.08
HH_roleplay_mail,CO:Moderation,CO:Opening,4,0.16
HH_roleplay_mail,CO:Moderation,CO:Moderation,0,0.0
HH_roleplay_mail,CO:Moderation,CO:Clarify,2,0.08
HH_roleplay_mail,CO:Moderation,CO:Objectives,0,0.0
HH_roleplay_mail,CO:Moderation,CO:Motivation,2,0.08
HH_roleplay_mail,CO:Moderation,CO:Resources,0,0.0
HH_roleplay_mail,CO:Moderation,CO:Help,1,0.04
HH_roleplay_mail,CO:Moderation,CO:Closing,6,0.24
HH_roleplay_mail,CO:Moderation,CO:Other,0,0.0
HH_roleplay_mail,CO:Clarify,CL:Opening,74,0.7254901960784313
HH_roleplay_mail,CO:Clarify,CL:Empathy,0,0.0
HH_roleplay_mail,CO:Clarify,CL:Clarify,2,0.0196078431372549
HH_roleplay_mail,CO:Clarify,CL:Objectives,0,0.0
HH_roleplay_mail,CO:Clarify,CL:Motivation,0,0.0
HH_roleplay_mail,CO:Clarify,CL:Resources,0,0.0
HH_roleplay_mail,CO:Clarify,CL:Help,3,0.029411764705882353
HH_roleplay_mail,CO:Clarify,CL:Closing,0,0.0
HH_roleplay_mail,CO:Clarify,CL:Other,7,0.06862745098039216
HH_roleplay_mail,CO:Clarify,CO:Opening,6,0.058823529411764705
HH_roleplay_mail,CO:Clarify,CO:Moderation,0,0.0
HH_roleplay_mail,CO:Clarify,CO:Clarify,1,0.00980392156862745
HH_roleplay_mail,CO:Clarify,CO:Objectives,0,0.0
HH_roleplay_mail,CO:Clarify,CO:Motivation,1,0.00980392156862745
HH_roleplay_mail,CO:Clarify,CO:Resources,2,0.0196078431372549
HH_roleplay_mail,CO:Clarify,CO:Help,4,0.0392156862745098
HH_roleplay_mail,CO:Clarify,CO:Closing,2,0.0196078431372549
HH_roleplay_mail,CO:Clarify,CO:Other,0,0.0
HH_roleplay_mail,CO:Objectives,CL:Opening,1,1.0
HH_roleplay_mail,CO:Objectives,CL:Empathy,0,0.0
HH_roleplay_mail,CO:Objectives,CL:Clarify,0,0.0
HH_roleplay_mail,CO:Objectives,CL:Objectives,0,0.0
HH_roleplay_mail,CO:Objectives,CL:Motivation,0,0.0
HH_roleplay_mail,CO:Objectives,CL:Resources,0,0.0
HH_roleplay_mail,CO:Objectives,CL:Help,0,0.0
HH_roleplay_mail,CO:Objectives,CL:Closing,0,0.0
HH_roleplay_mail,CO:Objectives,CL:Other,0,0.0
HH_roleplay_mail,CO:Objectives,CO:Opening,0,0.0
HH_roleplay_mail,CO:Objectives,CO:Moderation,0,0.0
HH_roleplay_mail,CO:Objectives,CO:Clarify,0,0.0
HH_roleplay_mail,CO:Objectives,CO:Objectives,0,0.0
HH_roleplay_mail,CO:Objectives,CO:Motivation,0,0.0
HH_roleplay_mail,CO:Objectives,CO:Resources,0,0.0
HH_roleplay_mail,CO:Objectives,CO:Help,0,0.0
HH_roleplay_mail,CO:Objectives,CO:Closing,0,0.0
HH_roleplay_mail,CO:Objectives,CO:Other,0,0.0
HH_roleplay_mail,CO:Motivation,CL:Opening,23,0.30666666666666664
HH_roleplay_mail,CO:Motivation,CL:Empathy,0,0.0
HH_roleplay_mail,CO:Motivation,CL:Clarify,0,0.0
HH_roleplay_mail,CO:Motivation,CL:Objectives,0,0.0
HH_roleplay_mail,CO:Motivation,CL:Motivation,0,0.0
HH_roleplay_mail,CO:Motivation,CL:Resources,0,0.0
HH_roleplay_mail,CO:Motivation,CL:Help,1,0.013333333333333334
HH_roleplay_mail,CO:Motivation,CL:Closing,0,0.0
HH_roleplay_mail,CO:Motivation,CL:Other,0,0.0
HH_roleplay_mail,CO:Motivation,CO:Opening,1,0.013333333333333334
HH_roleplay_mail,CO:Motivation,CO:Moderation,3,0.04
HH_roleplay_mail,CO:Motivation,CO:Clarify,16,0.21333333333333335
HH_roleplay_mail,CO:Motivation,CO:Objectives,0,0.0
HH_roleplay_mail,CO:Motivation,CO:Motivation,11,0.14666666666666667
HH_roleplay_mail,CO:Motivation,CO:Resources,0,0.0
HH_roleplay_mail,CO:Motivation,CO:Help,7,0.09333333333333334
HH_roleplay_mail,CO:Motivation,CO:Closing,13,0.17333333333333334
HH_roleplay_mail,CO:Motivation,CO:Other,0,0.0
HH_roleplay_mail,CO:Resources,CL:Opening,5,0.8333333333333334
HH_roleplay_mail,CO:Resources,CL:Empathy,0,0.0
HH_roleplay_mail,CO:Resources,CL:Clarify,0,0.0
HH_roleplay_mail,CO:Resources,CL:Objectives,0,0.0
HH_roleplay_mail,CO:Resources,CL:Motivation,0,0.0
HH_roleplay_mail,CO:Resources,CL:Resources,0,0.0
HH_roleplay_mail,CO:Resources,CL:Help,0,0.0
HH_roleplay_mail,CO:Resources,CL:Closing,0,0.0
HH_roleplay_mail,CO:Resources,CL:Other,1,0.16666666666666666
HH_roleplay_mail,CO:Resources,CO:Opening,0,0.0
HH_roleplay_mail,CO:Resources,CO:Moderation,0,0.0
HH_roleplay_mail,CO:Resources,CO:Clarify,0,0.0
HH_roleplay_mail,CO:Resources,CO:Objectives,0,0.0
HH_roleplay_mail,CO:Resources,CO:Motivation,0,0.0
HH_roleplay_mail,CO:Resources,CO:Resources,0,0.0
HH_roleplay_mail,CO:Resources,CO:Help,0,0.0
HH_roleplay_mail,CO:Resources,CO:Closing,0,0.0
HH_roleplay_mail,CO:Resources,CO:Other,0,0.0
HH_roleplay_mail,CO:Help,CL:Opening,29,0.5918367346938775
HH_roleplay_mail,CO:Help,CL:Empathy,0,0.0
HH_roleplay_mail,CO:Help,CL:Clarify,0,0.0
HH_roleplay_mail,CO:Help,CL:Objectives,0,0.0
HH_roleplay_mail,CO:Help,CL:Motivation,0,0.0
HH_roleplay_mail,CO:Help,CL:Resources,0,0.0
HH_roleplay_mail,CO:Help,CL:Help,0,0.0
HH_roleplay_mail,CO:Help,CL:Closing,0,0.0
HH_roleplay_mail,CO:Help,CL:Other,5,0.10204081632653061
HH_roleplay_mail,CO:Help,CO:Opening,3,0.061224489795918366
HH_roleplay_mail,CO:Help,CO:Moderation,2,0.04081632653061224
HH_roleplay_mail,CO:Help,CO:Clarify,0,0.0
HH_roleplay_mail,CO:Help,CO:Objectives,0,0.0
HH_roleplay_mail,CO:Help,CO:Motivation,1,0.02040816326530612
HH_roleplay_mail,CO:Help,CO:Resources,0,0.0
HH_roleplay_mail,CO:Help,CO:Help,7,0.14285714285714285
HH_roleplay_mail,CO:Help,CO:Closing,1,0.02040816326530612
HH_roleplay_mail,CO:Help,CO:Other,1,0.02040816326530612
HH_roleplay_mail,CO:Closing,CL:Opening,8,0.2962962962962963
HH_roleplay_mail,CO:Closing,CL:Empathy,0,0.0
HH_roleplay_mail,CO:Closing,CL:Clarify,0,0.0
HH_roleplay_mail,CO:Closing,CL:Objectives,0,0.0
HH_roleplay_mail,CO:Closing,CL:Motivation,0,0.0
HH_roleplay_mail,CO:Closing,CL:Resources,0,0.0
HH_roleplay_mail,CO:Closing,CL:Help,0,0.0
HH_roleplay_mail,CO:Closing,CL:Closing,0,0.0
HH_roleplay_mail,CO:Closing,CL:Other,0,0.0
HH_roleplay_mail,CO:Closing,CO:Opening,7,0.25925925925925924
HH_roleplay_mail,CO:Closing,CO:Moderation,3,0.1111111111111111
HH_roleplay_mail,CO:Closing,CO:Clarify,5,0.18518518518518517
HH_roleplay_mail,CO:Closing,CO:Objectives,0,0.0
HH_roleplay_mail,CO:Closing,CO:Motivation,2,0.07407407407407407
HH_roleplay_mail,CO:Closing,CO:Resources,0,0.0
HH_roleplay_mail,CO:Closing,CO:Help,0,0.0
HH_roleplay_mail,CO:Closing,CO:Closing,1,0.037037037037037035
HH_roleplay_mail,CO:Closing,CO:Other,1,0.037037037037037035
HH_roleplay_mail,CO:Other,CL:Opening,1,0.017241379310344827
HH_roleplay_mail,CO:Other,CL:Empathy,1,0.017241379310344827
HH_roleplay_mail,CO:Other,CL:Clarify,0,0.0
HH_roleplay_mail,CO:Other,CL:Objectives,0,0.0
HH_roleplay_mail,CO:Other,CL:Motivation,0,0.0
HH_roleplay_mail,CO:Other,CL:Resources,0,0.0
HH_roleplay_mail,CO:Other,CL:Help,0,0.0
HH_roleplay_mail,CO:Other,CL:Closing,0,0.0
HH_roleplay_mail,CO:Other,CL:Other,0,0.0
HH_roleplay_mail,CO:Other,CO:Opening,45,0.7758620689655172
HH_roleplay_mail,CO:Other,CO:Moderation,0,0.0
HH_roleplay_mail,CO:Other,CO:Clarify,2,0.034482758620689655
HH_roleplay_mail,CO:Other,CO:Objectives,0,0.0
HH_roleplay_mail,CO:Other,CO:Motivation,6,0.10344827586206896
HH_roleplay_mail,CO:Other,CO:Resources,0,0.0
HH_roleplay_mail,CO:Other,CO:Help,2,0.034482758620689655
HH_roleplay_mail,CO:Other,CO:Closing,0,0.0
HH_roleplay_mail,CO:Other,CO:Other,1,0.017241379310344827
HH_real_mail,CL:Opening,CL:Opening,25,0.10775862068965517
HH_real_mail,CL:Opening,CL:Empathy,3,0.01293103448275862
HH_real_mail,CL:Opening,CL:Clarify,113,0.4870689655172414
HH_real_mail,CL:Opening,CL:Objectives,10,0.04310344827586207
HH_real_mail,CL:Opening,CL:Motivation,1,0.004310344827586207
HH_real_mail,CL:Opening,CL:Resources,3,0.01293103448275862
HH_real_mail,CL:Opening,CL:Help,61,0.2629310344827586
HH_real_mail,CL:Opening,CL:Closing,7,0.03017241379310345
HH_real_mail,CL:Opening,CL:Other,9,0.03879310344827586
HH_real_mail,CL:Opening,CO:Opening,0,0.0
HH_real_mail,CL:Opening,CO:Moderation,0,0.0
HH_real_mail,CL:Opening,CO:Clarify,0,0.0
HH_real_mail,CL:Opening,CO:Objectives,0,0.0
HH_real_mail,CL:Opening,CO:Motivation,0,0.0
HH_real_mail,CL:Opening,CO:Resources,0,0.0
HH_real_mail,CL:Opening,CO:Help,0,0.0
HH_real_mail,CL:Opening,CO:Closing,0,0.0
HH_real_mail,CL:Opening,CO:Other,0,0.0
HH_real_mail,CL:Empathy,CL:Opening,0,0.0
HH_real_mail,CL:Empathy,CL:Empathy,0,0.0
HH_real_mail,CL:Empathy,CL:Clarify,0,0.0
HH_real_mail,CL:Empathy,CL:Objectives,0,0.0
HH_real_mail,CL:Empathy,CL:Motivation,1,0.2
HH_real_mail,CL:Empathy,CL:Resources,0,0.0
HH_real_mail,CL:Empathy,CL:Help,0,0.0
HH_real_mail,CL:Empathy,CL:Closing,0,0.0
HH_real_mail,CL:Empathy,CL:Other,0,0.0
HH_real_mail,CL:Empathy,CO:Opening,4,0.8
HH_real_mail,CL:Empathy,CO:Moderation,0,0.0
HH_real_mail,CL:Empathy,CO:Clarify,0,0.0
HH_real_mail,CL:Empathy,CO:Objectives,0,0.0
HH_real_mail,CL:Empathy,CO:Motivation,0,0.0
HH_real_mail,CL:Empathy,CO:Resources,0,0.0
HH_real_mail,CL:Empathy,CO:Help,0,0.0
HH_real_mail,CL:Empathy,CO:Closing,0,0.0
HH_real_mail,CL:Empathy,CO:Other,0,0.0
HH_real_mail,CL:Clarify,CL:Opening,2,0.010416666666666666
HH_real_mail,CL:Clarify,CL:Empathy,0,0.0
HH_real_mail,CL:Clarify,CL:Clarify,29,0.15104166666666666
HH_real_mail,CL:Clarify,CL:Objectives,0,0.0
HH_real_mail,CL:Clarify,CL:Motivation,0,0.0
HH_real_mail,CL:Clarify,CL:Resources,0,0.0
HH_real_mail,CL:Clarify,CL:Help,1,0.005208333333333333
HH_real_mail,CL:Clarify,CL:Closing,4,0.020833333333333332
HH_real_mail,CL:Clarify,CL:Other,6,0.03125
HH_real_mail,CL:Clarify,CO:Opening,87,0.453125
HH_real_mail,CL:Clarify,CO:Moderation,3,0.015625
HH_real_mail,CL:Clarify,CO:Clarify,9,0.046875
HH_real_mail,CL:Clarify,CO:Objectives,2,0.010416666666666666
HH_real_mail,CL:Clarify,CO:Motivation,0,0.0
HH_real_mail,CL:Clarify,CO:Resources,0,0.0
HH_real_mail,CL:Clarify,CO:Help,0,0.0
HH_real_mail,CL:Clarify,CO:Closing,2,0.010416666666666666
HH_real_mail,CL:Clarify,CO:Other,47,0.24479166666666666
HH_real_mail,CL:Objectives,CL:Opening,1,0.058823529411764705
HH_real_mail,CL:Objectives,CL:Empathy,0,0.0
HH_real_mail,CL:Objectives,CL:Clarify,6,0.35294117647058826
HH_real_mail,CL:Objectives,CL:Objectives,0,0.0
HH_real_mail,CL:Objectives,CL:Motivation,1,0.058823529411764705
HH_real_mail,CL:Objectives,CL:Resources,0,0.0
HH_real_mail,CL:Objectives,CL:Help,0,0.0
HH_real_mail,CL:Objectives,CL:Closing,0,0.0
HH_real_mail,CL:Objectives,CL:Other,0,0.0
HH_real_mail,CL:Objectives,CO:Opening,8,0.47058823529411764
HH_real_mail,CL:Objectives,CO:Moderation,0,0.0
HH_real_mail,CL:Objectives,CO:Clarify,0,0.0
HH_real_mail,CL:Objectives,CO:Objectives,0,0.0
HH_real_mail,CL:Objectives,CO:Motivation,0,0.0
HH_real_mail,CL:Objectives,CO:Resources,0,0.0
HH_real_mail,CL:Objectives,CO:Help,0,0.0
HH_real_mail,CL:Objectives,CO:Closing,0,0.0
HH_real_mail,CL:Objectives,CO:Other,1,0.058823529411764705
HH_real_mail,CL:Motivation,CL:Opening,0,0.0
HH_real_mail,CL:Motivation,CL:Empathy,0,0.0
HH_real_mail,CL:Motivation,CL:Clarify,1,0.125
HH_real_mail,CL:Motivation,CL:Objectives,0,0.0
HH_real_mail,CL:Motivation,CL:Motivation,0,0.0
HH_real_mail,CL:Motivation,CL:Resources,0,0.0
HH_real_mail,CL:Motivation,CL:Help,0,0.0
HH_real_mail,CL:Motivation,CL:Closing,0,0.0
HH_real_mail,CL:Motivation,CL:Other,0,0.0
HH_real_mail,CL:Motivation,CO:Opening,6,0.75
HH_real_mail,CL:Motivation,CO:Moderation,0,0.0
HH_real_mail,CL:Motivation,CO:Clarify,0,0.0
HH_real_mail,CL:Motivation,CO:Objectives,0,0.0
HH_real_mail,CL:Motivation,CO:Motivation,0,0.0
HH_real_mail,CL:Motivation,CO:Resources,0,0.0
HH_real_mail,CL:Motivation,CO:Help,0,0.0
HH_real_mail,CL:Motivation,CO:Closing,0,0.0
HH_real_mail,CL:Motivation,CO:Other,1,0.125
HH_real_mail,CL:Resources,CL:Opening,0,0.0
HH_real_mail,CL:Resources,CL:Empathy,0,0.0
HH_real_mail,CL:Resources,CL:Clarify,1,0.2
HH_real_mail,CL:Resources,CL:Objectives,0,0.0
HH_real_mail,CL:Resources,CL:Motivation,0,0.0
HH_real_mail,CL:Resources,CL:Resources,0,0.0
HH_real_mail,CL:Resources,CL:Help,0,0.0
HH_real_mail,CL:Resources,CL:Closing,0,0.0
HH_real_mail,CL:Resources,CL:Other,0,0.0
HH_real_mail,CL:Resources,CO:Opening,4,0.8
HH_real_mail,CL:Resources,CO:Moderation,0,0.0
HH_real_mail,CL:Resources,CO:Clarify,0,0.0
HH_real_mail,CL:Resources,CO:Objectives,0,0.0
HH_real_mail,CL:Resources,CO:Motivation,0,0.0
HH_real_mail,CL:Resources,CO:Resources,0,0.0
HH_real_mail,CL:Resources,CO:Help,0,0.0
HH_real_mail,CL:Resources,CO:Closing,0,0.0
HH_real_mail,CL:Resources,CO:Other,0,0.0
HH_real_mail,CL:Help,CL:Opening,1,0.01282051282051282
HH_real_mail,CL:Help,CL:Empathy,2,0.02564102564102564
HH_real_mail,CL:Help,CL:Clarify,25,0.32051282051282054
HH_real_mail,CL:Help,CL:Objectives,2,0.02564102564102564
HH_real_mail,CL:Help,CL:Motivation,2,0.02564102564102564
HH_real_mail,CL:Help,CL:Resources,1,0.01282051282051282
HH_real_mail,CL:Help,CL:Help,10,0.1282051282051282
HH_real_mail,CL:Help,CL:Closing,4,0.05128205128205128
HH_real_mail,CL:Help,CL:Other,2,0.02564102564102564
HH_real_mail,CL:Help,CO:Opening,22,0.28205128205128205
HH_real_mail,CL:Help,CO:Moderation,0,0.0
HH_real_mail,CL:Help,CO:Clarify,0,0.0
HH_real_mail,CL:Help,CO:Objectives,0,0.0
HH_real_mail,CL:Help,CO:Motivation,0,0.0
HH_real_mail,CL:Help,CO:Resources,0,0.0
HH_real_mail,CL:Help,CO:Help,0,0.0
HH_real_mail,CL:Help,CO:Closing,0,0.0
HH_real_mail,CL:Help,CO:Other,7,0.08974358974358974
HH_real_mail,CL:Closing,CL:Opening,1,0.05263157894736842
HH_real_mail,CL:Closing,CL:Empathy,0,0.0
HH_real_mail,CL:Closing,CL:Clarify,0,0.0
HH_real_mail,CL:Closing,CL:Objectives,1,0.05263157894736842
HH_real_mail,CL:Closing,CL:Motivation,0,0.0
HH_real_mail,CL:Closing,CL:Resources,0,0.0
HH_real_mail,CL:Closing,CL:Help,2,0.10526315789473684
HH_real_mail,CL:Closing,CL:Closing,1,0.05263157894736842
HH_real_mail,CL:Closing,CL:Other,0,0.0
HH_real_mail,CL:Closing,CO:Opening,11,0.5789473684210527
HH_real_mail,CL:Closing,CO:Moderation,0,0.0
HH_real_mail,CL:Closing,CO:Clarify,0,0.0
HH_real_mail,CL:Closing,CO:Objectives,0,0.0
HH_real_mail,CL:Closing,CO:Motivation,0,0.0
HH_real_mail,CL:Closing,CO:Resources,0,0.0
HH_real_mail,CL:Closing,CO:Help,0,0.0
HH_real_mail,CL:Closing,CO:Closing,2,0.10526315789473684
HH_real_mail,CL:Closing,CO:Other,1,0.05263157894736842
HH_real_mail,CL:Other,CL:Opening,24,0.5333333333333333
HH_real_mail,CL:Other,CL:Empathy,0,0.0
HH_real_mail,CL:Other,CL:Clarify,8,0.17777777777777778
HH_real_mail,CL:Other,CL:Objectives,4,0.08888888888888889
HH_real_mail,CL:Other,CL:Motivation,2,0.044444444444444446
HH_real_mail,CL:Other,CL:Resources,0,0.0
HH_real_mail,CL:Other,CL:Help,2,0.044444444444444446
HH_real_mail,CL:Other,CL:Closing,0,0.0
HH_real_mail,CL:Other,CL:Other,1,0.022222222222222223
HH_real_mail,CL:Other,CO:Opening,3,0.06666666666666667
HH_real_mail,CL:Other,CO:Moderation,0,0.0
HH_real_mail,CL:Other,CO:Clarify,0,0.0
HH_real_mail,CL:Other,CO:Objectives,0,0.0
HH_real_mail,CL:Other,CO:Motivation,0,0.0
HH_real_mail,CL:Other,CO:Resources,0,0.0
HH_real_mail,CL:Other,CO:Help,0,0.0
HH_real_mail,CL:Other,CO:Closing,0,0.0
HH_real_mail,CL:Other,CO:Other,1,0.022222222222222223
HH_real_mail,CO:Opening,CL:Opening,5,0.014577259475218658
HH_real_mail,CO:Opening,CL:Empathy,0,0.0
HH_real_mail,CO:Opening,CL:Clarify,17,0.04956268221574344
HH_real_mail,CO:Opening,CL:Objectives,0,0.0
HH_real_mail,CO:Opening,CL:Motivation,0,0.0
HH_real_mail,CO:Opening,CL:Resources,0,0.0
HH_real_mail,CO:Opening,CL:Help,0,0.0
HH_real_mail,CO:Opening,CL:Closing,0,0.0
HH_real_mail,CO:Opening,CL:Other,1,0.0029154518950437317
HH_real_mail,CO:Opening,CO:Opening,55,0.16034985422740525
HH_real_mail,CO:Opening,CO:Moderation,49,0.14285714285714285
HH_real_mail,CO:Opening,CO:Clarify,98,0.2857142857142857
HH_real_mail,CO:Opening,CO:Objectives,1,0.0029154518950437317
HH_real_mail,CO:Opening,CO:Motivation,61,0.17784256559766765
HH_real_mail,CO:Opening,CO:Resources,2,0.0058309037900874635
HH_real_mail,CO:Opening,CO:Help,6,0.01749271137026239
HH_real_mail,CO:Opening,CO:Closing,41,0.119533527696793
HH_real_mail,CO:Opening,CO:Other,7,0.02040816326530612
HH_real_mail,CO:Moderation,CL:Opening,22,0.39285714285714285
HH_real_mail,CO:Moderation,CL:Empathy,0,0.0
HH_real_mail,CO:Moderation,CL:Clarify,1,0.017857142857142856
HH_real_mail,CO:Moderation,CL:Objectives,0,0.0
HH_real_mail,CO:Moderation,CL:Motivation,0,0.0
HH_real_mail,CO:Moderation,CL:Resources,0,0.0
HH_real_mail,CO:Moderation,CL:Help,0,0.0
HH_real_mail,CO:Moderation,CL:Closing,2,0.03571428571428571
HH_real_mail,CO:Moderation,CL:Other,0,0.0
HH_real_mail,CO:Moderation,CO:Opening,13,0.23214285714285715
HH_real_mail,CO:Moderation,CO:Moderation,10,0.17857142857142858
HH_real_mail,CO:Moderation,CO:Clarify,3,0.05357142857142857
HH_real_mail,CO:Moderation,CO:Objectives,0,0.0
HH_real_mail,CO:Moderation,CO:Motivation,0,0.0
HH_real_mail,CO:Moderation,CO:Resources,0,0.0
HH_real_mail,CO:Moderation,CO:Help,0,0.0
HH_real_mail,CO:Moderation,CO:Closing,1,0.017857142857142856
HH_real_mail,CO:Moderation,CO:Other,4,0.07142857142857142
HH_real_mail,CO:Clarify,CL:Opening,53,0.4732142857142857
HH_real_mail,CO:Clarify,CL:Empathy,0,0.0
HH_real_mail,CO:Clarify,CL:Clarify,0,0.0
HH_real_mail,CO:Clarify,CL:Objectives,0,0.0
HH_real_mail,CO:Clarify,CL:Motivation,0,0.0
HH_real_mail,CO:Clarify,CL:Resources,1,0.008928571428571428
HH_real_mail,CO:Clarify,CL:Help,1,0.008928571428571428
HH_real_mail,CO:Clarify,CL:Closing,0,0.0
HH_real_mail,CO:Clarify,CL:Other,7,0.0625
HH_real_mail,CO:Clarify,CO:Opening,24,0.21428571428571427
HH_real_mail,CO:Clarify,CO:Moderation,5,0.044642857142857144
HH_real_mail,CO:Clarify,CO:Clarify,3,0.026785714285714284
HH_real_mail,CO:Clarify,CO:Objectives,0,0.0
HH_real_mail,CO:Clarify,CO:Motivation,0,0.0
HH_real_mail,CO:Clarify,CO:Resources,0,0.0
HH_real_mail,CO:Clarify,CO:Help,0,0.0
HH_real_mail,CO:Clarify,CO:Closing,9,0.08035714285714286
HH_real_mail,CO:Clarify,CO:Other,9,0.08035714285714286
HH_real_mail,CO:Objectives,CL:Opening,1,1.0
HH_real_mail,CO:Objectives,CL:Empathy,0,0.0
HH_real_mail,CO:Objectives,CL:Clarify,0,0.0
HH_real_mail,CO:Objectives,CL:Objectives,0,0.0
HH_real_mail,CO:Objectives,CL:Motivation,0,0.0
HH_real_mail,CO:Objectives,CL:Resources,0,0.0
HH_real_mail,CO:Objectives,CL:Help,0,0.0
HH_real_mail,CO:Objectives,CL:Closing,0,0.0
HH_real_mail,CO:Objectives,CL:Other,0,0.0
HH_real_mail,CO:Objectives,CO:Opening,0,0.0
HH_real_mail,CO:Objectives,CO:Moderation,0,0.0
HH_real_mail,CO:Objectives,CO:Clarify,0,0.0
HH_real_mail,CO:Objectives,CO:Objectives,0,0.0
HH_real_mail,CO:Objectives,CO:Motivation,0,0.0
HH_real_mail,CO:Objectives,CO:Resources,0,0.0
HH_real_mail,CO:Objectives,CO:Help,0,0.0
HH_real_mail,CO:Objectives,CO:Closing,0,0.0
HH_real_mail,CO:Objectives,CO:Other,0,0.0
HH_real_mail,CO:Motivation,CL:Opening,8,0.125
HH_real_mail,CO:Motivation,CL:Empathy,0,0.0
HH_real_mail,CO:Motivation,CL:Clarify,0,0.0
HH_real_mail,CO:Motivation,CL:Objectives,0,0.0
HH_real_mail,CO:Motivation,CL:Motivation,0,0.0
HH_real_mail,CO:Motivation,CL:Resources,0,0.0
HH_real_mail,CO:Motivation,CL:Help,1,0.015625
HH_real_mail,CO:Motivation,CL:Closing,0,0.0
HH_real_mail,CO:Motivation,CL:Other,1,0.015625
HH_real_mail,CO:Motivation,CO:Opening,7,0.109375
HH_real_mail,CO:Motivation,CO:Moderation,4,0.0625
HH_real_mail,CO:Motivation,CO:Clarify,19,0.296875
HH_real_mail,CO:Motivation,CO:Objectives,0,0.0
HH_real_mail,CO:Motivation,CO:Motivation,7,0.109375
HH_real_mail,CO:Motivation,CO:Resources,3,0.046875
HH_real_mail,CO:Motivation,CO:Help,4,0.0625
HH_real_mail,CO:Motivation,CO:Closing,7,0.109375
HH_real_mail,CO:Motivation,CO:Other,3,0.046875
HH_real_mail,CO:Resources,CL:Opening,0,0.0
HH_real_mail,CO:Resources,CL:Empathy,0,0.0
HH_real_mail,CO:Resources,CL:Clarify,0,0.0
HH_real_mail,CO:Resources,CL:Objectives,0,0.0
HH_real_mail,CO:Resources,CL:Motivation,0,0.0
HH_real_mail,CO:Resources,CL:Resources,0,0.0
HH_real_mail,CO:Resources,CL:Help,0,0.0
HH_real_mail,CO:Resources,CL:Closing,1,0.2
HH_real_mail,CO:Resources,CL:Other,0,0.0
HH_real_mail,CO:Resources,CO:Opening,1,0.2
HH_real_mail,CO:Resources,CO:Moderation,0,0.0
HH_real_mail,CO:Resources,CO:Clarify,0,0.0
HH_real_mail,CO:Resources,CO:Objectives,0,0.0
HH_real_mail,CO:Resources,CO:Motivation,0,0.0
HH_real_mail,CO:Resources,CO:Resources,0,0.0
HH_real_mail,CO:Resources,CO:Help,0,0.0
HH_real_mail,CO:Resources,CO:Closing,1,0.2
HH_real_mail,CO:Resources,CO:Other,2,0.4
HH_real_mail,CO:Help,CL:Opening,3,0.3333333333333333
HH_real_mail,CO:Help,CL:Empathy,0,0.0
HH_real_mail,CO:Help,CL:Clarify,0,0.0
HH_real_mail,CO:Help,CL:Objectives,0,0.0
HH_real_mail,CO:Help,CL:Motivation,0,0.0
HH_real_mail,CO:Help,CL:Resources,0,0.0
HH_real_mail,CO:Help,CL:Help,0,0.0
HH_real_mail,CO:Help,CL:Closing,0,0.0
HH_real_mail,CO:Help,CL:Other,1,0.1111111111111111
HH_real_mail,CO:Help,CO:Opening,2,0.2222222222222222
HH_real_mail,CO:Help,CO:Moderation,0,0.0
HH_real_mail,CO:Help,CO:Clarify,1,0.1111111111111111
HH_real_mail,CO:Help,CO:Objectives,0,0.0
HH_real_mail,CO:Help,CO:Motivation,0,0.0
HH_real_mail,CO:Help,CO:Resources,0,0.0
HH_real_mail,CO:Help,CO:Help,0,0.0
HH_real_mail,CO:Help,CO:Closing,2,0.2222222222222222
HH_real_mail,CO:Help,CO:Other,0,0.0
HH_real_mail,CO:Closing,CL:Opening,10,0.2564102564102564
HH_real_mail,CO:Closing,CL:Empathy,0,0.0
HH_real_mail,CO:Closing,CL:Clarify,0,0.0
HH_real_mail,CO:Closing,CL:Objectives,0,0.0
HH_real_mail,CO:Closing,CL:Motivation,1,0.02564102564102564
HH_real_mail,CO:Closing,CL:Resources,0,0.0
HH_real_mail,CO:Closing,CL:Help,2,0.05128205128205128
HH_real_mail,CO:Closing,CL:Closing,1,0.02564102564102564
HH_real_mail,CO:Closing,CL:Other,0,0.0
HH_real_mail,CO:Closing,CO:Opening,9,0.23076923076923078
HH_real_mail,CO:Closing,CO:Moderation,6,0.15384615384615385
HH_real_mail,CO:Closing,CO:Clarify,1,0.02564102564102564
HH_real_mail,CO:Closing,CO:Objectives,0,0.0
HH_real_mail,CO:Closing,CO:Motivation,0,0.0
HH_real_mail,CO:Closing,CO:Resources,1,0.02564102564102564
HH_real_mail,CO:Closing,CO:Help,1,0.02564102564102564
HH_real_mail,CO:Closing,CO:Closing,5,0.1282051282051282
HH_real_mail,CO:Closing,CO:Other,2,0.05128205128205128
HH_real_mail,CO:Other,CL:Opening,0,0.0
HH_real_mail,CO:Other,CL:Empathy,0,0.0
HH_real_mail,CO:Other,CL:Clarify,0,0.0
HH_real_mail,CO:Other,CL:Objectives,0,0.0
HH_real_mail,CO:Other,CL:Motivation,0,0.0
HH_real_mail,CO:Other,CL:Resources,0,0.0
HH_real_mail,CO:Other,CL:Help,1,0.011494252873563218
HH_real_mail,CO:Other,CL:Closing,0,0.0
HH_real_mail,CO:Other,CL:Other,1,0.011494252873563218
HH_real_mail,CO:Other,CO:Opening,81,0.9310344827586207
HH_real_mail,CO:Other,CO:Moderation,0,0.0
HH_real_mail,CO:Other,CO:Clarify,1,0.011494252873563218
HH_real_mail,CO:Other,CO:Objectives,0,0.0
HH_real_mail,CO:Other,CO:Motivation,0,0.0
HH_real_mail,CO:Other,CO:Resources,0,0.0
HH_real_mail,CO:Other,CO:Help,2,0.022988505747126436
HH_real_mail,CO:Other,CO:Closing,1,0.011494252873563218
HH_real_mail,CO:Other,CO:Other,0,0.0
HH_CAIA_mail,CL:Opening,CL:Opening,10,0.0641025641025641
HH_CAIA_mail,CL:Opening,CL:Empathy,2,0.01282051282051282
HH_CAIA_mail,CL:Opening,CL:Clarify,44,0.28205128205128205
HH_CAIA_mail,CL:Opening,CL:Objectives,7,0.04487179487179487
HH_CAIA_mail,CL:Opening,CL:Motivation,2,0.01282051282051282
HH_CAIA_mail,CL:Opening,CL:Resources,3,0.019230769230769232
HH_CAIA_mail,CL:Opening,CL:Help,33,0.21153846153846154
HH_CAIA_mail,CL:Opening,CL:Closing,0,0.0
HH_CAIA_mail,CL:Opening,CL:Other,50,0.32051282051282054
HH_CAIA_mail,CL:Opening,CO:Opening,5,0.03205128205128205
HH_CAIA_mail,CL:Opening,CO:Moderation,0,0.0
HH_CAIA_mail,CL:Opening,CO:Clarify,0,0.0
HH_CAIA_mail,CL:Opening,CO:Objectives,0,0.0
HH_CAIA_mail,CL:Opening,CO:Motivation,0,0.0
HH_CAIA_mail,CL:Opening,CO:Resources,0,0.0
HH_CAIA_mail,CL:Opening,CO:Help,0,0.0
HH_CAIA_mail,CL:Opening,CO:Closing,0,0.0
HH_CAIA_mail,CL:Opening,CO:Other,0,0.0
HH_CAIA_mail,CL:Empathy,CL:Opening,0,0.0
HH_CAIA_mail,CL:Empathy,CL:Empathy,0,0.0
HH_CAIA_mail,CL:Empathy,CL:Clarify,1,0.14285714285714285
HH_CAIA_mail,CL:Empathy,CL:Objectives,0,0.0
HH_CAIA_mail,CL:Empathy,CL:Motivation,0,0.0
HH_CAIA_mail,CL:Empathy,CL:Resources,0,0.0
HH_CAIA_mail,CL:Empathy,CL:Help,0,0.0
HH_CAIA_mail,CL:Empathy,CL:Closing,0,0.0
HH_CAIA_mail,CL:Empathy,CL:Other,0,0.0
HH_CAIA_mail,CL:Empathy,CO:Opening,5,0.7142857142857143
HH_CAIA_mail,CL:Empathy,CO:Moderation,0,0.0
HH_CAIA_mail,CL:Empathy,CO:Clarify,0,0.0
HH_CAIA_mail,CL:Empathy,CO:Objectives,0,0.0
HH_CAIA_mail,CL:Empathy,CO:Motivation,0,0.0
HH_CAIA_mail,CL:Empathy,CO:Resources,0,0.0
HH_CAIA_mail,CL:Empathy,CO:Help,0,0.0
HH_CAIA_mail,CL:Empathy,CO:Closing,0,0.0
HH_CAIA_mail,CL:Empathy,CO:Other,1,0.14285714285714285
HH_CAIA_mail,CL:Clarify,CL:Opening,6,0.046511627906976744
HH_CAIA_mail,CL:Clarify,CL:Empathy,0,0.0
HH_CAIA_mail,CL:Clarify,CL:Clarify,24,0.18604651162790697
HH_CAIA_mail,CL:Clarify,CL:Objectives,1,0.007751937984496124
HH_CAIA_mail,CL:Clarify,CL:Motivation,0,0.0
HH_CAIA_mail,CL:Clarify,CL:Resources,0,0.0
HH_CAIA_mail,CL:Clarify,CL:Help,0,0.0
HH_CAIA_mail,CL:Clarify,CL:Closing,1,0.007751937984496124
HH_CAIA_mail,CL:Clarify,CL:Other,3,0.023255813953488372
HH_CAIA_mail,CL:Clarify,CO:Opening,82,0.6356589147286822
HH_CAIA_mail,CL:Clarify,CO:Moderation,0,0.0
HH_CAIA_mail,CL:Clarify,CO:Clarify,3,0.023255813953488372
HH_CAIA_mail,CL:Clarify,CO:Objectives,0,0.0
HH_CAIA_mail,CL:Clarify,CO:Motivation,0,0.0
HH_CAIA_mail,CL:Clarify,CO:Resources,0,0.0
HH_CAIA_mail,CL:Clarify,CO:Help,3,0.023255813953488372
HH_CAIA_mail,CL:Clarify,CO:Closing,2,0.015503875968992248
HH_CAIA_mail,CL:Clarify,CO:Other,4,0.031007751937984496
HH_CAIA_mail,CL:Objectives,CL:Opening,0,0.0
HH_CAIA_mail,CL:Objectives,CL:Empathy,1,0.07142857142857142
HH_CAIA_mail,CL:Objectives,CL:Clarify,5,0.35714285714285715
HH_CAIA_mail,CL:Objectives,CL:Objectives,0,0.0
HH_CAIA_mail,CL:Objectives,CL:Motivation,0,0.0
HH_CAIA_mail,CL:Objectives,CL:Resources,0,0.0
HH_CAIA_mail,CL:Objectives,CL:Help,1,0.07142857142857142
HH_CAIA_mail,CL:Objectives,CL:Closing,0,0.0
HH_CAIA_mail,CL:Objectives,CL:Other,0,0.0
HH_CAIA_mail,CL:Objectives,CO:Opening,6,0.42857142857142855
HH_CAIA_mail,CL:Objectives,CO:Moderation,0,0.0
HH_CAIA_mail,CL:Objectives,CO:Clarify,0,0.0
HH_CAIA_mail,CL:Objectives,CO:Objectives,0,0.0
HH_CAIA_mail,CL:Objectives,CO:Motivation,0,0.0
HH_CAIA_mail,CL:Objectives,CO:Resources,0,0.0
HH_CAIA_mail,CL:Objectives,CO:Help,1,0.07142857142857142
HH_CAIA_mail,CL:Objectives,CO:Closing,0,0.0
HH_CAIA_mail,CL:Objectives,CO:Other,0,0.0
HH_CAIA_mail,CL:Motivation,CL:Opening,0,0.0
HH_CAIA_mail,CL:Motivation,CL:Empathy,1,0.1111111111111111
HH_CAIA_mail,CL:Motivation,CL:Clarify,1,0.1111111111111111
HH_CAIA_mail,CL:Motivation,CL:Objectives,0,0.0
HH_CAIA_mail,CL:Motivation,CL:Motivation,0,0.0
HH_CAIA_mail,CL:Motivation,CL:Resources,0,0.0
HH_CAIA_mail,CL:Motivation,CL:Help,0,0.0
HH_CAIA_mail,CL:Motivation,CL:Closing,0,0.0
HH_CAIA_mail,CL:Motivation,CL:Other,0,0.0
HH_CAIA_mail,CL:Motivation,CO:Opening,6,0.6666666666666666
HH_CAIA_mail,CL:Motivation,CO:Moderation,0,0.0
HH_CAIA_mail,CL:Motivation,CO:Clarify,0,0.0
HH_CAIA_mail,CL:Motivation,CO:Objectives,0,0.0
HH_CAIA_mail,CL:Motivation,CO:Motivation,0,0.0
HH_CAIA_mail,CL:Motivation,CO:Resources,0,0.0
HH_CAIA_mail,CL:Motivation,CO:Help,1,0.1111111111111111
HH_CAIA_mail,CL:Motivation,CO:Closing,0,0.0
HH_CAIA_mail,CL:Motivation,CO:Other,0,0.0
HH_CAIA_mail,CL:Resources,CL:Opening,0,0.0
HH_CAIA_mail,CL:Resources,CL:Empathy,0,0.0
HH_CAIA_mail,CL:Resources,CL:Clarify,2,0.4
HH_CAIA_mail,CL:Resources,CL:Objectives,0,0.0
HH_CAIA_mail,CL:Resources,CL:Motivation,0,0.0
HH_CAIA_mail,CL:Resources,CL:Resources,0,0.0
HH_CAIA_mail,CL:Resources,CL:Help,0,0.0
HH_CAIA_mail,CL:Resources,CL:Closing,0,0.0
HH_CAIA_mail,CL:Resources,CL:Other,0,0.0
HH_CAIA_mail,CL:Resources,CO:Opening,3,0.6
HH_CAIA_mail,CL:Resources,CO:Moderation,0,0.0
HH_CAIA_mail,CL:Resources,CO:Clarify,0,0.0
HH_CAIA_mail,CL:Resources,CO:Objectives,0,0.0
HH_CAIA_mail,CL:Resources,CO:Motivation,0,0.0
HH_CAIA_mail,CL:Resources,CO:Resources,0,0.0
HH_CAIA_mail,CL:Resources,CO:Help,0,0.0
HH_CAIA_mail,CL:Resources,CO:Closing,0,0.0
HH_CAIA_mail,CL:Resources,CO:Other,0,0.0
HH_CAIA_mail,CL:Help,CL:Opening,0,0.0
HH_CAIA_mail,CL:Help,CL:Empathy,3,0.05555555555555555
HH_CAIA_mail,CL:Help,CL:Clarify,10,0.18518518518518517
HH_CAIA_mail,CL:Help,CL:Objectives,5,0.09259259259259259
HH_CAIA_mail,CL:Help,CL:Motivation,5,0.09259259259259259
HH_CAIA_mail,CL:Help,CL:Resources,1,0.018518518518518517
HH_CAIA_mail,CL:Help,CL:Help,6,0.1111111111111111
HH_CAIA_mail,CL:Help,CL:Closing,0,0.0
HH_CAIA_mail,CL:Help,CL:Other,4,0.07407407407407407
HH_CAIA_mail,CL:Help,CO:Opening,15,0.2777777777777778
HH_CAIA_mail,CL:Help,CO:Moderation,0,0.0
HH_CAIA_mail,CL:Help,CO:Clarify,0,0.0
HH_CAIA_mail,CL:Help,CO:Objectives,0,0.0
HH_CAIA_mail,CL:Help,CO:Motivation,0,0.0
HH_CAIA_mail,CL:Help,CO:Resources,0,0.0
HH_CAIA_mail,CL:Help,CO:Help,0,0.0
HH_CAIA_mail,CL:Help,CO:Closing,1,0.018518518518518517
HH_CAIA_mail,CL:Help,CO:Other,4,0.07407407407407407
HH_CAIA_mail,CL:Closing,CL:Opening,0,0.0
HH_CAIA_mail,CL:Closing,CL:Empathy,0,0.0
HH_CAIA_mail,CL:Closing,CL:Clarify,0,0.0
HH_CAIA_mail,CL:Closing,CL:Objectives,0,0.0
HH_CAIA_mail,CL:Closing,CL:Motivation,0,0.0
HH_CAIA_mail,CL:Closing,CL:Resources,0,0.0
HH_CAIA_mail,CL:Closing,CL:Help,1,1.0
HH_CAIA_mail,CL:Closing,CL:Closing,0,0.0
HH_CAIA_mail,CL:Closing,CL:Other,0,0.0
HH_CAIA_mail,CL:Closing,CO:Opening,0,0.0
HH_CAIA_mail,CL:Closing,CO:Moderation,0,0.0
HH_CAIA_mail,CL:Closing,CO:Clarify,0,0.0
HH_CAIA_mail,CL:Closing,CO:Objectives,0,0.0
HH_CAIA_mail,CL:Closing,CO:Motivation,0,0.0
HH_CAIA_mail,CL:Closing,CO:Resources,0,0.0
HH_CAIA_mail,CL:Closing,CO:Help,0,0.0
HH_CAIA_mail,CL:Closing,CO:Closing,0,0.0
HH_CAIA_mail,CL:Closing,CO:Other,0,0.0
HH_CAIA_mail,CL:Other,CL:Opening,7,0.0958904109589041
HH_CAIA_mail,CL:Other,CL:Empathy,0,0.0
HH_CAIA_mail,CL:Other,CL:Clarify,38,0.5205479452054794
HH_CAIA_mail,CL:Other,CL:Objectives,3,0.0410958904109589
HH_CAIA_mail,CL:Other,CL:Motivation,3,0.0410958904109589
HH_CAIA_mail,CL:Other,CL:Resources,0,0.0
HH_CAIA_mail,CL:Other,CL:Help,15,0.2054794520547945
HH_CAIA_mail,CL:Other,CL:Closing,1,0.0136986301369863
HH_CAIA_mail,CL:Other,CL:Other,5,0.0684931506849315
HH_CAIA_mail,CL:Other,CO:Opening,0,0.0
HH_CAIA_mail,CL:Other,CO:Moderation,0,0.0
HH_CAIA_mail,CL:Other,CO:Clarify,0,0.0
HH_CAIA_mail,CL:Other,CO:Objectives,0,0.0
HH_CAIA_mail,CL:Other,CO:Motivation,0,0.0
HH_CAIA_mail,CL:Other,CO:Resources,0,0.0
HH_CAIA_mail,CL:Other,CO:Help,0,0.0
HH_CAIA_mail,CL:Other,CO:Closing,0,0.0
HH_CAIA_mail,CL:Other,CO:Other,1,0.0136986301369863
HH_CAIA_mail,CO:Opening,CL:Opening,5,0.03333333333333333
HH_CAIA_mail,CO:Opening,CL:Empathy,0,0.0
HH_CAIA_mail,CO:Opening,CL:Clarify,0,0.0
HH_CAIA_mail,CO:Opening,CL:Objectives,0,0.0
HH_CAIA_mail,CO:Opening,CL:Motivation,0,0.0
HH_CAIA_mail,CO:Opening,CL:Resources,0,0.0
HH_CAIA_mail,CO:Opening,CL:Help,0,0.0
HH_CAIA_mail,CO:Opening,CL:Closing,0,0.0
HH_CAIA_mail,CO:Opening,CL:Other,1,0.006666666666666667
HH_CAIA_mail,CO:Opening,CO:Opening,15,0.1
HH_CAIA_mail,CO:Opening,CO:Moderation,47,0.31333333333333335
HH_CAIA_mail,CO:Opening,CO:Clarify,40,0.26666666666666666
HH_CAIA_mail,CO:Opening,CO:Objectives,0,0.0
HH_CAIA_mail,CO:Opening,CO:Motivation,30,0.2
HH_CAIA_mail,CO:Opening,CO:Resources,3,0.02
HH_CAIA_mail,CO:Opening,CO:Help,3,0.02
HH_CAIA_mail,CO:Opening,CO:Closing,6,0.04
HH_CAIA_mail,CO:Opening,CO:Other,0,0.0
HH_CAIA_mail,CO:Moderation,CL:Opening,14,0.2413793103448276
HH_CAIA_mail,CO:Moderation,CL:Empathy,0,0.0
HH_CAIA_mail,CO:Moderation,CL:Clarify,0,0.0
HH_CAIA_mail,CO:Moderation,CL:Objectives,0,0.0
HH_CAIA_mail,CO:Moderation,CL:Motivation,0,0.0
HH_CAIA_mail,CO:Moderation,CL:Resources,0,0.0
HH_CAIA_mail,CO:Moderation,CL:Help,0,0.0
HH_CAIA_mail,CO:Moderation,CL:Closing,0,0.0
HH_CAIA_mail,CO:Moderation,CL:Other,0,0.0
HH_CAIA_mail,CO:Moderation,CO:Opening,5,0.08620689655172414
HH_CAIA_mail,CO:Moderation,CO:Moderation,4,0.06896551724137931
HH_CAIA_mail,CO:Moderation,CO:Clarify,15,0.25862068965517243
HH_CAIA_mail,CO:Moderation,CO:Objectives,0,0.0
HH_CAIA_mail,CO:Moderation,CO:Motivation,9,0.15517241379310345
HH_CAIA_mail,CO:Moderation,CO:Resources,3,0.05172413793103448
HH_CAIA_mail,CO:Moderation,CO:Help,6,0.10344827586206896
HH_CAIA_mail,CO:Moderation,CO:Closing,2,0.034482758620689655
HH_CAIA_mail,CO:Moderation,CO:Other,0,0.0
HH_CAIA_mail,CO:Clarify,CL:Opening,55,0.6790123456790124
HH_CAIA_mail,CO:Clarify,CL:Empathy,0,0.0
HH_CAIA_mail,CO:Clarify,CL:Clarify,8,0.09876543209876543
HH_CAIA_mail,CO:Clarify,CL:Objectives,0,0.0
HH_CAIA_mail,CO:Clarify,CL:Motivation,1,0.012345679012345678
HH_CAIA_mail,CO:Clarify,CL:Resources,1,0.012345679012345678
HH_CAIA_mail,CO:Clarify,CL:Help,2,0.024691358024691357
HH_CAIA_mail,CO:Clarify,CL:Closing,0,0.0
HH_CAIA_mail,CO:Clarify,CL:Other,7,0.08641975308641975
HH_CAIA_mail,CO:Clarify,CO:Opening,0,0.0
HH_CAIA_mail,CO:Clarify,CO:Moderation,1,0.012345679012345678
HH_CAIA_mail,CO:Clarify,CO:Clarify,5,0.06172839506172839
HH_CAIA_mail,CO:Clarify,CO:Objectives,0,0.0
HH_CAIA_mail,CO:Clarify,CO:Motivation,0,0.0
HH_CAIA_mail,CO:Clarify,CO:Resources,0,0.0
HH_CAIA_mail,CO:Clarify,CO:Help,0,0.0
HH_CAIA_mail,CO:Clarify,CO:Closing,1,0.012345679012345678
HH_CAIA_mail,CO:Clarify,CO:Other,0,0.0
HH_CAIA_mail,CO:Objectives,CL:Opening,0,0.0
HH_CAIA_mail,CO:Objectives,CL:Empathy,0,0.0
HH_CAIA_mail,CO:Objectives,CL:Clarify,0,0.0
HH_CAIA_mail,CO:Objectives,CL:Objectives,0,0.0
HH_CAIA_mail,CO:Objectives,CL:Motivation,0,0.0
HH_CAIA_mail,CO:Objectives,CL:Resources,0,0.0
HH_CAIA_mail,CO:Objectives,CL:Help,0,0.0
HH_CAIA_mail,CO:Objectives,CL:Closing,0,0.0
HH_CAIA_mail,CO:Objectives,CL:Other,0,0.0
HH_CAIA_mail,CO:Objectives,CO:Opening,0,0.0
HH_CAIA_mail,CO:Objectives,CO:Moderation,0,0.0
HH_CAIA_mail,CO:Objectives,CO:Clarify,0,0.0
HH_CAIA_mail,CO:Objectives,CO:Objectives,0,0.0
HH_CAIA_mail,CO:Objectives,CO:Motivation,0,0.0
HH_CAIA_mail,CO:Objectives,CO:Resources,0,0.0
HH_CAIA_mail,CO:Objectives,CO:Help,0,0.0
HH_CAIA_mail,CO:Objectives,CO:Closing,0,0.0
HH_CAIA_mail,CO:Objectives,CO:Other,0,0.0
HH_CAIA_mail,CO:Motivation,CL:Opening,9,0.23076923076923078
HH_CAIA_mail,CO:Motivation,CL:Empathy,0,0.0
HH_CAIA_mail,CO:Motivation,CL:Clarify,0,0.0
HH_CAIA_mail,CO:Motivation,CL:Objectives,0,0.0
HH_CAIA_mail,CO:Motivation,CL:Motivation,0,0.0
HH_CAIA_mail,CO:Motivation,CL:Resources,0,0.0
HH_CAIA_mail,CO:Motivation,CL:Help,0,0.0
HH_CAIA_mail,CO:Motivation,CL:Closing,0,0.0
HH_CAIA_mail,CO:Motivation,CL:Other,2,0.05128205128205128
HH_CAIA_mail,CO:Motivation,CO:Opening,0,0.0
HH_CAIA_mail,CO:Motivation,CO:Moderation,3,0.07692307692307693
HH_CAIA_mail,CO:Motivation,CO:Clarify,16,0.41025641025641024
HH_CAIA_mail,CO:Motivation,CO:Objectives,0,0.0
HH_CAIA_mail,CO:Motivation,CO:Motivation,4,0.10256410256410256
HH_CAIA_mail,CO:Motivation,CO:Resources,2,0.05128205128205128
HH_CAIA_mail,CO:Motivation,CO:Help,3,0.07692307692307693
HH_CAIA_mail,CO:Motivation,CO:Closing,0,0.0
HH_CAIA_mail,CO:Motivation,CO:Other,0,0.0
HH_CAIA_mail,CO:Resources,CL:Opening,5,0.7142857142857143
HH_CAIA_mail,CO:Resources,CL:Empathy,0,0.0
HH_CAIA_mail,CO:Resources,CL:Clarify,0,0.0
HH_CAIA_mail,CO:Resources,CL:Objectives,0,0.0
HH_CAIA_mail,CO:Resources,CL:Motivation,0,0.0
HH_CAIA_mail,CO:Resources,CL:Resources,1,0.14285714285714285
HH_CAIA_mail,CO:Resources,CL:Help,0,0.0
HH_CAIA_mail,CO:Resources,CL:Closing,0,0.0
HH_CAIA_mail,CO:Resources,CL:Other,0,0.0
HH_CAIA_mail,CO:Resources,CO:Opening,0,0.0
HH_CAIA_mail,CO:Resources,CO:Moderation,0,0.0
HH_CAIA_mail,CO:Resources,CO:Clarify,1,0.14285714285714285
HH_CAIA_mail,CO:Resources,CO:Objectives,0,0.0
HH_CAIA_mail,CO:Resources,CO:Motivation,0,0.0
HH_CAIA_mail,CO:Resources,CO:Resources,0,0.0
HH_CAIA_mail,CO:Resources,CO:Help,0,0.0
HH_CAIA_mail,CO:Resources,CO:Closing,0,0.0
HH_CAIA_mail,CO:Resources,CO:Other,0,0.0
HH_CAIA_mail,CO:Help,CL:Opening,13,0.7222222222222222
HH_CAIA_mail,CO:Help,CL:Empathy,0,0.0
HH_CAIA_mail,CO:Help,CL:Clarify,0,0.0
HH_CAIA_mail,CO:Help,CL:Objectives,0,0.0
HH_CAIA_mail,CO:Help,CL:Motivation,0,0.0
HH_CAIA_mail,CO:Help,CL:Resources,0,0.0
HH_CAIA_mail,CO:Help,CL:Help,1,0.05555555555555555
HH_CAIA_mail,CO:Help,CL:Closing,0,0.0
HH_CAIA_mail,CO:Help,CL:Other,1,0.05555555555555555
HH_CAIA_mail,CO:Help,CO:Opening,0,0.0
HH_CAIA_mail,CO:Help,CO:Moderation,1,0.05555555555555555
HH_CAIA_mail,CO:Help,CO:Clarify,1,0.05555555555555555
HH_CAIA_mail,CO:Help,CO:Objectives,0,0.0
HH_CAIA_mail,CO:Help,CO:Motivation,0,0.0
HH_CAIA_mail,CO:Help,CO:Resources,0,0.0
HH_CAIA_mail,CO:Help,CO:Help,1,0.05555555555555555
HH_CAIA_mail,CO:Help,CO:Closing,0,0.0
HH_CAIA_mail,CO:Help,CO:Other,0,0.0
HH_CAIA_mail,CO:Closing,CL:Opening,1,0.1111111111111111
HH_CAIA_mail,CO:Closing,CL:Empathy,0,0.0
HH_CAIA_mail,CO:Closing,CL:Clarify,0,0.0
HH_CAIA_mail,CO:Closing,CL:Objectives,0,0.0
HH_CAIA_mail,CO:Closing,CL:Motivation,0,0.0
HH_CAIA_mail,CO:Closing,CL:Resources,0,0.0
HH_CAIA_mail,CO:Closing,CL:Help,0,0.0
HH_CAIA_mail,CO:Closing,CL:Closing,0,0.0
HH_CAIA_mail,CO:Closing,CL:Other,0,0.0
HH_CAIA_mail,CO:Closing,CO:Opening,1,0.1111111111111111
HH_CAIA_mail,CO:Closing,CO:Moderation,1,0.1111111111111111
HH_CAIA_mail,CO:Closing,CO:Clarify,2,0.2222222222222222
HH_CAIA_mail,CO:Closing,CO:Objectives,0,0.0
HH_CAIA_mail,CO:Closing,CO:Motivation,1,0.1111111111111111
HH_CAIA_mail,CO:Closing,CO:Resources,0,0.0
HH_CAIA_mail,CO:Closing,CO:Help,0,0.0
HH_CAIA_mail,CO:Closing,CO:Closing,2,0.2222222222222222
HH_CAIA_mail,CO:Closing,CO:Other,1,0.1111111111111111
HH_CAIA_mail,CO:Other,CL:Opening,0,0.0
HH_CAIA_mail,CO:Other,CL:Empathy,0,0.0
HH_CAIA_mail,CO:Other,CL:Clarify,0,0.0
HH_CAIA_mail,CO:Other,CL:Objectives,0,0.0
HH_CAIA_mail,CO:Other,CL:Motivation,0,0.0
HH_CAIA_mail,CO:Other,CL:Resources,0,0.0
HH_CAIA_mail,CO:Other,CL:Help,0,0.0
HH_CAIA_mail,CO:Other,CL:Closing,0,0.0
HH_CAIA_mail,CO:Other,CL:Other,0,0.0
HH_CAIA_mail,CO:Other,CO:Opening,8,0.6153846153846154
HH_CAIA_mail,CO:Other,CO:Moderation,1,0.07692307692307693
HH_CAIA_mail,CO:Other,CO:Clarify,1,0.07692307692307693
HH_CAIA_mail,CO:Other,CO:Objectives,0,0.0
HH_CAIA_mail,CO:Other,CO:Motivation,0,0.0
HH_CAIA_mail,CO:Other,CO:Resources,0,0.0
HH_CAIA_mail,CO:Other,CO:Help,1,0.07692307692307693
HH_CAIA_mail,CO:Other,CO:Closing,0,0.0
HH_CAIA_mail,CO:Other,CO:Other,2,0.15384615384615385
HH_real_chat,CL:Opening,CL:Opening,9,0.075
HH_real_chat,CL:Opening,CL:Empathy,0,0.0
HH_real_chat,CL:Opening,CL:Clarify,23,0.19166666666666668
HH_real_chat,CL:Opening,CL:Objectives,3,0.025
HH_real_chat,CL:Opening,CL:Motivation,2,0.016666666666666666
HH_real_chat,CL:Opening,CL:Resources,0,0.0
HH_real_chat,CL:Opening,CL:Help,6,0.05
HH_real_chat,CL:Opening,CL:Closing,1,0.008333333333333333
HH_real_chat,CL:Opening,CL:Other,27,0.225
HH_real_chat,CL:Opening,CO:Opening,33,0.275
HH_real_chat,CL:Opening,CO:Moderation,4,0.03333333333333333
HH_real_chat,CL:Opening,CO:Clarify,9,0.075
HH_real_chat,CL:Opening,CO:Objectives,0,0.0
HH_real_chat,CL:Opening,CO:Motivation,1,0.008333333333333333
HH_real_chat,CL:Opening,CO:Resources,0,0.0
HH_real_chat,CL:Opening,CO:Help,1,0.008333333333333333
HH_real_chat,CL:Opening,CO:Closing,1,0.008333333333333333
HH_real_chat,CL:Opening,CO:Other,0,0.0
HH_real_chat,CL:Empathy,CL:Opening,0,0.0
HH_real_chat,CL:Empathy,CL:Empathy,0,0.0
HH_real_chat,CL:Empathy,CL:Clarify,4,0.11428571428571428
HH_real_chat,CL:Empathy,CL:Objectives,0,0.0
HH_real_chat,CL:Empathy,CL:Motivation,0,0.0
HH_real_chat,CL:Empathy,CL:Resources,0,0.0
HH_real_chat,CL:Empathy,CL:Help,2,0.05714285714285714
HH_real_chat,CL:Empathy,CL:Closing,1,0.02857142857142857
HH_real_chat,CL:Empathy,CL:Other,4,0.11428571428571428
HH_real_chat,CL:Empathy,CO:Opening,2,0.05714285714285714
HH_real_chat,CL:Empathy,CO:Moderation,1,0.02857142857142857
HH_real_chat,CL:Empathy,CO:Clarify,14,0.4
HH_real_chat,CL:Empathy,CO:Objectives,0,0.0
HH_real_chat,CL:Empathy,CO:Motivation,0,0.0
HH_real_chat,CL:Empathy,CO:Resources,0,0.0
HH_real_chat,CL:Empathy,CO:Help,4,0.11428571428571428
HH_real_chat,CL:Empathy,CO:Closing,0,0.0
HH_real_chat,CL:Empathy,CO:Other,3,0.08571428571428572
HH_real_chat,CL:Clarify,CL:Opening,4,0.003177124702144559
HH_real_chat,CL:Clarify,CL:Empathy,8,0.006354249404289118
HH_real_chat,CL:Clarify,CL:Clarify,198,0.1572676727561557
HH_real_chat,CL:Clarify,CL:Objectives,19,0.015091342335186657
HH_real_chat,CL:Clarify,CL:Motivation,16,0.012708498808578236
HH_real_chat,CL:Clarify,CL:Resources,10,0.007942811755361398
HH_real_chat,CL:Clarify,CL:Help,35,0.02779984114376489
HH_real_chat,CL:Clarify,CL:Closing,7,0.005559968228752979
HH_real_chat,CL:Clarify,CL:Other,117,0.09293089753772836
HH_real_chat,CL:Clarify,CO:Opening,45,0.035742652899126294
HH_real_chat,CL:Clarify,CO:Moderation,80,0.06354249404289118
HH_real_chat,CL:Clarify,CO:Clarify,344,0.2732327243844321
HH_real_chat,CL:Clarify,CO:Objectives,23,0.018268467037331215
HH_real_chat,CL:Clarify,CO:Motivation,46,0.03653693407466243
HH_real_chat,CL:Clarify,CO:Resources,25,0.019857029388403495
HH_real_chat,CL:Clarify,CO:Help,78,0.061953931691818905
HH_real_chat,CL:Clarify,CO:Closing,10,0.007942811755361398
HH_real_chat,CL:Clarify,CO:Other,194,0.15409054805401112
HH_real_chat,CL:Objectives,CL:Opening,0,0.0
HH_real_chat,CL:Objectives,CL:Empathy,0,0.0
HH_real_chat,CL:Objectives,CL:Clarify,14,0.15730337078651685
HH_real_chat,CL:Objectives,CL:Objectives,2,0.02247191011235955
HH_real_chat,CL:Objectives,CL:Motivation,2,0.02247191011235955
HH_real_chat,CL:Objectives,CL:Resources,0,0.0
HH_real_chat,CL:Objectives,CL:Help,3,0.033707865168539325
HH_real_chat,CL:Objectives,CL:Closing,0,0.0
HH_real_chat,CL:Objectives,CL:Other,3,0.033707865168539325
HH_real_chat,CL:Objectives,CO:Opening,4,0.0449438202247191
HH_real_chat,CL:Objectives,CO:Moderation,9,0.10112359550561797
HH_real_chat,CL:Objectives,CO:Clarify,21,0.23595505617977527
HH_real_chat,CL:Objectives,CO:Objectives,0,0.0
HH_real_chat,CL:Objectives,CO:Motivation,5,0.056179775280898875
HH_real_chat,CL:Objectives,CO:Resources,3,0.033707865168539325
HH_real_chat,CL:Objectives,CO:Help,3,0.033707865168539325
HH_real_chat,CL:Objectives,CO:Closing,1,0.011235955056179775
HH_real_chat,CL:Objectives,CO:Other,19,0.21348314606741572
HH_real_chat,CL:Motivation,CL:Opening,0,0.0
HH_real_chat,CL:Motivation,CL:Empathy,0,0.0
HH_real_chat,CL:Motivation,CL:Clarify,9,0.08737864077669903
HH_real_chat,CL:Motivation,CL:Objectives,1,0.009708737864077669
HH_real_chat,CL:Motivation,CL:Motivation,1,0.009708737864077669
HH_real_chat,CL:Motivation,CL:Resources,0,0.0
HH_real_chat,CL:Motivation,CL:Help,3,0.02912621359223301
HH_real_chat,CL:Motivation,CL:Closing,0,0.0
HH_real_chat,CL:Motivation,CL:Other,3,0.02912621359223301
HH_real_chat,CL:Motivation,CO:Opening,0,0.0
HH_real_chat,CL:Motivation,CO:Moderation,4,0.038834951456310676
HH_real_chat,CL:Motivation,CO:Clarify,25,0.24271844660194175
HH_real_chat,CL:Motivation,CO:Objectives,3,0.02912621359223301
HH_real_chat,CL:Motivation,CO:Motivation,3,0.02912621359223301
HH_real_chat,CL:Motivation,CO:Resources,2,0.019417475728155338
HH_real_chat,CL:Motivation,CO:Help,17,0.1650485436893204
HH_real_chat,CL:Motivation,CO:Closing,2,0.019417475728155338
HH_real_chat,CL:Motivation,CO:Other,30,0.2912621359223301
HH_real_chat,CL:Resources,CL:Opening,0,0.0
HH_real_chat,CL:Resources,CL:Empathy,0,0.0
HH_real_chat,CL:Resources,CL:Clarify,2,0.07142857142857142
HH_real_chat,CL:Resources,CL:Objectives,1,0.03571428571428571
HH_real_chat,CL:Resources,CL:Motivation,0,0.0
HH_real_chat,CL:Resources,CL:Resources,0,0.0
HH_real_chat,CL:Resources,CL:Help,0,0.0
HH_real_chat,CL:Resources,CL:Closing,0,0.0
HH_real_chat,CL:Resources,CL:Other,1,0.03571428571428571
HH_real_chat,CL:Resources,CO:Opening,1,0.03571428571428571
HH_real_chat,CL:Resources,CO:Moderation,1,0.03571428571428571
HH_real_chat,CL:Resources,CO:Clarify,9,0.32142857142857145
HH_real_chat,CL:Resources,CO:Objectives,0,0.0
HH_real_chat,CL:Resources,CO:Motivation,2,0.07142857142857142
HH_real_chat,CL:Resources,CO:Resources,1,0.03571428571428571
HH_real_chat,CL:Resources,CO:Help,2,0.07142857142857142
HH_real_chat,CL:Resources,CO:Closing,0,0.0
HH_real_chat,CL:Resources,CO:Other,8,0.2857142857142857
HH_real_chat,CL:Help,CL:Opening,1,0.004166666666666667
HH_real_chat,CL:Help,CL:Empathy,2,0.008333333333333333
HH_real_chat,CL:Help,CL:Clarify,31,0.12916666666666668
HH_real_chat,CL:Help,CL:Objectives,4,0.016666666666666666
HH_real_chat,CL:Help,CL:Motivation,3,0.0125
HH_real_chat,CL:Help,CL:Resources,1,0.004166666666666667
HH_real_chat,CL:Help,CL:Help,9,0.0375
HH_real_chat,CL:Help,CL:Closing,9,0.0375
HH_real_chat,CL:Help,CL:Other,24,0.1
HH_real_chat,CL:Help,CO:Opening,9,0.0375
HH_real_chat,CL:Help,CO:Moderation,16,0.06666666666666667
HH_real_chat,CL:Help,CO:Clarify,42,0.175
HH_real_chat,CL:Help,CO:Objectives,2,0.008333333333333333
HH_real_chat,CL:Help,CO:Motivation,7,0.029166666666666667
HH_real_chat,CL:Help,CO:Resources,7,0.029166666666666667
HH_real_chat,CL:Help,CO:Help,17,0.07083333333333333
HH_real_chat,CL:Help,CO:Closing,6,0.025
HH_real_chat,CL:Help,CO:Other,50,0.20833333333333334
HH_real_chat,CL:Closing,CL:Opening,1,0.025
HH_real_chat,CL:Closing,CL:Empathy,0,0.0
HH_real_chat,CL:Closing,CL:Clarify,2,0.05
HH_real_chat,CL:Closing,CL:Objectives,0,0.0
HH_real_chat,CL:Closing,CL:Motivation,0,0.0
HH_real_chat,CL:Closing,CL:Resources,0,0.0
HH_real_chat,CL:Closing,CL:Help,1,0.025
HH_real_chat,CL:Closing,CL:Closing,1,0.025
HH_real_chat,CL:Closing,CL:Other,6,0.15
HH_real_chat,CL:Closing,CO:Opening,7,0.175
HH_real_chat,CL:Closing,CO:Moderation,1,0.025
HH_real_chat,CL:Closing,CO:Clarify,3,0.075
HH_real_chat,CL:Closing,CO:Objectives,0,0.0
HH_real_chat,CL:Closing,CO:Motivation,3,0.075
HH_real_chat,CL:Closing,CO:Resources,1,0.025
HH_real_chat,CL:Closing,CO:Help,5,0.125
HH_real_chat,CL:Closing,CO:Closing,6,0.15
HH_real_chat,CL:Closing,CO:Other,3,0.075
HH_real_chat,CL:Other,CL:Opening,7,0.011111111111111112
HH_real_chat,CL:Other,CL:Empathy,4,0.006349206349206349
HH_real_chat,CL:Other,CL:Clarify,154,0.24444444444444444
HH_real_chat,CL:Other,CL:Objectives,11,0.01746031746031746
HH_real_chat,CL:Other,CL:Motivation,15,0.023809523809523808
HH_real_chat,CL:Other,CL:Resources,3,0.004761904761904762
HH_real_chat,CL:Other,CL:Help,19,0.03015873015873016
HH_real_chat,CL:Other,CL:Closing,4,0.006349206349206349
HH_real_chat,CL:Other,CL:Other,143,0.22698412698412698
HH_real_chat,CL:Other,CO:Opening,22,0.03492063492063492
HH_real_chat,CL:Other,CO:Moderation,41,0.06507936507936508
HH_real_chat,CL:Other,CO:Clarify,95,0.15079365079365079
HH_real_chat,CL:Other,CO:Objectives,4,0.006349206349206349
HH_real_chat,CL:Other,CO:Motivation,11,0.01746031746031746
HH_real_chat,CL:Other,CO:Resources,4,0.006349206349206349
HH_real_chat,CL:Other,CO:Help,15,0.023809523809523808
HH_real_chat,CL:Other,CO:Closing,11,0.01746031746031746
HH_real_chat,CL:Other,CO:Other,67,0.10634920634920635
HH_real_chat,CO:Opening,CL:Opening,23,0.11004784688995216
HH_real_chat,CO:Opening,CL:Empathy,0,0.0
HH_real_chat,CO:Opening,CL:Clarify,33,0.15789473684210525
HH_real_chat,CO:Opening,CL:Objectives,1,0.004784688995215311
HH_real_chat,CO:Opening,CL:Motivation,3,0.014354066985645933
HH_real_chat,CO:Opening,CL:Resources,0,0.0
HH_real_chat,CO:Opening,CL:Help,6,0.028708133971291867
HH_real_chat,CO:Opening,CL:Closing,1,0.004784688995215311
HH_real_chat,CO:Opening,CL:Other,14,0.06698564593301436
HH_real_chat,CO:Opening,CO:Opening,33,0.15789473684210525
HH_real_chat,CO:Opening,CO:Moderation,26,0.12440191387559808
HH_real_chat,CO:Opening,CO:Clarify,43,0.20574162679425836
HH_real_chat,CO:Opening,CO:Objectives,0,0.0
HH_real_chat,CO:Opening,CO:Motivation,5,0.023923444976076555
HH_real_chat,CO:Opening,CO:Resources,1,0.004784688995215311
HH_real_chat,CO:Opening,CO:Help,4,0.019138755980861243
HH_real_chat,CO:Opening,CO:Closing,6,0.028708133971291867
HH_real_chat,CO:Opening,CO:Other,10,0.04784688995215311
HH_real_chat,CO:Moderation,CL:Opening,5,0.019011406844106463
HH_real_chat,CO:Moderation,CL:Empathy,1,0.0038022813688212928
HH_real_chat,CO:Moderation,CL:Clarify,64,0.24334600760456274
HH_real_chat,CO:Moderation,CL:Objectives,2,0.0076045627376425855
HH_real_chat,CO:Moderation,CL:Motivation,3,0.011406844106463879
HH_real_chat,CO:Moderation,CL:Resources,0,0.0
HH_real_chat,CO:Moderation,CL:Help,20,0.07604562737642585
HH_real_chat,CO:Moderation,CL:Closing,1,0.0038022813688212928
HH_real_chat,CO:Moderation,CL:Other,64,0.24334600760456274
HH_real_chat,CO:Moderation,CO:Opening,12,0.045627376425855515
HH_real_chat,CO:Moderation,CO:Moderation,16,0.060836501901140684
HH_real_chat,CO:Moderation,CO:Clarify,36,0.13688212927756654
HH_real_chat,CO:Moderation,CO:Objectives,1,0.0038022813688212928
HH_real_chat,CO:Moderation,CO:Motivation,3,0.011406844106463879
HH_real_chat,CO:Moderation,CO:Resources,2,0.0076045627376425855
HH_real_chat,CO:Moderation,CO:Help,10,0.03802281368821293
HH_real_chat,CO:Moderation,CO:Closing,3,0.011406844106463879
HH_real_chat,CO:Moderation,CO:Other,20,0.07604562737642585
HH_real_chat,CO:Clarify,CL:Opening,14,0.01611047180667434
HH_real_chat,CO:Clarify,CL:Empathy,11,0.012658227848101266
HH_real_chat,CO:Clarify,CL:Clarify,467,0.5373993095512083
HH_real_chat,CO:Clarify,CL:Objectives,32,0.03682393555811277
HH_real_chat,CO:Clarify,CL:Motivation,38,0.04372842347525892
HH_real_chat,CO:Clarify,CL:Resources,7,0.00805523590333717
HH_real_chat,CO:Clarify,CL:Help,41,0.047180667433831994
HH_real_chat,CO:Clarify,CL:Closing,6,0.006904487917146145
HH_real_chat,CO:Clarify,CL:Other,133,0.15304948216340622
HH_real_chat,CO:Clarify,CO:Opening,4,0.004602991944764097
HH_real_chat,CO:Clarify,CO:Moderation,9,0.010356731875719217
HH_real_chat,CO:Clarify,CO:Clarify,75,0.08630609896432681
HH_real_chat,CO:Clarify,CO:Objectives,4,0.004602991944764097
HH_real_chat,CO:Clarify,CO:Motivation,2,0.0023014959723820483
HH_real_chat,CO:Clarify,CO:Resources,2,0.0023014959723820483
HH_real_chat,CO:Clarify,CO:Help,7,0.00805523590333717
HH_real_chat,CO:Clarify,CO:Closing,2,0.0023014959723820483
HH_real_chat,CO:Clarify,CO:Other,15,0.01726121979286536
HH_real_chat,CO:Objectives,CL:Opening,0,0.0
HH_real_chat,CO:Objectives,CL:Empathy,0,0.0
HH_real_chat,CO:Objectives,CL:Clarify,22,0.4489795918367347
HH_real_chat,CO:Objectives,CL:Objectives,1,0.02040816326530612
HH_real_chat,CO:Objectives,CL:Motivation,3,0.061224489795918366
HH_real_chat,CO:Objectives,CL:Resources,0,0.0
HH_real_chat,CO:Objectives,CL:Help,6,0.12244897959183673
HH_real_chat,CO:Objectives,CL:Closing,0,0.0
HH_real_chat,CO:Objectives,CL:Other,6,0.12244897959183673
HH_real_chat,CO:Objectives,CO:Opening,0,0.0
HH_real_chat,CO:Objectives,CO:Moderation,1,0.02040816326530612
HH_real_chat,CO:Objectives,CO:Clarify,7,0.14285714285714285
HH_real_chat,CO:Objectives,CO:Objectives,1,0.02040816326530612
HH_real_chat,CO:Objectives,CO:Motivation,1,0.02040816326530612
HH_real_chat,CO:Objectives,CO:Resources,1,0.02040816326530612
HH_real_chat,CO:Objectives,CO:Help,0,0.0
HH_real_chat,CO:Objectives,CO:Closing,0,0.0
HH_real_chat,CO:Objectives,CO:Other,0,0.0
HH_real_chat,CO:Motivation,CL:Opening,0,0.0
HH_real_chat,CO:Motivation,CL:Empathy,1,0.008849557522123894
HH_real_chat,CO:Motivation,CL:Clarify,35,0.30973451327433627
HH_real_chat,CO:Motivation,CL:Objectives,3,0.02654867256637168
HH_real_chat,CO:Motivation,CL:Motivation,5,0.04424778761061947
HH_real_chat,CO:Motivation,CL:Resources,0,0.0
HH_real_chat,CO:Motivation,CL:Help,17,0.1504424778761062
HH_real_chat,CO:Motivation,CL:Closing,0,0.0
HH_real_chat,CO:Motivation,CL:Other,23,0.20353982300884957
HH_real_chat,CO:Motivation,CO:Opening,3,0.02654867256637168
HH_real_chat,CO:Motivation,CO:Moderation,6,0.05309734513274336
HH_real_chat,CO:Motivation,CO:Clarify,4,0.035398230088495575
HH_real_chat,CO:Motivation,CO:Objectives,0,0.0
HH_real_chat,CO:Motivation,CO:Motivation,2,0.017699115044247787
HH_real_chat,CO:Motivation,CO:Resources,1,0.008849557522123894
HH_real_chat,CO:Motivation,CO:Help,4,0.035398230088495575
HH_real_chat,CO:Motivation,CO:Closing,4,0.035398230088495575
HH_real_chat,CO:Motivation,CO:Other,5,0.04424778761061947
HH_real_chat,CO:Resources,CL:Opening,0,0.0
HH_real_chat,CO:Resources,CL:Empathy,1,0.017241379310344827
HH_real_chat,CO:Resources,CL:Clarify,28,0.4827586206896552
HH_real_chat,CO:Resources,CL:Objectives,4,0.06896551724137931
HH_real_chat,CO:Resources,CL:Motivation,2,0.034482758620689655
HH_real_chat,CO:Resources,CL:Resources,2,0.034482758620689655
HH_real_chat,CO:Resources,CL:Help,9,0.15517241379310345
HH_real_chat,CO:Resources,CL:Closing,1,0.017241379310344827
HH_real_chat,CO:Resources,CL:Other,8,0.13793103448275862
HH_real_chat,CO:Resources,CO:Opening,0,0.0
HH_real_chat,CO:Resources,CO:Moderation,2,0.034482758620689655
HH_real_chat,CO:Resources,CO:Clarify,0,0.0
HH_real_chat,CO:Resources,CO:Objectives,0,0.0
HH_real_chat,CO:Resources,CO:Motivation,0,0.0
HH_real_chat,CO:Resources,CO:Resources,0,0.0
HH_real_chat,CO:Resources,CO:Help,1,0.017241379310344827
HH_real_chat,CO:Resources,CO:Closing,0,0.0
HH_real_chat,CO:Resources,CO:Other,0,0.0
HH_real_chat,CO:Help,CL:Opening,1,0.005050505050505051
HH_real_chat,CO:Help,CL:Empathy,3,0.015151515151515152
HH_real_chat,CO:Help,CL:Clarify,76,0.3838383838383838
HH_real_chat,CO:Help,CL:Objectives,2,0.010101010101010102
HH_real_chat,CO:Help,CL:Motivation,4,0.020202020202020204
HH_real_chat,CO:Help,CL:Resources,2,0.010101010101010102
HH_real_chat,CO:Help,CL:Help,33,0.16666666666666666
HH_real_chat,CO:Help,CL:Closing,1,0.005050505050505051
HH_real_chat,CO:Help,CL:Other,31,0.15656565656565657
HH_real_chat,CO:Help,CO:Opening,4,0.020202020202020204
HH_real_chat,CO:Help,CO:Moderation,5,0.025252525252525252
HH_real_chat,CO:Help,CO:Clarify,12,0.06060606060606061
HH_real_chat,CO:Help,CO:Objectives,1,0.005050505050505051
HH_real_chat,CO:Help,CO:Motivation,4,0.020202020202020204
HH_real_chat,CO:Help,CO:Resources,2,0.010101010101010102
HH_real_chat,CO:Help,CO:Help,6,0.030303030303030304
HH_real_chat,CO:Help,CO:Closing,2,0.010101010101010102
HH_real_chat,CO:Help,CO:Other,9,0.045454545454545456
HH_real_chat,CO:Closing,CL:Opening,1,0.0136986301369863
HH_real_chat,CO:Closing,CL:Empathy,0,0.0
HH_real_chat,CO:Closing,CL:Clarify,7,0.0958904109589041
HH_real_chat,CO:Closing,CL:Objectives,0,0.0
HH_real_chat,CO:Closing,CL:Motivation,0,0.0
HH_real_chat,CO:Closing,CL:Resources,1,0.0136986301369863
HH_real_chat,CO:Closing,CL:Help,13,0.1780821917808219
HH_real_chat,CO:Closing,CL:Closing,5,0.0684931506849315
HH_real_chat,CO:Closing,CL:Other,12,0.1643835616438356
HH_real_chat,CO:Closing,CO:Opening,7,0.0958904109589041
HH_real_chat,CO:Closing,CO:Moderation,9,0.1232876712328767
HH_real_chat,CO:Closing,CO:Clarify,5,0.0684931506849315
HH_real_chat,CO:Closing,CO:Objectives,0,0.0
HH_real_chat,CO:Closing,CO:Motivation,2,0.0273972602739726
HH_real_chat,CO:Closing,CO:Resources,1,0.0136986301369863
HH_real_chat,CO:Closing,CO:Help,3,0.0410958904109589
HH_real_chat,CO:Closing,CO:Closing,3,0.0410958904109589
HH_real_chat,CO:Closing,CO:Other,4,0.0547945205479452
HH_real_chat,CO:Other,CL:Opening,6,0.012048192771084338
HH_real_chat,CO:Other,CL:Empathy,4,0.008032128514056224
HH_real_chat,CO:Other,CL:Clarify,98,0.19678714859437751
HH_real_chat,CO:Other,CL:Objectives,5,0.010040160642570281
HH_real_chat,CO:Other,CL:Motivation,6,0.012048192771084338
HH_real_chat,CO:Other,CL:Resources,2,0.004016064257028112
HH_real_chat,CO:Other,CL:Help,18,0.03614457831325301
HH_real_chat,CO:Other,CL:Closing,2,0.004016064257028112
HH_real_chat,CO:Other,CL:Other,48,0.0963855421686747
HH_real_chat,CO:Other,CO:Opening,23,0.04618473895582329
HH_real_chat,CO:Other,CO:Moderation,32,0.0642570281124498
HH_real_chat,CO:Other,CO:Clarify,125,0.25100401606425704
HH_real_chat,CO:Other,CO:Objectives,10,0.020080321285140562
HH_real_chat,CO:Other,CO:Motivation,16,0.0321285140562249
HH_real_chat,CO:Other,CO:Resources,5,0.010040160642570281
HH_real_chat,CO:Other,CO:Help,21,0.04216867469879518
HH_real_chat,CO:Other,CO:Closing,16,0.0321285140562249
HH_real_chat,CO:Other,CO:Other,61,0.12248995983935743
